transaction_id,customer_id,amount,transaction_hour,location_change,device_change,transaction_frequency,average_customer_amount,merchant_category,previous_risk_events,is_fraud
TXN100001,C1654,3965.87,3,0,0,1,4220.46,grocery,0,1
TXN100002,C1759,12718.26,8,0,1,2,9004.22,electronics,0,0
TXN100003,C1228,734.28,4,0,0,1,478.77,jewelry,0,0
TXN100004,C1104,2510.76,21,0,0,1,1918.63,jewelry,0,0
TXN100005,C1913,1716.92,17,0,0,1,1957.75,grocery,0,0
TXN100006,C1604,3024.77,13,0,0,2,2538.64,grocery,2,0
TXN100007,C1030,5399.4,2,0,0,1,4998.67,electronics,0,0
TXN100008,C1238,4021.57,16,0,0,1,5123.49,online_services,1,0
TXN100009,C1027,6680.66,17,0,0,1,4480.48,electronics,0,0
TXN100010,C1733,5830.63,20,0,0,1,3758.91,jewelry,0,0
TXN100011,C1558,4452.33,13,0,0,4,2834.42,electronics,0,0
TXN100012,C1459,1765.16,18,0,0,1,1104.2,travel,1,0
TXN100013,C1828,2120.47,0,0,0,4,2569.55,cash_withdrawal,1,0
TXN100014,C1825,1573.59,5,0,0,2,1823.59,jewelry,0,0
TXN100015,C1432,1984.31,10,0,1,2,2260.04,travel,0,1
TXN100016,C1159,768.87,6,0,0,2,778.1,cash_withdrawal,0,0
TXN100017,C1344,1649.17,3,0,1,2,1993.61,grocery,0,1
TXN100018,C1389,4234.93,3,0,0,1,7958.18,travel,1,0
TXN100019,C1867,14584.85,11,0,0,2,9844.06,online_services,0,0
TXN100020,C1270,1490.39,1,1,0,3,1722.83,jewelry,0,0
TXN100021,C1470,5083.42,17,0,0,5,3575.71,grocery,0,1
TXN100022,C1996,2653.65,12,0,0,3,3659.75,grocery,0,0
TXN100023,C1565,4636.48,9,0,0,2,6707.74,cash_withdrawal,0,0
TXN100024,C1643,4950.55,19,0,0,3,5514.14,cash_withdrawal,0,0
TXN100025,C1370,2885.97,18,0,1,3,3069.86,electronics,2,0
TXN100026,C1721,3080.81,2,0,0,1,2171.72,grocery,0,1
TXN100027,C1677,10243.25,7,0,0,2,4633.43,cash_withdrawal,1,0
TXN100028,C1296,10222.5,2,0,0,5,6362.24,cash_withdrawal,1,1
TXN100029,C1238,7792.57,3,0,0,1,5812.7,restaurant,0,0
TXN100030,C1284,6502.82,14,0,0,1,15066.98,jewelry,0,0
TXN100031,C1854,1372.17,11,0,0,1,1595.3,electronics,0,0
TXN100032,C1379,36383.16,11,0,0,3,15872.21,electronics,0,0
TXN100033,C1686,3667.67,8,0,0,2,1736.67,jewelry,0,0
TXN100034,C1959,20954.71,21,0,0,2,13167.53,jewelry,0,0
TXN100035,C1073,5861.9,19,0,0,1,2524.57,jewelry,0,0
TXN100036,C1175,15924.53,17,0,0,4,8779.26,jewelry,0,0
TXN100037,C1250,2631.92,5,1,0,2,3130.23,restaurant,0,1
TXN100038,C1388,3861.09,8,1,0,1,4054.28,jewelry,0,0
TXN100039,C1704,2742.1,17,0,0,1,3628.93,electronics,1,0
TXN100040,C1701,2802.03,10,0,0,3,3827.28,cash_withdrawal,1,0
TXN100041,C1786,3096.93,1,0,0,3,2937.66,electronics,1,1
TXN100042,C1841,7504.72,1,0,0,1,7434.12,cash_withdrawal,2,0
TXN100043,C1323,3527.52,12,1,0,2,3740.28,travel,0,0
TXN100044,C1067,6902.58,6,0,0,1,5112.66,online_services,0,0
TXN100045,C1897,3447.32,22,0,0,2,2400.99,travel,0,0
TXN100046,C1217,2379.62,20,0,1,2,2143.67,restaurant,2,1
TXN100047,C1405,3453.32,20,0,0,3,1872.52,restaurant,0,0
TXN100048,C1146,1809.26,8,0,0,4,1848.93,electronics,0,0
TXN100049,C1252,3507.06,23,0,0,4,3487.24,online_services,0,0
TXN100050,C1551,4279.91,8,0,0,1,2758.24,jewelry,0,0
TXN100051,C1598,919.85,13,0,0,2,781.41,online_services,2,0
TXN100052,C1408,2697.26,11,1,0,1,1183.03,electronics,0,0
TXN100053,C1141,2237.31,16,0,1,4,3665.92,restaurant,0,1
TXN100054,C1093,3055.85,1,0,1,2,2991.92,cash_withdrawal,0,1
TXN100055,C1112,1455.29,4,0,0,1,1143.66,jewelry,0,0
TXN100056,C1163,6492.93,21,0,0,3,3230.53,restaurant,0,0
TXN100057,C1610,12548.45,2,0,0,1,8453.46,restaurant,0,0
TXN100058,C1390,520.12,19,1,0,3,1302.08,restaurant,1,1
TXN100059,C1541,882.4,8,0,1,2,904.73,online_services,0,0
TXN100060,C1881,1717.41,0,0,0,2,1379.01,jewelry,0,0
TXN100061,C1738,1439.46,3,0,0,1,2056.62,jewelry,0,0
TXN100062,C1906,1110.95,17,0,0,2,3103.33,cash_withdrawal,1,1
TXN100063,C1273,2494.72,20,0,0,1,2755.54,travel,0,0
TXN100064,C1114,1909.25,9,0,0,1,1032.12,restaurant,0,0
TXN100065,C1161,4702.8,14,0,0,2,3041.28,grocery,0,0
TXN100066,C1976,1165.27,23,0,0,4,1895.81,jewelry,0,0
TXN100067,C1269,4462.95,16,0,0,2,2189.98,cash_withdrawal,0,1
TXN100068,C1182,1442.8,16,0,0,1,1119.91,grocery,0,0
TXN100069,C1891,2121.84,20,0,1,1,3083.95,travel,0,1
TXN100070,C1861,3980.8,20,0,0,4,3519.69,online_services,1,0
TXN100071,C1623,775.51,6,0,0,1,1747.11,electronics,0,0
TXN100072,C1382,1514.87,5,0,0,1,1342.92,online_services,0,0
TXN100073,C1976,4650.84,16,0,0,3,6029.41,grocery,0,1
TXN100074,C1613,2945.43,10,1,0,1,3865.33,restaurant,0,0
TXN100075,C1019,2885.0,3,0,0,1,2741.07,travel,1,0
TXN100076,C1899,747.45,9,0,0,2,635.44,electronics,0,0
TXN100077,C1059,6420.75,7,0,0,3,3019.64,online_services,0,1
TXN100078,C1969,1771.67,2,0,0,4,1058.9,grocery,0,0
TXN100079,C1749,10277.94,15,0,0,1,8577.0,cash_withdrawal,1,0
TXN100080,C1070,6007.69,17,0,0,4,7338.45,cash_withdrawal,0,0
TXN100081,C1128,1682.63,4,0,1,1,858.25,jewelry,0,0
TXN100082,C1486,4461.2,17,0,0,1,3218.2,electronics,0,0
TXN100083,C1271,7224.14,16,1,0,1,9092.73,cash_withdrawal,3,1
TXN100084,C1621,5071.52,13,0,0,1,3099.54,electronics,0,0
TXN100085,C1951,1905.0,17,1,0,2,5413.07,cash_withdrawal,0,0
TXN100086,C1747,2219.98,22,0,0,3,2509.85,electronics,0,0
TXN100087,C1730,1500.93,9,0,1,2,2469.52,restaurant,0,0
TXN100088,C1687,2949.46,20,0,0,2,2750.7,travel,1,0
TXN100089,C1448,761.65,16,0,0,1,466.06,restaurant,1,1
TXN100090,C1123,784.25,7,0,0,1,1112.92,electronics,0,0
TXN100091,C1065,2838.52,10,0,0,1,2800.48,grocery,0,0
TXN100092,C1602,2634.28,17,0,0,3,4231.59,electronics,0,0
TXN100093,C1602,1234.14,7,0,0,1,1881.71,grocery,0,0
TXN100094,C1072,2133.02,22,0,0,2,3745.44,jewelry,0,0
TXN100095,C1060,2680.03,7,0,0,1,5061.64,grocery,2,0
TXN100096,C1927,5804.24,1,0,0,1,5885.67,cash_withdrawal,0,0
TXN100097,C1338,1620.9,2,0,0,2,1160.11,online_services,0,0
TXN100098,C1243,1221.25,8,0,0,2,952.69,jewelry,0,0
TXN100099,C1497,5549.32,6,0,0,2,3566.07,online_services,0,0
TXN100100,C1135,2554.84,23,0,0,1,2336.46,online_services,0,0
TXN100101,C1590,2023.67,15,0,0,3,4454.98,electronics,0,0
TXN100102,C1803,2207.94,15,0,0,1,2969.84,cash_withdrawal,0,0
TXN100103,C1416,11628.91,6,0,0,3,11878.9,grocery,0,0
TXN100104,C1099,1069.18,21,0,0,5,1183.77,restaurant,0,0
TXN100105,C1362,5614.86,13,0,0,4,5286.65,restaurant,1,1
TXN100106,C1478,4557.72,23,0,0,1,5749.1,grocery,0,0
TXN100107,C1689,4800.41,20,0,0,3,7179.82,jewelry,1,0
TXN100108,C1100,5100.35,1,1,0,3,3157.7,restaurant,0,1
TXN100109,C1745,4197.19,10,0,0,1,2182.33,cash_withdrawal,0,0
TXN100110,C1882,1044.82,3,0,0,3,1476.02,electronics,0,1
TXN100111,C1196,5392.31,6,1,0,1,5937.39,online_services,3,0
TXN100112,C1459,4180.22,4,0,0,1,3349.33,restaurant,0,0
TXN100113,C1187,3258.05,8,0,1,4,1908.03,restaurant,1,1
TXN100114,C1255,3200.57,2,0,0,3,3791.56,restaurant,1,0
TXN100115,C1827,7101.59,17,0,0,2,4360.97,grocery,0,0
TXN100116,C1051,2294.75,20,0,0,3,2074.91,online_services,0,0
TXN100117,C1856,3816.42,0,0,0,6,4486.15,grocery,1,0
TXN100118,C1948,1580.78,7,0,0,3,2300.25,electronics,0,0
TXN100119,C1416,3158.11,15,0,0,2,3032.82,restaurant,1,0
TXN100120,C1218,3161.66,12,0,1,1,2788.59,grocery,2,1
TXN100121,C1168,2180.78,12,0,0,2,2616.36,grocery,0,0
TXN100122,C1399,2388.69,8,0,0,1,2015.77,cash_withdrawal,0,0
TXN100123,C1803,8091.08,14,0,0,3,4976.52,travel,1,0
TXN100124,C1433,11790.42,22,0,1,1,6537.42,jewelry,2,0
TXN100125,C1802,2665.06,17,0,1,2,1262.59,jewelry,0,0
TXN100126,C1735,2377.05,15,0,0,3,1241.31,electronics,1,1
TXN100127,C1194,8501.72,9,0,0,4,4674.63,electronics,0,0
TXN100128,C1991,999.21,1,0,0,2,1151.95,online_services,0,0
TXN100129,C1753,729.7,17,0,0,3,2171.96,grocery,0,0
TXN100130,C1765,1765.54,10,0,0,1,2973.45,grocery,0,0
TXN100131,C1051,1844.72,18,0,0,1,2507.34,restaurant,0,0
TXN100132,C1514,2585.93,16,0,0,2,1998.55,electronics,2,0
TXN100133,C1058,12449.71,16,0,0,3,10597.63,grocery,1,0
TXN100134,C1871,4694.79,5,0,0,1,2595.24,grocery,0,0
TXN100135,C1609,1141.06,2,0,0,3,1447.94,jewelry,3,1
TXN100136,C1882,1744.89,7,0,0,1,1353.6,restaurant,0,0
TXN100137,C1122,5274.79,18,0,0,1,3942.05,electronics,3,0
TXN100138,C1592,5587.62,19,0,0,4,3488.11,grocery,0,1
TXN100139,C1634,2462.14,2,0,0,1,4328.61,restaurant,0,1
TXN100140,C1673,1499.0,18,1,0,2,2027.96,online_services,1,0
TXN100141,C1535,693.49,10,0,0,2,623.84,travel,0,0
TXN100142,C1209,2511.25,21,1,0,1,2148.68,jewelry,0,0
TXN100143,C1321,4794.37,7,0,0,2,5987.25,travel,0,0
TXN100144,C1405,9349.52,4,0,0,3,5393.53,jewelry,0,0
TXN100145,C1660,2263.06,9,1,0,1,3083.65,restaurant,0,1
TXN100146,C1323,1281.59,2,0,0,2,3149.64,grocery,2,0
TXN100147,C1469,4425.49,19,0,0,1,2714.86,online_services,0,0
TXN100148,C1102,2065.22,2,0,1,1,1545.45,online_services,0,0
TXN100149,C1218,2876.61,16,0,0,5,2608.48,travel,0,1
TXN100150,C1135,11026.22,11,0,0,2,6463.12,grocery,0,1
TXN100151,C1900,5377.77,7,0,0,3,6024.56,travel,0,0
TXN100152,C1291,6574.5,5,0,0,1,4939.53,restaurant,0,0
TXN100153,C1853,723.85,17,0,0,2,1383.83,jewelry,0,0
TXN100154,C1309,2449.73,19,0,0,3,3356.94,cash_withdrawal,0,0
TXN100155,C1669,665.49,16,0,0,6,1326.47,grocery,0,0
TXN100156,C1683,5754.78,17,0,0,1,5070.78,travel,2,0
TXN100157,C1954,1898.39,21,0,0,2,2911.49,grocery,0,0
TXN100158,C1961,2276.99,4,0,0,1,1491.09,travel,0,0
TXN100159,C1118,2259.6,3,0,0,4,1956.75,jewelry,0,1
TXN100160,C1566,8242.79,4,0,0,1,6934.8,travel,0,1
TXN100161,C1288,3447.46,19,0,0,2,2458.42,electronics,0,0
TXN100162,C1734,4361.52,10,0,0,3,1661.14,electronics,0,0
TXN100163,C1703,15826.64,20,0,0,3,5853.03,cash_withdrawal,0,0
TXN100164,C1270,7519.66,16,0,1,1,9646.89,restaurant,0,0
TXN100165,C1257,1233.2,1,0,0,2,957.06,grocery,0,0
TXN100166,C1649,2158.93,13,0,0,1,3052.93,cash_withdrawal,1,0
TXN100167,C1283,873.68,1,0,0,4,738.33,grocery,0,0
TXN100168,C1341,1977.83,4,0,0,2,1489.98,jewelry,0,0
TXN100169,C1268,1203.51,5,1,0,4,1387.67,jewelry,1,0
TXN100170,C1452,5512.06,17,0,0,1,4241.26,jewelry,0,0
TXN100171,C1437,4357.57,17,0,0,3,3168.55,grocery,0,1
TXN100172,C1114,2805.67,2,1,0,6,2276.99,jewelry,0,1
TXN100173,C1925,2896.46,4,0,1,2,4339.68,online_services,1,1
TXN100174,C1036,14623.0,11,0,0,2,16737.62,online_services,0,0
TXN100175,C1565,3936.38,4,1,0,2,3101.54,restaurant,0,0
TXN100176,C1130,2442.93,1,0,0,1,4350.64,travel,1,0
TXN100177,C1373,2842.32,1,1,0,1,3307.89,travel,0,0
TXN100178,C1215,2452.74,21,0,1,3,2271.68,electronics,0,0
TXN100179,C1682,1034.88,3,0,0,3,1145.03,travel,0,0
TXN100180,C1798,2425.85,17,0,0,1,2033.73,cash_withdrawal,0,0
TXN100181,C1416,1465.87,19,0,0,1,1486.42,jewelry,0,0
TXN100182,C1158,4579.96,7,0,0,3,6753.07,cash_withdrawal,2,1
TXN100183,C1166,4004.84,5,0,0,1,6631.78,restaurant,2,0
TXN100184,C1025,13820.57,5,0,0,1,8001.61,jewelry,0,0
TXN100185,C1946,6884.37,10,0,0,1,3171.79,cash_withdrawal,0,0
TXN100186,C1953,749.78,13,0,0,1,1160.97,cash_withdrawal,0,0
TXN100187,C1685,9447.66,23,0,0,1,6836.24,cash_withdrawal,2,0
TXN100188,C1254,8225.66,8,0,0,1,4559.61,electronics,0,0
TXN100189,C1806,10865.75,22,0,1,4,4101.55,grocery,0,1
TXN100190,C1391,1927.6,1,0,0,1,1639.89,cash_withdrawal,0,0
TXN100191,C1481,4779.42,7,0,0,2,4472.08,electronics,0,0
TXN100192,C1836,3011.45,14,0,0,4,2651.86,travel,0,1
TXN100193,C1312,2684.6,7,0,0,1,2790.4,electronics,1,0
TXN100194,C1024,24203.0,21,0,0,5,14917.45,electronics,0,0
TXN100195,C1408,3508.34,10,1,0,2,5323.67,travel,0,0
TXN100196,C1885,1576.48,2,0,0,1,1290.62,cash_withdrawal,1,0
TXN100197,C1285,2303.76,11,1,0,1,1720.85,jewelry,0,1
TXN100198,C1521,8341.83,12,0,0,2,9985.35,jewelry,0,0
TXN100199,C1863,5212.08,17,0,0,2,6745.18,travel,0,0
TXN100200,C1961,21738.0,0,0,0,2,12620.18,grocery,0,0
TXN100201,C1898,4860.82,8,0,0,2,6510.24,electronics,0,0
TXN100202,C1594,2663.34,8,0,0,5,2813.33,grocery,0,0
TXN100203,C1111,3749.55,19,0,0,1,2297.22,restaurant,0,0
TXN100204,C1353,1484.49,23,0,1,1,3289.93,cash_withdrawal,1,1
TXN100205,C1321,3360.36,13,0,0,1,4270.64,online_services,0,0
TXN100206,C1523,371.56,3,0,0,1,399.46,restaurant,0,0
TXN100207,C1921,4032.39,18,0,0,1,3817.83,electronics,0,0
TXN100208,C1260,1092.83,1,0,0,1,1655.41,jewelry,0,0
TXN100209,C1446,1924.05,0,0,0,1,3200.78,online_services,0,1
TXN100210,C1947,5090.96,17,0,0,3,4874.07,jewelry,0,0
TXN100211,C1736,3475.34,23,1,0,1,1172.38,jewelry,0,0
TXN100212,C1686,3792.44,6,0,0,1,4642.8,travel,1,0
TXN100213,C1441,2859.35,2,0,0,2,3372.84,jewelry,2,1
TXN100214,C1942,5381.05,10,0,0,1,2177.94,online_services,0,0
TXN100215,C1321,1845.37,21,0,0,1,1894.92,cash_withdrawal,0,0
TXN100216,C1127,1130.55,23,0,0,2,1083.24,travel,3,0
TXN100217,C1519,5340.9,9,0,0,1,5531.29,jewelry,0,0
TXN100218,C1418,5773.11,10,1,0,2,7454.93,restaurant,0,0
TXN100219,C1713,3878.99,9,1,0,1,2179.55,online_services,1,0
TXN100220,C1130,1966.51,6,0,0,1,2358.21,restaurant,0,0
TXN100221,C1680,5724.18,12,1,0,3,3031.93,jewelry,1,0
TXN100222,C1766,21948.93,5,0,0,1,6844.29,online_services,0,0
TXN100223,C1582,4132.22,9,0,0,2,3603.58,restaurant,0,0
TXN100224,C1561,7314.44,0,0,0,2,7390.1,travel,0,0
TXN100225,C1293,752.01,6,0,0,3,1874.51,restaurant,3,0
TXN100226,C1804,2711.28,18,0,0,1,3868.82,online_services,0,0
TXN100227,C1670,3629.97,10,0,0,2,4494.84,restaurant,0,0
TXN100228,C1452,3386.46,14,1,0,3,6124.66,jewelry,2,1
TXN100229,C1218,1621.56,16,0,0,4,1515.62,restaurant,0,0
TXN100230,C1812,4097.42,23,0,0,4,3760.8,electronics,2,0
TXN100231,C1674,4380.97,2,0,0,1,5552.84,travel,0,0
TXN100232,C1527,2178.48,21,0,0,2,2549.3,jewelry,0,0
TXN100233,C1634,6029.56,10,0,0,1,4023.14,grocery,0,0
TXN100234,C1838,2560.58,7,1,0,1,3159.55,jewelry,1,0
TXN100235,C1317,4790.92,7,0,0,2,3588.93,cash_withdrawal,0,0
TXN100236,C1203,7910.82,4,0,0,4,4263.48,grocery,0,0
TXN100237,C1047,844.84,7,0,1,4,2490.87,restaurant,0,0
TXN100238,C1625,1910.45,2,0,0,3,1942.56,restaurant,0,0
TXN100239,C1424,1638.95,20,0,0,1,3158.04,online_services,0,0
TXN100240,C1199,6813.26,22,0,0,2,3727.24,jewelry,0,0
TXN100241,C1393,1211.34,15,0,0,2,3205.04,restaurant,0,0
TXN100242,C1249,413.62,4,1,0,4,843.7,jewelry,0,1
TXN100243,C1704,2501.79,0,0,0,2,3299.11,cash_withdrawal,0,0
TXN100244,C1881,2814.96,3,0,0,4,2719.27,cash_withdrawal,0,0
TXN100245,C1435,4847.56,7,0,0,1,3445.1,electronics,2,0
TXN100246,C1823,1405.64,22,0,0,2,1338.62,online_services,0,0
TXN100247,C1475,1051.65,1,0,0,4,756.29,online_services,0,1
TXN100248,C1255,7060.03,3,0,0,2,7900.85,restaurant,0,0
TXN100249,C1136,12845.62,14,0,0,1,9044.87,jewelry,0,0
TXN100250,C1543,1250.56,17,0,0,2,1517.65,online_services,0,0
TXN100251,C1324,12117.53,14,0,0,3,5857.02,online_services,0,0
TXN100252,C1834,4382.13,23,0,0,1,4369.48,online_services,0,0
TXN100253,C1436,718.82,17,1,0,4,843.33,restaurant,3,0
TXN100254,C1918,3382.47,5,0,0,1,2765.26,jewelry,0,0
TXN100255,C1882,5837.25,15,0,0,1,4659.37,restaurant,0,0
TXN100256,C1265,1044.24,7,0,0,3,745.82,cash_withdrawal,3,1
TXN100257,C1652,15551.75,8,0,0,1,6442.5,cash_withdrawal,0,0
TXN100258,C1796,4394.37,16,0,0,1,3560.36,restaurant,1,0
TXN100259,C1641,2771.34,7,0,1,1,1870.87,travel,3,0
TXN100260,C1450,5706.41,2,0,0,2,3564.19,jewelry,0,0
TXN100261,C1292,6902.91,7,1,0,4,6243.15,travel,0,1
TXN100262,C1343,6149.09,10,0,0,3,6741.68,online_services,2,0
TXN100263,C1082,10522.88,4,0,0,1,11730.46,electronics,0,0
TXN100264,C1236,2833.8,12,0,1,1,1922.34,jewelry,3,1
TXN100265,C1156,3012.58,22,0,0,2,2048.93,electronics,1,0
TXN100266,C1065,9423.63,13,0,0,1,6851.61,restaurant,0,0
TXN100267,C1338,453.57,17,0,0,1,945.59,restaurant,1,1
TXN100268,C1425,871.71,1,0,0,2,791.93,electronics,0,0
TXN100269,C1852,1051.35,13,0,0,3,1482.34,restaurant,0,0
TXN100270,C1926,3183.19,18,0,0,1,3150.22,jewelry,1,0
TXN100271,C1020,7712.35,18,0,0,2,13783.7,restaurant,1,0
TXN100272,C1488,21676.7,0,0,0,1,6261.32,travel,0,0
TXN100273,C1305,2212.1,12,0,0,1,2065.52,cash_withdrawal,0,0
TXN100274,C1913,3654.73,13,0,0,1,5817.16,online_services,0,0
TXN100275,C1765,1640.31,23,0,0,4,1880.55,online_services,2,0
TXN100276,C1819,6945.69,19,0,0,1,2847.27,electronics,0,0
TXN100277,C1499,3515.09,7,0,1,2,3408.59,travel,1,0
TXN100278,C1446,2207.91,15,1,0,2,2703.73,grocery,0,0
TXN100279,C1398,6127.51,10,0,0,3,7076.86,jewelry,0,0
TXN100280,C1695,1469.26,12,0,0,2,1773.3,jewelry,0,0
TXN100281,C1169,3106.96,14,0,0,1,2368.39,electronics,0,0
TXN100282,C1637,615.27,17,0,0,2,1024.82,grocery,0,0
TXN100283,C1928,2612.9,12,1,0,3,2941.04,online_services,0,1
TXN100284,C1577,6231.17,21,0,0,1,4774.3,grocery,0,0
TXN100285,C1085,736.5,20,0,0,4,656.49,restaurant,1,0
TXN100286,C1138,4985.04,14,0,0,1,2549.77,electronics,0,0
TXN100287,C1051,9151.16,8,0,0,6,9604.99,restaurant,0,0
TXN100288,C1335,1987.02,6,0,0,1,2292.42,restaurant,1,0
TXN100289,C1334,5707.79,10,0,0,2,9012.6,cash_withdrawal,1,0
TXN100290,C1900,1296.63,12,1,0,1,1390.81,travel,0,0
TXN100291,C1770,4068.92,13,0,0,1,5372.61,travel,0,0
TXN100292,C1854,4819.84,2,0,1,3,4078.58,restaurant,3,1
TXN100293,C1019,1070.14,23,0,0,2,2215.77,online_services,1,1
TXN100294,C1053,4051.08,11,0,0,2,4016.32,electronics,0,0
TXN100295,C1665,2040.81,2,0,0,1,3506.98,cash_withdrawal,0,0
TXN100296,C1980,1630.67,20,0,0,1,1242.29,grocery,0,0
TXN100297,C1772,11598.64,0,0,0,3,12962.36,electronics,1,0
TXN100298,C1204,6145.84,0,1,1,3,8052.37,online_services,0,1
TXN100299,C1156,1774.06,7,0,0,1,1276.89,electronics,0,0
TXN100300,C1484,3179.55,21,0,1,3,3462.45,grocery,1,0
TXN100301,C1577,4513.07,6,1,0,3,5143.51,restaurant,0,0
TXN100302,C1716,1277.55,8,0,0,1,2027.37,cash_withdrawal,0,0
TXN100303,C1377,526.67,5,0,0,3,481.57,online_services,0,0
TXN100304,C1621,991.12,23,0,0,1,858.33,jewelry,1,0
TXN100305,C1117,1528.28,5,0,1,1,4832.72,travel,0,0
TXN100306,C1110,10111.33,18,0,0,1,6989.48,grocery,0,0
TXN100307,C1951,1295.77,9,1,0,4,2159.9,online_services,0,0
TXN100308,C1693,2108.69,12,0,0,1,1666.85,restaurant,0,0
TXN100309,C1964,3972.84,22,0,0,2,6225.22,electronics,2,1
TXN100310,C1077,9950.21,18,0,0,3,6357.3,jewelry,1,0
TXN100311,C1850,692.72,20,1,0,4,1200.65,electronics,0,0
TXN100312,C1104,7107.97,22,0,0,1,4850.69,cash_withdrawal,0,0
TXN100313,C1308,877.28,21,0,0,2,1030.18,online_services,0,0
TXN100314,C1824,2848.36,3,0,0,1,2523.59,cash_withdrawal,1,0
TXN100315,C1579,864.85,1,0,0,2,1363.76,travel,0,1
TXN100316,C1545,2455.37,13,0,0,1,2301.94,jewelry,0,0
TXN100317,C1379,3826.46,2,0,0,1,1918.92,online_services,0,0
TXN100318,C1663,2088.37,10,1,0,2,2672.77,grocery,0,0
TXN100319,C1869,1912.94,13,0,0,1,2426.04,cash_withdrawal,0,0
TXN100320,C1501,6525.72,3,0,0,2,8600.01,restaurant,0,0
TXN100321,C1983,995.17,11,0,1,1,1563.52,jewelry,0,1
TXN100322,C1912,1799.16,14,0,0,2,2033.11,jewelry,2,0
TXN100323,C1156,10819.35,13,0,0,3,6856.4,electronics,0,0
TXN100324,C1751,2904.8,16,0,0,2,2564.61,jewelry,0,0
TXN100325,C1276,4326.24,19,0,0,1,4449.02,cash_withdrawal,3,0
TXN100326,C1941,2710.95,17,0,0,2,2932.22,cash_withdrawal,0,0
TXN100327,C1495,2898.73,14,0,0,2,3014.13,restaurant,0,0
TXN100328,C1845,1262.21,23,0,0,1,1722.21,online_services,0,0
TXN100329,C1274,14460.5,10,0,1,5,9232.49,cash_withdrawal,0,1
TXN100330,C1251,7175.36,2,0,0,3,3321.05,travel,0,1
TXN100331,C1902,8633.54,14,0,0,2,6469.64,electronics,0,0
TXN100332,C1768,2987.29,14,0,0,2,2029.02,online_services,0,0
TXN100333,C1624,3002.45,21,0,0,1,3556.18,restaurant,0,0
TXN100334,C1344,2730.95,0,0,0,1,4358.54,restaurant,0,0
TXN100335,C1871,1514.49,10,0,0,3,3196.22,electronics,2,1
TXN100336,C1499,723.87,6,0,1,1,1336.92,travel,0,0
TXN100337,C1816,1125.5,8,0,0,5,1118.26,travel,0,0
TXN100338,C1286,2015.86,19,0,0,1,1442.43,jewelry,0,0
TXN100339,C1901,1277.57,8,0,0,2,1246.38,online_services,0,0
TXN100340,C1010,1614.49,16,0,0,1,3209.99,electronics,0,0
TXN100341,C1087,15595.96,7,0,0,3,6093.44,jewelry,0,0
TXN100342,C1416,5683.91,15,0,0,1,3749.86,online_services,0,0
TXN100343,C1776,1990.1,7,0,0,1,1484.64,jewelry,0,0
TXN100344,C1487,11318.23,20,0,0,1,18667.8,jewelry,0,0
TXN100345,C1502,4608.22,14,0,0,2,3867.93,cash_withdrawal,0,0
TXN100346,C1017,4435.69,2,0,0,3,2798.71,travel,1,0
TXN100347,C1226,4303.72,12,0,0,1,4218.84,jewelry,0,0
TXN100348,C1249,1059.21,9,0,0,1,801.44,jewelry,0,0
TXN100349,C1595,9913.38,11,0,0,2,5585.6,restaurant,0,0
TXN100350,C1566,7106.95,16,0,0,5,3597.43,travel,0,0
TXN100351,C1435,2283.64,23,0,0,6,1800.02,online_services,0,0
TXN100352,C1338,9589.21,11,0,0,1,10577.82,jewelry,0,0
TXN100353,C1464,4523.13,8,0,0,4,3013.73,travel,0,0
TXN100354,C1257,3118.3,7,0,0,1,3193.32,grocery,0,0
TXN100355,C1738,1352.75,6,0,0,2,1024.39,travel,0,0
TXN100356,C1122,608.4,23,0,0,1,1471.46,online_services,1,0
TXN100357,C1973,2107.98,22,0,0,7,2045.45,electronics,0,0
TXN100358,C1196,4665.33,6,0,0,2,6720.91,jewelry,0,0
TXN100359,C1495,2729.73,8,0,0,2,2900.05,jewelry,0,0
TXN100360,C1603,10075.08,16,0,0,4,7588.83,online_services,0,1
TXN100361,C1289,4710.48,3,0,0,2,2330.9,cash_withdrawal,2,0
TXN100362,C1198,1134.52,9,1,1,4,1064.69,electronics,0,1
TXN100363,C1369,2766.98,5,1,0,4,1420.5,travel,0,0
TXN100364,C1014,1516.07,22,0,0,2,1281.52,online_services,0,0
TXN100365,C1129,12993.47,8,0,0,3,8847.7,grocery,0,0
TXN100366,C1997,3563.2,1,0,0,1,3906.61,online_services,0,0
TXN100367,C1299,2429.14,22,0,0,2,3417.0,electronics,1,0
TXN100368,C1653,2493.18,15,0,1,1,1592.58,grocery,1,0
TXN100369,C1893,3572.8,0,0,0,1,2911.64,online_services,3,1
TXN100370,C1291,1844.45,15,0,0,1,2580.91,restaurant,0,0
TXN100371,C1451,2235.0,10,1,0,2,2491.58,electronics,1,0
TXN100372,C1988,1040.03,1,0,0,2,1464.9,travel,0,0
TXN100373,C1963,1471.28,15,0,0,1,2232.55,grocery,0,0
TXN100374,C1841,8720.26,2,0,0,1,7680.35,restaurant,0,0
TXN100375,C1503,1629.86,2,0,0,1,1648.05,online_services,0,0
TXN100376,C1644,9116.22,21,0,0,3,4355.91,grocery,3,1
TXN100377,C1155,1039.22,4,0,0,3,1301.08,cash_withdrawal,1,0
TXN100378,C1576,852.15,9,0,0,2,2062.53,grocery,0,0
TXN100379,C1254,13115.84,3,0,0,2,14088.95,online_services,0,0
TXN100380,C1782,1143.87,13,0,0,4,1578.05,online_services,0,0
TXN100381,C1610,1625.74,19,0,0,2,1803.45,electronics,0,0
TXN100382,C1794,2951.47,16,0,0,4,2315.88,restaurant,0,0
TXN100383,C1461,1937.01,14,1,0,1,2916.85,travel,0,1
TXN100384,C1880,239.59,18,0,0,2,622.19,restaurant,3,0
TXN100385,C1312,5743.14,18,0,0,1,6769.37,online_services,0,0
TXN100386,C1061,4509.44,19,0,0,1,3025.7,jewelry,0,0
TXN100387,C1101,2774.11,6,0,0,1,2437.64,jewelry,0,0
TXN100388,C1216,1444.81,8,0,0,3,1030.68,jewelry,1,0
TXN100389,C1083,11067.06,5,1,0,1,4816.75,electronics,0,1
TXN100390,C1177,9281.04,17,0,0,1,8722.83,grocery,2,0
TXN100391,C1160,3026.8,0,0,0,5,2748.03,restaurant,0,1
TXN100392,C1461,10677.93,22,1,0,1,5504.01,online_services,0,0
TXN100393,C1481,4854.57,9,1,0,2,5988.52,grocery,0,0
TXN100394,C1237,1583.66,9,1,0,1,1384.67,jewelry,0,0
TXN100395,C1289,7665.83,22,0,0,2,5309.88,cash_withdrawal,0,0
TXN100396,C1464,3367.99,2,0,0,4,1534.19,jewelry,0,0
TXN100397,C1239,710.93,8,0,0,2,1660.25,cash_withdrawal,0,0
TXN100398,C1810,2797.43,20,0,0,3,1143.88,online_services,0,1
TXN100399,C1677,6357.4,6,0,0,1,3586.08,restaurant,0,0
TXN100400,C1117,2852.98,17,0,0,1,2735.59,electronics,3,0
TXN100401,C1663,2436.92,4,0,0,2,3308.46,travel,0,0
TXN100402,C1846,3512.4,4,0,1,2,3766.58,grocery,0,0
TXN100403,C1061,2849.55,5,0,0,2,3263.81,cash_withdrawal,0,0
TXN100404,C1314,5069.84,19,0,0,2,2791.84,jewelry,0,0
TXN100405,C1844,6867.61,18,0,0,3,7070.4,travel,0,1
TXN100406,C1449,9099.53,3,0,0,1,3771.58,restaurant,0,1
TXN100407,C1705,12469.17,9,0,0,1,9960.93,jewelry,0,0
TXN100408,C1412,2187.08,8,0,0,4,1977.18,online_services,0,0
TXN100409,C1552,631.04,15,0,0,1,1410.22,restaurant,0,0
TXN100410,C1082,3204.88,19,0,0,2,3722.75,grocery,0,0
TXN100411,C1910,3402.67,13,1,0,3,3818.01,jewelry,0,0
TXN100412,C1330,7422.62,19,0,0,4,9306.48,travel,2,0
TXN100413,C1026,4958.82,2,0,0,2,2865.18,electronics,0,0
TXN100414,C1984,6272.15,21,0,0,4,8564.18,cash_withdrawal,3,0
TXN100415,C1881,15312.29,18,0,0,2,9458.19,online_services,0,0
TXN100416,C1973,1089.95,0,0,0,3,617.88,cash_withdrawal,0,0
TXN100417,C1688,1575.13,8,0,0,2,1349.02,online_services,0,0
TXN100418,C1041,3771.64,5,0,0,2,2703.82,restaurant,0,0
TXN100419,C1531,2917.25,20,0,0,3,1856.28,restaurant,0,0
TXN100420,C1938,3575.31,8,0,0,3,2516.88,electronics,0,0
TXN100421,C1599,564.34,13,0,0,2,742.61,jewelry,0,0
TXN100422,C1833,691.55,15,0,0,3,1440.89,grocery,0,0
TXN100423,C1481,604.03,11,0,0,1,1328.69,restaurant,0,0
TXN100424,C1341,2580.19,10,0,0,2,4305.43,jewelry,0,0
TXN100425,C1107,7440.94,5,0,0,1,5900.07,travel,0,0
TXN100426,C1421,1928.34,22,0,1,3,1289.81,restaurant,0,0
TXN100427,C1295,3083.32,21,0,0,2,2237.73,restaurant,0,0
TXN100428,C1833,7287.41,17,0,0,1,5708.04,grocery,1,0
TXN100429,C1465,1128.59,2,0,0,1,1530.54,travel,0,1
TXN100430,C1258,6859.09,10,0,0,4,5598.64,grocery,0,0
TXN100431,C1993,3113.39,12,0,0,2,4965.34,cash_withdrawal,0,0
TXN100432,C1526,2891.5,0,0,0,2,1647.81,jewelry,0,0
TXN100433,C1890,2780.54,17,0,0,1,3143.57,restaurant,0,0
TXN100434,C1423,22326.93,1,0,0,1,9279.24,electronics,0,0
TXN100435,C1530,3738.36,11,0,0,2,2641.33,online_services,2,0
TXN100436,C1774,11497.42,15,1,0,1,6819.65,jewelry,0,0
TXN100437,C1452,13056.81,1,0,0,3,6841.17,electronics,0,0
TXN100438,C1273,4688.8,17,0,0,2,3505.23,electronics,0,0
TXN100439,C1949,854.66,9,0,0,4,1202.0,restaurant,0,0
TXN100440,C1901,1965.48,22,0,0,1,999.2,restaurant,0,1
TXN100441,C1124,2626.63,0,0,1,3,8046.33,jewelry,0,1
TXN100442,C1623,2218.19,7,0,0,1,1329.63,jewelry,0,0
TXN100443,C1162,8900.7,9,0,0,2,6154.92,online_services,0,0
TXN100444,C1014,8132.23,17,0,0,1,12838.87,restaurant,2,0
TXN100445,C1095,13350.28,7,0,0,1,17823.63,cash_withdrawal,0,0
TXN100446,C1934,1132.08,3,0,0,1,1008.0,restaurant,0,0
TXN100447,C1969,1020.32,3,0,0,3,1658.39,jewelry,0,0
TXN100448,C1852,2995.93,4,0,0,1,4532.9,restaurant,0,0
TXN100449,C1955,8030.67,22,0,0,3,5096.64,travel,2,0
TXN100450,C1521,2235.35,22,1,0,1,3472.46,travel,0,0
TXN100451,C1425,2643.46,15,1,0,2,4108.11,restaurant,1,0
TXN100452,C1249,5461.25,14,0,0,1,9031.14,online_services,1,1
TXN100453,C1148,4185.22,12,0,0,3,3945.52,electronics,0,0
TXN100454,C1943,3060.86,19,0,0,4,4247.88,online_services,1,0
TXN100455,C1764,2276.68,4,1,0,1,3251.08,cash_withdrawal,0,0
TXN100456,C1071,1897.36,8,1,0,2,1755.61,cash_withdrawal,0,0
TXN100457,C1808,5433.8,13,0,1,1,4204.88,travel,1,1
TXN100458,C1956,3058.31,16,0,0,4,4410.33,travel,1,1
TXN100459,C1840,1550.24,0,0,0,1,1858.54,travel,0,1
TXN100460,C1743,949.27,9,0,0,4,1206.12,cash_withdrawal,0,0
TXN100461,C1601,9200.03,18,0,0,3,7106.77,jewelry,0,0
TXN100462,C1501,10195.29,4,0,0,1,7944.86,restaurant,0,0
TXN100463,C1551,1621.81,15,0,0,2,2075.53,travel,0,0
TXN100464,C1340,1782.78,17,0,0,5,3020.49,cash_withdrawal,0,0
TXN100465,C1556,1846.73,12,0,0,3,3370.11,restaurant,0,0
TXN100466,C1955,1918.52,10,0,0,3,3092.02,cash_withdrawal,0,0
TXN100467,C1193,12473.62,22,0,0,1,6684.28,electronics,0,0
TXN100468,C1585,11735.27,12,0,0,1,8700.51,electronics,0,0
TXN100469,C1876,10187.01,13,0,0,1,4264.37,grocery,0,0
TXN100470,C1325,3623.4,23,0,0,3,4238.23,restaurant,1,0
TXN100471,C1722,4153.8,12,0,0,2,2022.64,restaurant,0,0
TXN100472,C1679,2692.15,20,0,0,1,7300.24,electronics,0,0
TXN100473,C1507,1169.71,1,0,0,2,1983.77,electronics,0,0
TXN100474,C1514,9776.53,18,0,0,1,18014.55,travel,0,0
TXN100475,C1890,1164.69,3,0,0,4,958.17,cash_withdrawal,0,0
TXN100476,C1865,11765.14,14,0,0,2,3799.77,grocery,0,0
TXN100477,C1538,1553.58,14,0,0,3,1597.42,grocery,0,0
TXN100478,C1739,6238.6,4,0,0,4,5740.76,restaurant,0,0
TXN100479,C1891,1042.56,20,0,0,2,1684.52,electronics,0,0
TXN100480,C1076,1096.59,15,0,0,1,1051.11,cash_withdrawal,0,0
TXN100481,C1992,4335.48,8,0,0,4,2765.15,travel,1,0
TXN100482,C1638,3404.79,22,0,0,1,3771.78,restaurant,0,0
TXN100483,C1665,3610.45,2,0,0,1,5153.81,cash_withdrawal,3,0
TXN100484,C1336,3142.44,21,0,0,3,2629.73,cash_withdrawal,0,0
TXN100485,C1546,1335.63,12,0,0,3,1140.24,travel,0,0
TXN100486,C1641,3401.87,22,1,0,3,4525.62,cash_withdrawal,2,0
TXN100487,C1499,1939.12,17,0,0,1,2105.16,grocery,1,0
TXN100488,C1632,4247.16,2,0,0,1,5156.49,electronics,2,1
TXN100489,C1646,1171.58,21,0,0,1,2995.97,travel,0,0
TXN100490,C1232,3175.01,23,0,0,4,2723.77,grocery,0,0
TXN100491,C1444,1937.12,3,0,0,1,1339.28,cash_withdrawal,0,0
TXN100492,C1648,3740.6,22,0,0,1,2332.05,cash_withdrawal,0,0
TXN100493,C1102,4584.85,14,0,0,1,1632.5,electronics,1,0
TXN100494,C1710,2830.54,9,0,0,1,1502.93,grocery,0,0
TXN100495,C1047,12079.9,10,0,0,3,6283.11,cash_withdrawal,0,0
TXN100496,C1057,4083.04,9,0,0,2,4011.2,travel,1,0
TXN100497,C1383,1359.09,13,1,0,1,1344.24,electronics,0,0
TXN100498,C1250,423.91,16,0,0,3,947.08,restaurant,0,0
TXN100499,C1579,774.59,21,0,1,3,725.64,cash_withdrawal,0,0
TXN100500,C1184,2285.4,5,0,0,3,1807.54,electronics,0,0
TXN100501,C1080,4174.88,19,0,0,1,8104.71,cash_withdrawal,3,0
TXN100502,C1391,2255.78,19,0,0,3,2766.83,jewelry,1,0
TXN100503,C1246,5055.32,15,1,0,3,2569.07,online_services,3,1
TXN100504,C1146,2831.82,7,0,0,1,3647.83,restaurant,1,0
TXN100505,C1653,992.19,8,0,0,1,1415.65,restaurant,0,0
TXN100506,C1261,4956.2,21,1,0,1,5676.03,grocery,2,0
TXN100507,C1920,883.81,14,0,0,1,1423.07,travel,0,0
TXN100508,C1693,3391.34,17,0,0,3,4186.0,electronics,1,0
TXN100509,C1075,9226.12,14,1,0,3,8945.51,travel,0,0
TXN100510,C1601,2096.33,9,0,0,1,5726.85,jewelry,0,0
TXN100511,C1985,9306.81,13,0,0,1,5183.65,jewelry,0,0
TXN100512,C1256,2156.73,14,0,0,1,2280.22,cash_withdrawal,1,0
TXN100513,C1309,3135.99,6,0,0,1,2888.74,restaurant,0,0
TXN100514,C1873,8465.32,15,0,0,2,6818.02,grocery,0,0
TXN100515,C1242,3720.55,12,0,0,1,2186.01,online_services,0,0
TXN100516,C1367,2814.63,18,0,0,2,1495.72,travel,0,0
TXN100517,C1716,4487.38,9,0,0,1,7385.28,grocery,0,0
TXN100518,C1849,1644.65,21,0,0,1,1795.8,restaurant,2,0
TXN100519,C1281,1389.41,0,0,0,2,1418.13,online_services,0,0
TXN100520,C1885,5147.03,21,0,0,2,3287.63,cash_withdrawal,0,0
TXN100521,C1762,3661.78,1,0,0,1,3892.75,online_services,0,0
TXN100522,C1763,3449.6,15,1,0,3,5017.72,cash_withdrawal,0,1
TXN100523,C1925,10285.06,9,0,0,2,8598.43,cash_withdrawal,1,1
TXN100524,C1818,10885.26,7,0,0,1,7906.32,online_services,0,0
TXN100525,C1821,7985.9,11,0,0,2,9231.21,electronics,0,0
TXN100526,C1651,5811.56,6,0,1,4,2747.49,online_services,0,0
TXN100527,C1256,1132.63,21,0,0,1,2339.05,cash_withdrawal,0,0
TXN100528,C1738,2958.74,21,0,0,1,5048.66,jewelry,0,0
TXN100529,C1858,1195.83,4,0,0,1,810.53,jewelry,0,0
TXN100530,C1099,1854.9,20,0,0,2,942.08,jewelry,1,0
TXN100531,C1040,1378.07,9,0,0,2,2450.4,cash_withdrawal,0,0
TXN100532,C1451,1991.38,1,0,0,5,4633.67,online_services,0,1
TXN100533,C1373,1678.88,23,0,0,1,2305.5,electronics,0,0
TXN100534,C1092,3326.65,9,0,0,3,3146.0,travel,0,0
TXN100535,C1765,1155.14,13,0,0,1,1109.2,electronics,0,0
TXN100536,C1205,739.15,4,0,0,4,913.76,cash_withdrawal,0,0
TXN100537,C1552,4077.61,11,0,0,2,4526.95,online_services,3,0
TXN100538,C1513,1494.95,8,0,0,1,1145.04,cash_withdrawal,0,0
TXN100539,C1168,1373.34,8,0,0,1,1807.06,cash_withdrawal,0,0
TXN100540,C1966,2173.4,15,0,0,1,2820.45,cash_withdrawal,0,0
TXN100541,C1302,1160.18,23,0,0,1,815.43,cash_withdrawal,1,1
TXN100542,C1346,13094.33,3,0,0,3,9126.86,restaurant,0,1
TXN100543,C1986,2152.52,2,1,0,2,2934.79,electronics,1,0
TXN100544,C1772,1567.53,7,0,1,2,1543.3,cash_withdrawal,0,1
TXN100545,C1692,1602.11,23,0,0,4,1460.03,jewelry,0,0
TXN100546,C1406,8449.88,17,0,0,2,5087.74,travel,0,0
TXN100547,C1092,936.79,12,0,1,1,2311.88,grocery,0,0
TXN100548,C1270,4084.01,17,0,0,3,9653.47,grocery,0,1
TXN100549,C1465,5560.13,11,0,1,5,6618.93,jewelry,0,1
TXN100550,C1766,3468.2,21,0,0,1,4522.61,travel,0,1
TXN100551,C1598,11436.18,12,1,0,3,7675.21,cash_withdrawal,2,0
TXN100552,C1653,4686.33,11,0,0,2,6649.0,grocery,0,0
TXN100553,C1691,1171.13,7,0,0,1,1224.15,restaurant,0,0
TXN100554,C1025,2258.35,19,0,0,3,3697.36,online_services,0,0
TXN100555,C1335,2316.29,19,1,0,5,2758.47,electronics,0,0
TXN100556,C1663,3748.8,2,0,0,2,3912.23,jewelry,0,0
TXN100557,C1843,2888.79,14,0,0,1,2502.72,jewelry,3,0
TXN100558,C1309,1080.94,20,0,0,1,2469.94,restaurant,0,0
TXN100559,C1119,941.76,4,0,0,4,1012.36,grocery,1,0
TXN100560,C1968,2348.51,1,0,0,1,1509.44,travel,1,0
TXN100561,C1504,11182.81,3,0,0,1,15434.38,grocery,1,1
TXN100562,C1240,2457.72,17,0,0,6,7323.67,electronics,0,0
TXN100563,C1397,1235.54,14,0,0,1,941.24,travel,0,0
TXN100564,C1686,1522.97,23,0,0,1,2582.05,jewelry,0,0
TXN100565,C1968,3234.89,17,0,0,1,2665.7,restaurant,1,1
TXN100566,C1601,3956.42,23,0,0,4,3077.41,jewelry,0,0
TXN100567,C1158,1125.36,13,1,0,2,1308.7,jewelry,0,0
TXN100568,C1101,3631.71,15,0,0,1,3617.75,online_services,0,0
TXN100569,C1417,6962.37,8,0,0,3,8140.13,grocery,0,0
TXN100570,C1706,8984.96,11,0,1,2,3344.28,electronics,0,1
TXN100571,C1454,12356.97,14,0,0,3,9340.36,electronics,2,1
TXN100572,C1875,1006.19,11,0,1,2,1762.96,grocery,0,0
TXN100573,C1702,2147.0,11,0,0,2,2717.6,online_services,0,0
TXN100574,C1923,454.73,20,0,1,2,1182.46,travel,0,0
TXN100575,C1062,2352.46,12,0,0,2,2163.88,travel,1,0
TXN100576,C1194,1875.77,3,1,0,1,2187.04,cash_withdrawal,0,0
TXN100577,C1843,1679.44,14,0,0,2,2281.16,grocery,0,0
TXN100578,C1678,2666.07,6,0,0,1,1917.89,jewelry,1,0
TXN100579,C1654,3519.77,19,0,0,1,2238.33,grocery,0,0
TXN100580,C1051,591.65,10,0,0,2,893.53,electronics,0,0
TXN100581,C1128,2857.76,18,0,0,1,4802.8,electronics,0,0
TXN100582,C1070,609.6,17,0,0,3,703.18,electronics,0,0
TXN100583,C1600,1199.17,6,0,0,1,1543.37,cash_withdrawal,0,0
TXN100584,C1890,5459.38,7,0,0,2,3955.84,travel,0,0
TXN100585,C1792,17039.09,4,0,0,1,10952.08,cash_withdrawal,0,0
TXN100586,C1922,688.64,19,0,0,2,880.46,grocery,0,0
TXN100587,C1283,5061.46,4,0,0,4,3149.96,electronics,0,0
TXN100588,C1553,1624.26,8,0,0,4,1948.41,cash_withdrawal,0,0
TXN100589,C1178,1942.87,3,1,0,2,1121.02,jewelry,0,1
TXN100590,C1887,6791.88,0,0,0,4,4192.76,electronics,0,1
TXN100591,C1015,5274.82,11,0,0,3,2296.04,cash_withdrawal,0,0
TXN100592,C1807,3152.17,7,0,0,3,2842.11,online_services,0,0
TXN100593,C1331,2498.82,0,0,0,3,2379.42,electronics,0,1
TXN100594,C1271,1088.72,1,0,0,1,2150.78,electronics,0,0
TXN100595,C1759,4366.75,13,0,0,1,2568.94,online_services,1,0
TXN100596,C1116,1685.16,23,0,0,2,2108.06,grocery,0,0
TXN100597,C1487,3196.76,14,0,0,1,2044.84,cash_withdrawal,0,0
TXN100598,C1370,11207.46,16,0,0,1,8867.64,online_services,0,0
TXN100599,C1111,1647.67,14,0,0,5,1336.11,online_services,0,1
TXN100600,C1226,3020.78,19,0,1,1,5591.67,grocery,0,0
TXN100601,C1744,2116.28,21,0,0,2,1649.77,online_services,1,0
TXN100602,C1308,1700.06,14,0,0,3,1254.43,jewelry,0,1
TXN100603,C1987,905.85,0,0,0,2,1448.81,grocery,1,0
TXN100604,C1490,5447.2,12,0,1,3,4833.52,restaurant,0,0
TXN100605,C1702,1745.32,3,0,0,1,2631.89,restaurant,0,0
TXN100606,C1729,4337.72,14,0,0,2,7651.45,grocery,0,0
TXN100607,C1920,5130.49,2,0,1,1,3353.0,travel,0,1
TXN100608,C1622,3762.38,4,0,0,3,5012.66,grocery,0,0
TXN100609,C1129,5024.54,8,0,0,3,3862.8,online_services,0,0
TXN100610,C1648,2463.21,18,0,0,2,2819.82,online_services,0,0
TXN100611,C1729,3054.69,10,0,1,1,2512.42,restaurant,0,1
TXN100612,C1611,4405.31,16,0,0,3,2993.37,travel,0,0
TXN100613,C1464,3678.4,16,0,0,3,2177.29,online_services,3,1
TXN100614,C1440,2176.46,3,0,0,4,2351.76,cash_withdrawal,0,0
TXN100615,C1718,1329.17,3,0,0,3,2160.81,cash_withdrawal,1,0
TXN100616,C1670,7221.61,20,0,0,3,4004.79,cash_withdrawal,0,0
TXN100617,C1564,2917.7,23,0,0,2,2341.12,cash_withdrawal,2,1
TXN100618,C1220,3946.15,13,0,0,1,2475.17,restaurant,0,0
TXN100619,C1909,1854.45,7,0,0,3,6648.98,restaurant,1,0
TXN100620,C1347,1343.63,14,0,0,1,1868.64,restaurant,1,0
TXN100621,C1425,499.26,23,0,0,3,1852.96,grocery,0,1
TXN100622,C1320,4755.7,13,0,0,1,2545.39,travel,0,0
TXN100623,C1681,3320.74,8,1,0,2,2504.81,travel,0,0
TXN100624,C1976,4067.94,4,0,0,1,1576.07,jewelry,2,1
TXN100625,C1945,1354.3,15,0,1,2,4407.39,grocery,0,1
TXN100626,C1093,2595.11,2,0,0,4,4172.13,grocery,0,0
TXN100627,C1442,9291.72,3,0,0,1,5587.46,jewelry,0,0
TXN100628,C1756,698.36,11,0,0,1,1224.16,cash_withdrawal,0,0
TXN100629,C1133,2245.88,17,0,0,3,2124.32,grocery,2,0
TXN100630,C1600,5629.22,17,0,0,1,2794.44,online_services,2,1
TXN100631,C1337,2542.22,21,0,0,2,1947.21,grocery,0,0
TXN100632,C1420,17176.64,11,0,1,1,11060.92,cash_withdrawal,0,0
TXN100633,C1681,5199.35,13,0,0,1,4944.24,cash_withdrawal,0,0
TXN100634,C1937,1713.38,23,0,0,2,1714.85,grocery,0,0
TXN100635,C1991,5623.39,9,0,1,1,3654.31,online_services,0,0
TXN100636,C1319,5357.87,11,1,0,2,4286.43,grocery,0,0
TXN100637,C1591,1830.75,16,0,0,1,2655.57,electronics,0,0
TXN100638,C1158,2341.17,21,0,0,2,2050.15,restaurant,0,0
TXN100639,C1229,5671.82,3,0,0,1,3578.95,travel,1,0
TXN100640,C1865,7819.86,17,1,0,4,7726.98,travel,0,0
TXN100641,C1117,4132.19,8,0,0,2,3624.09,online_services,1,0
TXN100642,C1231,1552.22,13,0,1,1,1784.18,cash_withdrawal,0,0
TXN100643,C1574,2703.61,19,0,0,3,2874.67,online_services,0,0
TXN100644,C1691,8037.63,20,0,0,1,9025.31,online_services,0,0
TXN100645,C1026,2139.26,19,0,0,1,5062.13,jewelry,1,0
TXN100646,C1849,3467.31,22,0,0,1,2347.01,travel,0,0
TXN100647,C1029,4388.17,5,0,0,3,4798.94,travel,0,0
TXN100648,C1719,6037.75,9,0,0,1,3088.3,travel,1,0
TXN100649,C1359,1744.47,0,1,0,2,2594.27,electronics,0,1
TXN100650,C1890,2495.95,4,0,0,4,2011.65,online_services,0,0
TXN100651,C1673,2237.17,12,0,0,1,1855.61,grocery,0,0
TXN100652,C1145,428.52,23,1,0,1,492.03,jewelry,0,0
TXN100653,C1995,5414.91,0,0,0,1,3075.51,grocery,0,0
TXN100654,C1764,2147.78,16,1,0,3,2390.74,electronics,0,0
TXN100655,C1385,9121.7,13,1,0,1,6934.63,restaurant,1,0
TXN100656,C1349,2836.96,5,0,0,1,3431.35,travel,2,0
TXN100657,C1319,686.52,23,0,0,1,1466.86,travel,0,0
TXN100658,C1795,6256.3,18,0,0,1,4767.79,online_services,1,0
TXN100659,C1086,1253.07,1,0,0,1,2105.75,electronics,3,1
TXN100660,C1161,3277.99,19,1,0,1,7573.82,grocery,1,0
TXN100661,C1690,6555.27,2,0,0,1,5560.07,travel,0,0
TXN100662,C1453,8497.77,21,0,0,1,4497.04,restaurant,0,0
TXN100663,C1497,2395.91,19,0,0,2,6422.63,restaurant,1,0
TXN100664,C1424,3915.66,8,0,0,3,3914.41,electronics,0,0
TXN100665,C1773,1759.55,16,0,0,2,1234.79,grocery,1,0
TXN100666,C1353,2005.43,13,0,0,2,3747.33,grocery,0,0
TXN100667,C1290,4376.72,21,0,0,1,5221.48,jewelry,0,0
TXN100668,C1607,4663.96,15,0,0,2,2425.71,online_services,0,0
TXN100669,C1683,3483.87,9,0,0,1,2084.97,grocery,2,0
TXN100670,C1225,16939.65,12,0,0,2,10944.04,online_services,0,0
TXN100671,C1056,3549.94,0,0,0,1,2750.78,electronics,0,0
TXN100672,C1308,976.01,6,0,0,1,952.04,cash_withdrawal,0,0
TXN100673,C1140,13670.42,8,0,0,1,7639.01,travel,0,1
TXN100674,C1335,12694.48,3,0,0,1,9125.48,grocery,0,1
TXN100675,C1509,3836.55,23,0,1,1,3071.58,restaurant,0,0
TXN100676,C1179,248.59,4,0,0,1,528.43,restaurant,1,0
TXN100677,C1545,3908.93,22,1,0,1,4255.38,electronics,0,1
TXN100678,C1512,14450.38,17,0,0,3,4919.75,cash_withdrawal,0,0
TXN100679,C1684,1835.29,11,0,0,3,2645.8,grocery,0,0
TXN100680,C1406,5816.0,23,0,0,1,4965.87,grocery,1,0
TXN100681,C1446,1335.52,0,1,0,2,3263.72,restaurant,0,0
TXN100682,C1943,4575.0,2,0,0,2,5016.84,cash_withdrawal,0,0
TXN100683,C1320,2590.49,18,0,0,5,1735.95,restaurant,0,0
TXN100684,C1587,978.72,12,0,0,1,885.87,jewelry,0,0
TXN100685,C1655,3697.29,13,0,0,3,2945.68,travel,2,0
TXN100686,C1117,2422.3,12,0,0,3,1125.1,grocery,1,0
TXN100687,C1989,1796.92,10,1,0,6,1742.71,electronics,0,0
TXN100688,C1820,2263.85,19,0,0,1,3542.91,restaurant,0,0
TXN100689,C1851,3428.19,22,0,0,2,2713.72,travel,0,0
TXN100690,C1090,1557.26,13,0,0,2,2374.13,cash_withdrawal,0,0
TXN100691,C1108,3459.02,7,0,0,1,3310.05,restaurant,1,0
TXN100692,C1603,5843.54,12,0,0,2,3066.92,online_services,0,0
TXN100693,C1080,2538.97,12,0,1,1,1994.46,cash_withdrawal,1,0
TXN100694,C1317,5845.82,23,1,0,1,3408.89,travel,0,0
TXN100695,C1226,5820.48,10,0,0,3,5027.25,cash_withdrawal,0,0
TXN100696,C1172,12201.64,2,0,0,2,3281.8,online_services,0,1
TXN100697,C1648,3025.63,3,0,0,2,1608.41,online_services,0,0
TXN100698,C1522,1425.01,6,0,0,2,2230.01,cash_withdrawal,0,0
TXN100699,C1357,4554.94,11,0,0,4,4113.54,jewelry,0,0
TXN100700,C1981,1875.5,20,0,0,2,1910.68,cash_withdrawal,1,0
TXN100701,C1151,1690.74,7,0,0,3,1978.05,grocery,1,0
TXN100702,C1149,5087.63,8,0,0,2,4949.53,electronics,0,0
TXN100703,C1177,1212.86,19,0,0,1,2080.3,electronics,0,0
TXN100704,C1778,8109.11,20,0,0,3,7514.01,grocery,0,0
TXN100705,C1181,16729.21,20,0,0,1,14026.08,restaurant,0,0
TXN100706,C1475,5634.27,18,0,0,5,2925.66,cash_withdrawal,1,0
TXN100707,C1593,1500.15,14,0,0,1,2032.68,jewelry,0,0
TXN100708,C1946,534.13,18,0,0,3,748.24,jewelry,0,0
TXN100709,C1650,2715.55,19,0,0,3,1951.69,travel,0,0
TXN100710,C1884,3607.22,20,0,0,1,4273.85,travel,0,0
TXN100711,C1154,1794.39,14,0,0,5,1731.75,grocery,1,0
TXN100712,C1480,11016.22,14,0,0,4,8969.76,jewelry,2,0
TXN100713,C1310,3274.51,8,0,0,1,5090.52,online_services,0,0
TXN100714,C1057,4211.65,11,0,0,2,5894.01,online_services,0,0
TXN100715,C1075,937.98,9,1,0,1,1035.84,restaurant,2,0
TXN100716,C1462,6999.37,1,0,1,1,6367.35,grocery,3,0
TXN100717,C1377,1894.69,9,0,0,1,4158.51,grocery,0,0
TXN100718,C1660,950.34,2,0,0,4,1474.59,online_services,1,0
TXN100719,C1608,1728.19,16,0,0,3,1425.55,restaurant,0,0
TXN100720,C1473,747.02,18,0,0,5,735.67,online_services,0,0
TXN100721,C1977,743.51,23,1,0,1,841.4,grocery,0,0
TXN100722,C1460,2180.41,18,0,0,3,2526.85,jewelry,0,0
TXN100723,C1192,5275.18,10,0,0,6,2757.16,online_services,0,1
TXN100724,C1487,1496.09,16,0,0,1,1977.34,electronics,0,0
TXN100725,C1980,3885.75,1,0,1,2,7674.9,restaurant,0,1
TXN100726,C1105,1295.41,10,0,0,1,2324.87,jewelry,0,0
TXN100727,C1086,3426.2,16,0,0,3,3203.51,jewelry,0,1
TXN100728,C1176,911.63,1,0,0,3,792.4,electronics,0,0
TXN100729,C1724,4271.19,14,0,0,3,2581.95,restaurant,0,0
TXN100730,C1536,1176.36,16,0,0,4,1999.76,online_services,1,0
TXN100731,C1162,889.46,11,0,0,2,1075.27,travel,0,0
TXN100732,C1939,4879.83,9,0,1,1,2864.28,restaurant,0,0
TXN100733,C1418,4578.45,10,0,0,1,5059.21,jewelry,0,0
TXN100734,C1612,2299.86,1,0,0,3,2187.92,cash_withdrawal,0,0
TXN100735,C1646,3909.76,20,0,0,2,2905.58,travel,1,0
TXN100736,C1067,2430.74,10,0,0,2,3165.83,grocery,1,0
TXN100737,C1571,2598.74,21,0,0,4,2621.99,restaurant,0,1
TXN100738,C1290,1760.84,8,0,0,2,1139.42,jewelry,0,0
TXN100739,C1872,2031.98,21,0,0,3,2724.44,online_services,0,0
TXN100740,C1894,3103.44,4,0,0,1,2124.87,travel,2,0
TXN100741,C1083,2385.67,18,1,0,3,2542.81,jewelry,0,0
TXN100742,C1144,5625.98,11,0,0,1,4243.77,travel,0,0
TXN100743,C1990,3830.88,20,0,0,2,5051.26,jewelry,0,0
TXN100744,C1678,7785.66,12,0,1,3,3758.79,electronics,3,0
TXN100745,C1609,2683.37,22,0,0,3,4057.67,grocery,0,0
TXN100746,C1317,8781.45,17,0,0,2,6557.55,restaurant,0,0
TXN100747,C1658,1484.13,10,0,0,3,2851.21,cash_withdrawal,1,0
TXN100748,C1130,4157.12,21,0,0,1,3047.4,jewelry,0,0
TXN100749,C1848,1266.36,23,0,0,2,1271.26,jewelry,0,0
TXN100750,C1934,17864.37,16,0,0,2,11273.25,grocery,0,0
TXN100751,C1661,1575.7,21,0,0,2,1028.46,restaurant,0,0
TXN100752,C1520,3505.56,11,0,0,3,3970.34,grocery,0,0
TXN100753,C1371,3971.62,9,0,0,1,2566.47,electronics,0,0
TXN100754,C1973,10473.49,6,1,0,3,4729.96,travel,0,0
TXN100755,C1970,3655.54,15,0,0,1,3917.69,electronics,0,0
TXN100756,C1231,5756.49,4,0,0,1,3749.84,electronics,1,0
TXN100757,C1079,3790.63,9,0,0,3,3314.24,cash_withdrawal,2,1
TXN100758,C1807,4018.6,3,0,0,2,5169.26,online_services,0,0
TXN100759,C1789,9957.07,17,0,0,1,6314.08,cash_withdrawal,0,0
TXN100760,C1756,3643.54,16,0,0,3,2459.66,grocery,0,0
TXN100761,C1677,6428.67,10,0,0,3,7862.35,cash_withdrawal,0,0
TXN100762,C1632,1489.72,4,0,0,1,7323.39,online_services,1,1
TXN100763,C1385,3376.63,4,0,0,1,2685.81,electronics,2,0
TXN100764,C1185,1025.31,22,0,0,1,2008.34,cash_withdrawal,0,0
TXN100765,C1639,2347.09,5,0,0,4,3759.92,jewelry,0,0
TXN100766,C1448,2630.67,1,0,0,2,2660.85,restaurant,0,1
TXN100767,C1373,4076.56,21,0,0,1,1734.68,jewelry,0,0
TXN100768,C1243,2791.94,14,0,0,5,3261.82,online_services,0,0
TXN100769,C1291,809.91,23,0,0,1,956.6,cash_withdrawal,1,0
TXN100770,C1459,1261.13,7,0,0,3,2178.58,online_services,0,0
TXN100771,C1244,1757.48,9,0,0,1,1994.49,cash_withdrawal,0,0
TXN100772,C1803,1563.59,15,0,0,3,3023.87,cash_withdrawal,0,0
TXN100773,C1198,1658.1,11,0,0,1,2888.01,jewelry,0,0
TXN100774,C1969,4325.27,18,0,1,2,5863.96,restaurant,0,1
TXN100775,C1472,2783.78,9,0,1,1,3213.27,cash_withdrawal,0,0
TXN100776,C1391,3334.47,16,0,0,3,4857.65,online_services,0,0
TXN100777,C1428,10554.7,5,1,0,3,4105.68,cash_withdrawal,0,0
TXN100778,C1204,3908.84,19,0,0,2,3671.01,electronics,1,1
TXN100779,C1893,5314.02,8,0,0,3,3886.19,grocery,0,0
TXN100780,C1656,4950.14,15,0,0,1,3657.51,cash_withdrawal,0,0
TXN100781,C1380,4118.29,17,0,0,2,8872.65,grocery,0,0
TXN100782,C1728,923.95,16,0,0,2,1962.89,cash_withdrawal,0,0
TXN100783,C1127,5010.36,9,0,0,3,3712.82,grocery,0,0
TXN100784,C1781,2489.96,5,0,0,3,1075.34,travel,0,0
TXN100785,C1460,2119.97,16,0,0,2,1598.36,electronics,0,0
TXN100786,C1850,12369.6,13,0,0,1,7118.01,grocery,0,0
TXN100787,C1969,1374.76,7,0,0,1,1881.84,cash_withdrawal,0,0
TXN100788,C1461,4669.08,11,0,0,1,7257.17,grocery,0,0
TXN100789,C1424,2429.38,1,0,1,2,4772.4,restaurant,0,0
TXN100790,C1514,4430.6,11,0,0,3,4910.94,electronics,0,0
TXN100791,C1395,597.26,2,0,0,1,518.79,travel,1,0
TXN100792,C1229,1339.15,0,0,0,2,1594.6,travel,2,0
TXN100793,C1953,2860.69,3,0,0,2,2742.54,cash_withdrawal,0,1
TXN100794,C1731,2857.07,20,0,0,1,4685.01,travel,0,0
TXN100795,C1810,3613.44,4,0,0,3,2749.05,electronics,0,0
TXN100796,C1039,2933.6,9,0,0,1,2004.92,cash_withdrawal,0,0
TXN100797,C1483,11733.41,22,0,0,3,9618.17,cash_withdrawal,0,0
TXN100798,C1142,1488.88,22,0,0,2,2983.27,restaurant,0,0
TXN100799,C1459,2446.21,19,1,0,1,3274.86,grocery,1,0
TXN100800,C1927,6360.03,2,1,0,3,4322.66,grocery,0,0
TXN100801,C1262,8219.89,6,0,0,1,7767.13,cash_withdrawal,0,0
TXN100802,C1153,2330.17,17,0,0,1,2762.58,jewelry,0,0
TXN100803,C1623,4546.65,16,0,0,1,4093.74,restaurant,0,0
TXN100804,C1113,3683.15,9,0,0,1,1666.64,electronics,0,0
TXN100805,C1308,4985.62,3,0,1,1,4343.51,grocery,3,0
TXN100806,C1244,1871.78,13,0,0,2,1482.06,jewelry,0,0
TXN100807,C1812,1179.32,19,0,0,1,1872.25,restaurant,0,0
TXN100808,C1064,5911.89,3,0,0,4,6435.86,cash_withdrawal,2,1
TXN100809,C1926,15073.96,15,0,1,1,17060.63,online_services,0,0
TXN100810,C1548,578.19,0,0,0,1,753.03,jewelry,0,0
TXN100811,C1527,2542.85,18,0,0,1,5452.23,electronics,1,0
TXN100812,C1735,8230.07,4,0,0,1,5320.89,travel,0,0
TXN100813,C1439,622.63,0,0,0,4,621.05,online_services,1,0
TXN100814,C1361,24798.86,7,0,1,1,18947.14,online_services,0,1
TXN100815,C1426,19856.13,5,0,0,3,15134.06,jewelry,1,0
TXN100816,C1684,2985.82,2,0,1,3,2347.45,online_services,0,1
TXN100817,C1998,8895.73,11,0,0,1,4999.92,grocery,0,0
TXN100818,C1976,7444.18,16,0,0,1,7008.69,online_services,0,0
TXN100819,C1519,3522.16,16,0,1,1,3586.67,online_services,0,1
TXN100820,C1020,4615.95,12,0,0,1,4877.16,cash_withdrawal,1,0
TXN100821,C1481,5415.16,1,0,0,1,4887.14,jewelry,0,0
TXN100822,C1396,2569.69,11,0,0,1,1592.81,travel,0,0
TXN100823,C1765,2817.39,0,0,0,2,4173.08,travel,1,1
TXN100824,C1807,2365.93,2,0,0,3,4119.9,travel,0,0
TXN100825,C1246,6905.35,23,0,0,1,3049.03,jewelry,0,0
TXN100826,C1643,3070.83,3,0,0,1,3040.95,cash_withdrawal,1,0
TXN100827,C1595,4007.39,23,0,0,1,2946.58,cash_withdrawal,0,0
TXN100828,C1340,1213.22,4,0,0,1,2311.99,grocery,2,0
TXN100829,C1360,1172.68,17,0,0,2,1735.2,travel,0,0
TXN100830,C1833,2924.48,20,0,0,1,2191.4,electronics,0,0
TXN100831,C1850,1572.76,21,0,1,3,3180.09,restaurant,0,0
TXN100832,C1712,6160.2,15,1,0,1,6602.23,jewelry,0,0
TXN100833,C1186,3353.46,4,0,0,4,3775.31,grocery,0,0
TXN100834,C1733,7014.7,14,0,0,1,7487.14,grocery,0,0
TXN100835,C1300,8008.07,6,0,0,2,5925.19,grocery,0,0
TXN100836,C1810,1236.08,6,0,0,1,2025.19,grocery,2,1
TXN100837,C1323,34361.63,9,0,0,1,14828.97,online_services,0,0
TXN100838,C1407,6281.38,17,0,0,1,5935.44,restaurant,0,0
TXN100839,C1259,1754.7,1,0,0,4,3006.57,cash_withdrawal,1,0
TXN100840,C1662,1210.45,6,0,0,1,1794.82,travel,1,0
TXN100841,C1365,6130.84,1,0,0,1,6190.01,cash_withdrawal,0,0
TXN100842,C1671,2065.3,10,0,0,2,1756.07,travel,0,0
TXN100843,C1127,3867.71,11,0,0,2,4728.05,restaurant,0,0
TXN100844,C1910,1703.07,12,0,0,2,2000.62,jewelry,0,0
TXN100845,C1450,1387.25,12,0,0,4,2273.16,travel,0,0
TXN100846,C1997,4852.65,5,0,0,1,3137.98,restaurant,1,0
TXN100847,C1708,1717.73,15,0,0,1,2795.1,travel,0,0
TXN100848,C1946,1311.72,16,1,0,2,1278.65,travel,0,0
TXN100849,C1820,1238.57,2,0,0,4,2385.03,jewelry,0,0
TXN100850,C1434,1796.6,2,0,0,1,2338.49,restaurant,0,0
TXN100851,C1616,1184.61,5,0,0,1,762.7,online_services,1,0
TXN100852,C1300,1645.53,10,0,0,2,1251.74,grocery,1,0
TXN100853,C1081,4854.83,10,0,0,2,3952.33,jewelry,0,0
TXN100854,C1302,4070.66,9,0,0,1,7500.6,restaurant,0,0
TXN100855,C1617,3219.61,22,1,0,1,3285.65,restaurant,0,0
TXN100856,C1170,2836.58,22,0,0,1,3676.34,restaurant,0,0
TXN100857,C1359,7801.79,14,0,0,1,5892.03,grocery,0,0
TXN100858,C1744,2531.2,11,0,0,2,2953.27,online_services,0,0
TXN100859,C1445,2831.71,8,0,0,2,2082.22,jewelry,0,0
TXN100860,C1810,2738.59,1,0,1,1,3714.93,grocery,1,1
TXN100861,C1687,6944.31,20,1,0,1,12953.39,restaurant,0,0
TXN100862,C1372,8363.17,16,1,0,1,7186.59,cash_withdrawal,1,0
TXN100863,C1767,1545.21,21,0,0,3,2930.48,electronics,0,0
TXN100864,C1975,2280.63,0,0,0,2,1584.52,electronics,0,0
TXN100865,C1869,3636.2,19,0,1,2,4995.73,jewelry,0,1
TXN100866,C1800,979.0,14,0,0,3,843.34,grocery,0,1
TXN100867,C1129,929.14,2,0,0,1,1344.9,electronics,2,1
TXN100868,C1797,3021.21,20,0,0,2,4450.05,travel,0,0
TXN100869,C1370,578.32,12,0,0,1,1056.69,online_services,1,0
TXN100870,C1033,744.35,19,0,0,2,788.58,electronics,0,0
TXN100871,C1695,1676.17,14,1,0,2,2191.21,travel,0,0
TXN100872,C1380,660.84,14,0,0,1,1038.4,cash_withdrawal,0,0
TXN100873,C1078,3469.57,18,0,0,1,2649.67,electronics,0,0
TXN100874,C1542,2032.35,11,0,0,2,2371.61,restaurant,0,0
TXN100875,C1321,4090.03,20,0,0,1,6161.2,travel,1,0
TXN100876,C1255,986.94,3,0,0,1,702.95,grocery,0,0
TXN100877,C1753,1788.62,5,0,0,2,1641.1,restaurant,0,0
TXN100878,C1530,2422.01,12,0,0,1,2845.48,online_services,2,0
TXN100879,C1120,5595.08,8,0,1,2,6284.01,cash_withdrawal,0,0
TXN100880,C1266,3651.91,22,0,0,1,7433.72,restaurant,0,0
TXN100881,C1219,10400.3,19,0,0,1,9746.3,travel,0,0
TXN100882,C1710,3311.44,15,0,0,1,2303.0,electronics,0,0
TXN100883,C1125,5498.72,4,0,0,1,4470.48,cash_withdrawal,1,1
TXN100884,C1075,3492.76,14,0,0,1,5513.29,electronics,0,0
TXN100885,C1920,523.12,22,0,0,2,305.47,restaurant,1,0
TXN100886,C1089,4960.29,21,0,0,1,2947.3,cash_withdrawal,0,0
TXN100887,C1327,4558.5,21,0,0,3,2763.64,travel,2,0
TXN100888,C1726,7673.56,2,0,0,1,8371.42,online_services,2,1
TXN100889,C1555,10815.23,9,0,0,2,13361.13,travel,0,0
TXN100890,C1871,1927.27,5,0,0,1,1888.74,jewelry,0,0
TXN100891,C1726,9533.02,22,0,0,1,9099.04,jewelry,0,0
TXN100892,C1178,6303.29,11,0,0,1,8340.25,online_services,0,0
TXN100893,C1229,1241.0,3,0,0,1,1208.78,electronics,3,0
TXN100894,C1811,1840.34,4,0,0,5,1691.2,electronics,1,1
TXN100895,C1809,5097.29,15,0,0,1,5101.22,grocery,0,0
TXN100896,C1369,615.1,17,0,1,2,564.02,online_services,0,0
TXN100897,C1377,10353.74,14,0,0,1,8606.73,cash_withdrawal,0,0
TXN100898,C1564,1552.34,4,1,0,1,1818.4,online_services,0,0
TXN100899,C1905,2215.77,2,0,0,1,2257.51,grocery,0,0
TXN100900,C1316,2880.06,12,0,0,1,4389.78,jewelry,1,0
TXN100901,C1736,2791.64,15,0,1,1,3799.74,online_services,0,1
TXN100902,C1420,3373.13,13,1,0,3,3504.77,cash_withdrawal,0,0
TXN100903,C1588,1001.1,2,0,0,1,2179.71,electronics,0,0
TXN100904,C1995,3173.26,10,1,0,1,3296.56,jewelry,0,0
TXN100905,C1075,3338.72,14,0,0,4,4162.08,restaurant,0,0
TXN100906,C1696,638.02,16,0,1,1,872.35,travel,0,0
TXN100907,C1131,3113.28,17,0,0,3,2523.84,jewelry,2,1
TXN100908,C1601,6423.25,5,0,0,1,6862.06,cash_withdrawal,0,0
TXN100909,C1989,7279.91,4,0,0,1,8296.41,restaurant,0,0
TXN100910,C1514,928.03,1,0,0,4,754.23,cash_withdrawal,0,0
TXN100911,C1127,8244.16,16,0,0,1,8011.77,electronics,2,0
TXN100912,C1311,3201.51,5,0,0,1,1434.56,electronics,0,0
TXN100913,C1330,2708.08,22,0,0,5,2282.48,electronics,0,0
TXN100914,C1354,722.72,16,0,0,1,1034.21,travel,0,0
TXN100915,C1866,1929.24,2,0,0,2,2091.56,travel,0,1
TXN100916,C1201,6476.75,20,0,0,1,3151.87,online_services,0,0
TXN100917,C1281,7772.32,4,0,0,3,3670.41,jewelry,1,0
TXN100918,C1310,373.16,19,0,0,5,631.24,online_services,0,1
TXN100919,C1095,6941.74,16,0,0,2,6914.34,jewelry,0,0
TXN100920,C1172,700.14,18,0,0,4,958.43,online_services,0,0
TXN100921,C1157,1221.06,5,0,0,2,575.18,jewelry,0,0
TXN100922,C1639,1422.48,23,0,0,1,833.57,online_services,1,0
TXN100923,C1345,2067.17,18,0,0,2,2150.92,grocery,0,0
TXN100924,C1845,1040.63,0,0,0,1,1046.41,grocery,0,0
TXN100925,C1046,2300.06,20,0,0,1,3905.65,cash_withdrawal,0,0
TXN100926,C1590,7531.54,8,0,0,4,11045.21,jewelry,0,1
TXN100927,C1215,3194.6,18,0,0,3,2080.73,restaurant,0,0
TXN100928,C1632,3359.96,20,0,0,4,5895.73,grocery,0,0
TXN100929,C1509,1137.24,20,0,0,1,2061.96,online_services,0,0
TXN100930,C1296,3151.54,20,0,0,3,4383.98,travel,0,0
TXN100931,C1494,2390.19,7,0,0,2,1060.63,cash_withdrawal,0,0
TXN100932,C1826,2401.75,21,0,0,3,3503.4,restaurant,0,0
TXN100933,C1304,2247.25,14,0,0,2,2254.09,grocery,1,0
TXN100934,C1705,1123.35,1,0,0,3,1319.71,electronics,3,0
TXN100935,C1450,3111.75,13,0,0,2,1843.5,restaurant,0,0
TXN100936,C1475,2482.95,6,0,0,1,2238.15,travel,0,0
TXN100937,C1621,396.49,4,0,0,1,718.63,travel,0,0
TXN100938,C1882,1264.53,22,1,0,3,2712.54,travel,0,0
TXN100939,C1751,5613.31,11,0,0,3,6463.98,restaurant,0,0
TXN100940,C1133,3320.07,11,0,0,1,6044.89,online_services,0,0
TXN100941,C1575,4874.31,3,0,0,2,4835.05,travel,0,1
TXN100942,C1247,3623.71,14,0,0,3,4226.88,grocery,2,0
TXN100943,C1273,1381.02,14,0,0,4,1413.43,electronics,0,0
TXN100944,C1144,3891.74,3,0,0,2,1803.47,grocery,0,0
TXN100945,C1297,1815.12,12,0,0,2,2455.73,cash_withdrawal,0,0
TXN100946,C1630,9916.08,13,0,0,1,6498.27,electronics,0,0
TXN100947,C1985,3554.14,5,0,0,2,2970.32,cash_withdrawal,2,0
TXN100948,C1335,3201.29,18,0,0,5,3092.25,jewelry,1,1
TXN100949,C1320,4205.12,6,0,0,2,14339.09,cash_withdrawal,0,0
TXN100950,C1163,2230.68,15,0,0,1,3704.6,online_services,3,0
TXN100951,C1478,1546.32,15,0,0,1,1942.79,travel,1,0
TXN100952,C1509,954.45,0,0,0,5,2271.14,grocery,0,0
TXN100953,C1967,1107.61,12,0,0,3,783.41,online_services,0,0
TXN100954,C1468,2710.73,7,0,0,2,3044.21,electronics,0,0
TXN100955,C1597,2076.28,11,0,0,3,2277.72,grocery,1,0
TXN100956,C1051,13192.75,9,0,0,4,5221.25,restaurant,0,0
TXN100957,C1611,728.34,20,0,0,1,802.47,jewelry,2,1
TXN100958,C1481,11252.15,9,0,0,1,10285.97,online_services,0,0
TXN100959,C1008,1230.73,3,0,0,1,931.24,restaurant,0,0
TXN100960,C1137,2801.32,8,0,0,2,3203.03,jewelry,0,0
TXN100961,C1374,532.9,12,0,0,3,805.18,travel,1,0
TXN100962,C1046,1816.23,12,0,1,1,2152.86,grocery,0,0
TXN100963,C1583,4661.71,17,0,0,1,4474.06,electronics,0,0
TXN100964,C1371,1322.06,17,0,0,3,1806.82,travel,0,0
TXN100965,C1075,2103.57,12,0,0,3,2098.49,online_services,0,0
TXN100966,C1461,7864.33,17,0,0,2,5172.39,travel,0,0
TXN100967,C1845,3515.0,19,0,0,1,3606.76,jewelry,0,0
TXN100968,C1625,6483.44,3,0,0,4,6371.92,electronics,0,0
TXN100969,C1998,1434.49,3,0,0,4,1752.96,restaurant,0,0
TXN100970,C1382,3380.28,10,1,0,4,3329.79,online_services,2,0
TXN100971,C1961,12631.2,11,1,0,2,8977.39,cash_withdrawal,1,0
TXN100972,C1147,2059.79,6,0,0,1,1225.06,online_services,2,0
TXN100973,C1521,3967.38,12,0,0,2,1970.46,online_services,0,0
TXN100974,C1041,1204.46,1,0,1,4,1212.75,grocery,1,0
TXN100975,C1140,2821.32,22,0,0,2,2490.06,travel,0,0
TXN100976,C1823,1412.1,15,0,0,1,1930.41,online_services,0,0
TXN100977,C1467,2707.37,4,0,0,1,3772.13,online_services,2,1
TXN100978,C1914,11184.86,16,1,0,3,4931.6,electronics,0,0
TXN100979,C1335,7203.29,19,1,1,1,3907.33,travel,0,0
TXN100980,C1166,1637.48,12,1,0,1,4037.68,online_services,0,0
TXN100981,C1757,996.14,9,0,0,3,895.72,online_services,0,0
TXN100982,C1344,3978.54,16,0,0,1,2813.5,cash_withdrawal,0,0
TXN100983,C1521,2443.8,17,0,0,4,1392.59,restaurant,0,0
TXN100984,C1725,2689.3,18,0,0,2,3247.27,travel,0,0
TXN100985,C1486,1674.21,0,0,0,2,2713.93,travel,0,0
TXN100986,C1339,1547.84,21,0,0,3,2175.08,grocery,0,0
TXN100987,C1426,4410.66,18,0,0,4,4650.5,travel,0,0
TXN100988,C1815,28880.75,23,0,1,4,10386.78,cash_withdrawal,0,0
TXN100989,C1704,5205.33,20,0,0,2,3018.86,grocery,0,0
TXN100990,C1611,4902.94,15,0,0,1,7533.67,travel,1,0
TXN100991,C1990,11010.94,20,0,0,2,7463.75,cash_withdrawal,2,0
TXN100992,C1995,1174.34,18,0,0,3,1935.35,online_services,0,0
TXN100993,C1233,9769.81,23,0,0,1,11933.05,grocery,3,0
TXN100994,C1597,5811.84,15,0,0,2,3874.26,electronics,0,0
TXN100995,C1536,2752.31,20,0,0,3,2389.27,jewelry,0,0
TXN100996,C1634,8401.25,12,0,0,2,7879.86,electronics,1,0
TXN100997,C1841,3278.04,21,0,0,1,5278.28,electronics,0,0
TXN100998,C1032,1689.64,18,0,0,1,4633.77,jewelry,0,0
TXN100999,C1112,3314.07,6,0,0,2,1737.93,grocery,0,0
TXN101000,C1451,1082.46,10,0,0,1,849.03,restaurant,0,0
TXN101001,C1155,2716.04,13,0,0,1,4117.04,jewelry,0,0
TXN101002,C1208,36023.75,13,1,0,4,10254.17,online_services,1,0
TXN101003,C1793,4741.82,19,0,0,1,3946.47,restaurant,0,0
TXN101004,C1893,2136.82,23,0,0,2,1677.72,jewelry,3,0
TXN101005,C1063,776.71,22,0,0,1,1304.17,electronics,1,0
TXN101006,C1531,5044.33,6,0,0,1,5788.91,online_services,0,0
TXN101007,C1332,675.88,21,0,0,4,618.99,restaurant,1,0
TXN101008,C1538,2693.12,12,0,0,1,5318.04,travel,0,0
TXN101009,C1979,1086.65,5,0,0,1,3028.31,restaurant,0,0
TXN101010,C1934,4232.18,17,0,0,4,4403.93,travel,0,0
TXN101011,C1559,1359.97,11,0,0,1,1702.35,jewelry,0,0
TXN101012,C1790,1468.54,23,0,0,1,2713.82,jewelry,0,0
TXN101013,C1658,2247.42,22,0,0,1,2035.48,travel,3,1
TXN101014,C1624,5062.6,15,0,0,2,6070.26,electronics,0,0
TXN101015,C1980,674.51,7,0,0,1,1212.15,travel,0,0
TXN101016,C1571,4487.04,9,0,1,4,4568.39,electronics,0,0
TXN101017,C1964,7845.2,9,0,0,2,6827.22,cash_withdrawal,0,0
TXN101018,C1295,7425.57,22,0,0,1,7477.45,electronics,0,0
TXN101019,C1706,4698.56,22,0,0,1,7152.38,restaurant,0,0
TXN101020,C1324,2593.65,15,0,0,2,2081.71,travel,0,0
TXN101021,C1573,949.54,23,0,0,1,1782.25,travel,0,0
TXN101022,C1294,9253.14,3,0,0,2,6853.11,online_services,0,1
TXN101023,C1692,5758.44,17,1,0,1,4003.5,restaurant,0,0
TXN101024,C1917,3545.67,12,0,0,1,1859.86,cash_withdrawal,0,0
TXN101025,C1353,2196.01,4,0,0,2,1903.71,travel,0,0
TXN101026,C1043,668.51,9,0,0,3,3515.09,jewelry,0,0
TXN101027,C1080,1354.68,11,0,0,3,1700.04,restaurant,0,0
TXN101028,C1671,1156.73,8,0,0,2,968.38,jewelry,0,0
TXN101029,C1490,4918.61,6,0,0,1,2531.84,electronics,0,0
TXN101030,C1847,2128.78,17,0,0,1,3008.59,travel,0,0
TXN101031,C1955,2016.07,17,0,0,4,803.43,jewelry,1,0
TXN101032,C1278,1172.12,4,0,0,3,1026.69,grocery,1,0
TXN101033,C1630,521.86,23,0,0,2,709.41,online_services,0,0
TXN101034,C1245,1230.26,7,0,0,4,1824.57,grocery,2,1
TXN101035,C1685,1587.35,16,0,0,4,2013.13,electronics,0,0
TXN101036,C1653,3255.64,7,0,0,3,6137.41,grocery,1,0
TXN101037,C1102,1528.29,13,0,0,1,1748.94,travel,0,1
TXN101038,C1734,2065.21,15,1,0,4,3762.74,grocery,1,1
TXN101039,C1697,3253.83,4,0,0,3,4379.11,grocery,3,0
TXN101040,C1987,1832.6,17,0,0,3,1009.9,electronics,0,0
TXN101041,C1416,2355.02,20,0,0,4,2341.95,restaurant,1,0
TXN101042,C1488,2712.29,20,0,0,4,3904.94,electronics,1,0
TXN101043,C1774,10859.87,9,0,0,3,5207.61,travel,0,0
TXN101044,C1292,5278.21,20,0,0,3,2737.87,grocery,3,0
TXN101045,C1929,3513.85,2,0,0,3,5295.68,jewelry,0,1
TXN101046,C1587,3152.27,7,0,0,1,6945.08,online_services,0,0
TXN101047,C1756,1647.75,23,0,0,1,1674.94,cash_withdrawal,0,0
TXN101048,C1959,7029.17,1,0,0,2,4558.65,electronics,0,0
TXN101049,C1427,1224.8,5,0,0,1,1663.17,grocery,0,0
TXN101050,C1856,1339.72,12,0,0,1,683.72,cash_withdrawal,0,0
TXN101051,C1507,2592.34,5,0,0,1,2067.42,jewelry,1,0
TXN101052,C1985,2396.58,9,0,0,1,2109.21,grocery,0,0
TXN101053,C1009,2031.27,9,1,0,1,3407.68,online_services,0,0
TXN101054,C1617,4137.07,3,0,0,2,4672.1,travel,0,0
TXN101055,C1291,733.95,14,0,0,2,919.08,jewelry,0,1
TXN101056,C1556,1631.98,16,0,0,3,1890.39,restaurant,0,0
TXN101057,C1910,1007.04,4,0,0,2,1479.65,cash_withdrawal,0,0
TXN101058,C1516,1464.29,14,0,0,2,1843.35,travel,0,0
TXN101059,C1197,14761.11,3,0,0,1,22151.23,travel,0,0
TXN101060,C1166,1062.63,23,0,0,3,1183.16,restaurant,0,1
TXN101061,C1663,5397.14,8,0,0,1,3349.77,jewelry,1,0
TXN101062,C1190,956.53,0,0,0,4,2362.8,jewelry,0,0
TXN101063,C1345,2307.52,9,0,0,1,3913.44,online_services,0,0
TXN101064,C1690,4661.56,6,0,0,2,4073.3,electronics,0,0
TXN101065,C1625,2002.2,20,0,0,1,2459.59,restaurant,0,0
TXN101066,C1846,12637.46,13,0,1,5,7460.85,online_services,0,0
TXN101067,C1335,1903.66,2,0,0,1,3713.04,restaurant,1,1
TXN101068,C1685,4865.0,3,1,0,2,2637.92,electronics,1,0
TXN101069,C1143,922.74,15,0,0,1,1354.92,travel,0,0
TXN101070,C1958,6380.15,7,0,1,4,3030.34,grocery,0,0
TXN101071,C1267,19754.97,12,0,0,1,7680.4,electronics,0,0
TXN101072,C1457,6816.08,8,0,0,1,8469.68,travel,1,0
TXN101073,C1309,3446.2,18,0,0,2,7609.44,jewelry,3,0
TXN101074,C1586,2067.02,0,0,0,1,1492.93,travel,0,0
TXN101075,C1669,6628.77,11,0,0,1,2832.74,jewelry,0,0
TXN101076,C1241,3600.64,1,0,0,6,4111.02,jewelry,0,0
TXN101077,C1121,2573.67,14,0,0,1,3747.69,travel,0,0
TXN101078,C1163,5137.71,12,0,0,4,9422.61,jewelry,0,0
TXN101079,C1514,4192.34,22,0,0,4,2288.91,cash_withdrawal,0,1
TXN101080,C1318,1623.95,22,0,0,2,2556.2,grocery,0,0
TXN101081,C1654,4382.78,9,0,0,2,2229.56,travel,0,0
TXN101082,C1629,6841.43,7,0,0,1,6896.66,electronics,0,0
TXN101083,C1980,2935.04,4,1,0,2,2484.2,restaurant,0,0
TXN101084,C1156,823.76,14,0,0,1,1399.28,jewelry,0,0
TXN101085,C1620,2168.79,11,1,0,2,3388.39,restaurant,0,0
TXN101086,C1718,12668.62,17,0,0,1,10585.2,restaurant,0,0
TXN101087,C1775,7619.3,17,0,0,2,8058.1,cash_withdrawal,0,0
TXN101088,C1680,658.86,6,0,1,1,743.02,cash_withdrawal,3,0
TXN101089,C1253,2091.11,21,0,0,1,1428.95,cash_withdrawal,0,0
TXN101090,C1610,11278.02,2,0,1,1,6683.87,online_services,0,0
TXN101091,C1457,915.89,16,0,0,1,2129.41,jewelry,2,0
TXN101092,C1370,7796.23,2,0,0,3,6468.78,online_services,0,0
TXN101093,C1114,1489.07,1,0,0,1,1600.06,cash_withdrawal,0,0
TXN101094,C1560,3971.13,16,0,0,1,3996.18,electronics,1,1
TXN101095,C1586,2798.32,17,1,0,4,2586.95,electronics,3,0
TXN101096,C1168,8279.07,10,0,0,1,3629.44,cash_withdrawal,0,0
TXN101097,C1532,1378.28,14,0,0,4,1917.86,grocery,0,0
TXN101098,C1696,2625.44,6,0,0,1,1840.82,jewelry,0,0
TXN101099,C1597,4988.29,15,0,0,4,4396.49,grocery,0,0
TXN101100,C1920,1671.77,16,0,0,1,1759.45,restaurant,0,0
TXN101101,C1828,5521.42,1,0,0,3,6720.01,restaurant,0,1
TXN101102,C1135,1162.47,16,0,0,3,1176.6,restaurant,1,1
TXN101103,C1467,2129.3,18,1,0,5,2393.21,grocery,0,0
TXN101104,C1572,8276.89,14,0,0,1,3064.45,jewelry,0,1
TXN101105,C1826,1554.21,9,0,0,1,2140.54,jewelry,1,0
TXN101106,C1022,3445.88,12,0,0,1,3677.93,travel,0,0
TXN101107,C1836,1402.18,0,0,0,4,2554.19,jewelry,1,0
TXN101108,C1223,2583.99,18,0,0,1,3499.47,grocery,0,0
TXN101109,C1046,4636.1,13,0,0,3,7426.77,travel,0,0
TXN101110,C1717,840.43,2,0,0,4,948.64,online_services,0,0
TXN101111,C1061,503.94,2,0,0,3,799.35,restaurant,0,0
TXN101112,C1032,2511.7,9,0,0,2,2611.2,restaurant,0,0
TXN101113,C1184,4377.28,4,0,0,1,3360.98,cash_withdrawal,0,0
TXN101114,C1656,1609.06,23,0,0,1,1357.34,jewelry,0,0
TXN101115,C1986,2713.6,13,0,0,3,1627.83,travel,0,0
TXN101116,C1912,811.33,12,0,0,4,1913.11,restaurant,0,0
TXN101117,C1890,388.71,12,0,0,1,765.91,restaurant,1,0
TXN101118,C1082,7640.29,21,1,0,2,5335.03,jewelry,0,0
TXN101119,C1895,1483.09,17,0,0,5,1517.6,electronics,0,0
TXN101120,C1669,3529.26,11,0,0,1,8187.06,grocery,1,0
TXN101121,C1182,6368.8,17,0,0,3,5174.78,restaurant,0,1
TXN101122,C1541,4063.3,4,1,0,2,2352.47,jewelry,0,1
TXN101123,C1228,2640.53,0,0,0,1,2290.45,cash_withdrawal,1,0
TXN101124,C1023,21279.13,9,0,0,1,13841.34,restaurant,0,0
TXN101125,C1689,970.0,23,0,0,4,1180.21,online_services,0,0
TXN101126,C1434,5197.89,17,0,0,1,5150.02,restaurant,0,0
TXN101127,C1843,7317.06,7,0,0,3,5973.06,electronics,0,0
TXN101128,C1471,3645.06,11,0,0,3,2843.77,electronics,2,0
TXN101129,C1282,4412.74,6,0,0,3,4065.55,jewelry,0,0
TXN101130,C1783,4163.51,3,0,0,2,1326.78,grocery,0,0
TXN101131,C1828,2271.2,21,1,0,1,1988.73,restaurant,0,0
TXN101132,C1629,5573.41,0,0,0,2,3644.92,electronics,0,0
TXN101133,C1211,986.15,2,0,0,2,2252.52,grocery,2,0
TXN101134,C1608,3633.94,1,1,0,2,3328.72,restaurant,0,0
TXN101135,C1612,18045.73,21,0,0,1,10289.24,jewelry,0,0
TXN101136,C1893,1210.54,1,0,0,2,1603.59,electronics,1,0
TXN101137,C1758,524.29,1,0,0,4,958.09,restaurant,0,0
TXN101138,C1449,5647.28,7,0,0,1,2827.17,online_services,0,0
TXN101139,C1222,7658.43,1,0,0,1,14045.13,electronics,0,0
TXN101140,C1515,16803.16,9,0,0,2,11951.27,electronics,0,0
TXN101141,C1835,6713.86,23,0,0,2,9337.38,online_services,0,0
TXN101142,C1326,9978.43,18,0,0,1,11232.92,online_services,0,0
TXN101143,C1791,2557.67,21,1,0,3,1958.16,cash_withdrawal,0,0
TXN101144,C1328,2781.19,7,0,0,1,1557.5,travel,0,0
TXN101145,C1897,546.63,4,0,0,2,878.9,jewelry,2,1
TXN101146,C1533,1983.64,7,0,0,3,2490.76,restaurant,1,0
TXN101147,C1307,6262.35,8,0,0,2,5757.89,grocery,2,0
TXN101148,C1570,7401.05,18,0,0,2,3110.53,jewelry,0,0
TXN101149,C1933,1439.11,5,1,0,4,3079.03,jewelry,1,0
TXN101150,C1695,6269.38,13,1,0,2,5707.93,online_services,1,0
TXN101151,C1507,12744.13,1,0,0,3,10265.25,travel,0,0
TXN101152,C1964,6965.76,20,0,0,2,3338.54,jewelry,2,0
TXN101153,C1390,4193.08,16,0,1,1,10991.02,travel,0,0
TXN101154,C1713,12286.27,13,0,0,1,11557.65,restaurant,1,0
TXN101155,C1152,3520.18,9,0,0,1,2196.49,restaurant,0,0
TXN101156,C1188,1364.64,17,0,0,3,3313.67,restaurant,0,0
TXN101157,C1246,1747.81,7,0,0,1,1348.55,travel,0,0
TXN101158,C1878,1449.34,22,0,0,1,1045.17,electronics,1,0
TXN101159,C1825,4176.03,14,0,0,2,2444.03,grocery,1,0
TXN101160,C1575,2828.81,13,0,0,1,3085.41,restaurant,0,0
TXN101161,C1570,2475.15,16,0,0,4,1800.64,electronics,0,0
TXN101162,C1397,577.5,7,0,0,1,637.76,travel,0,0
TXN101163,C1208,4154.78,10,0,0,4,4420.46,jewelry,0,0
TXN101164,C1080,6536.34,14,0,0,1,5877.51,cash_withdrawal,0,0
TXN101165,C1379,11795.75,2,0,0,4,6649.7,online_services,0,0
TXN101166,C1741,1421.2,6,0,0,1,1357.11,grocery,2,0
TXN101167,C1274,5452.15,12,0,0,4,3843.27,jewelry,0,1
TXN101168,C1619,4094.73,19,0,0,3,4321.07,grocery,0,0
TXN101169,C1894,6973.94,2,0,1,3,9085.34,electronics,0,1
TXN101170,C1823,4135.94,18,0,0,1,3440.45,jewelry,0,0
TXN101171,C1687,2601.08,17,0,1,3,3866.18,electronics,0,1
TXN101172,C1490,1258.66,6,0,0,2,3237.68,cash_withdrawal,0,0
TXN101173,C1928,746.08,10,0,0,2,993.69,travel,0,0
TXN101174,C1979,4774.13,0,0,0,3,5262.69,electronics,0,0
TXN101175,C1959,4118.01,6,0,0,4,6628.22,jewelry,0,0
TXN101176,C1120,6451.75,23,0,0,1,3342.03,cash_withdrawal,0,0
TXN101177,C1490,6603.11,7,1,0,3,6068.94,jewelry,0,0
TXN101178,C1618,3919.26,22,0,0,2,2344.12,electronics,0,0
TXN101179,C1406,1418.95,7,0,0,4,2108.03,online_services,0,0
TXN101180,C1329,560.57,9,0,0,1,678.38,restaurant,0,0
TXN101181,C1477,5991.59,17,0,1,1,6866.1,jewelry,0,0
TXN101182,C1367,4607.65,9,0,0,1,5746.41,travel,0,0
TXN101183,C1368,3558.03,16,0,1,4,3410.04,restaurant,0,1
TXN101184,C1477,7121.0,3,0,1,1,3891.61,cash_withdrawal,0,0
TXN101185,C1739,14734.3,15,0,0,1,7115.0,cash_withdrawal,0,0
TXN101186,C1859,1071.22,10,1,0,5,2699.25,electronics,0,0
TXN101187,C1379,1266.64,10,0,0,1,1468.14,restaurant,1,0
TXN101188,C1046,7855.06,18,0,0,1,11029.7,cash_withdrawal,0,0
TXN101189,C1226,3795.79,23,0,0,2,2654.8,electronics,1,0
TXN101190,C1016,2473.09,8,0,0,3,3621.3,online_services,0,0
TXN101191,C1957,1416.42,18,0,0,2,2457.43,online_services,1,0
TXN101192,C1737,5025.7,13,1,0,1,4385.75,travel,0,1
TXN101193,C1156,1004.26,6,0,0,4,1534.5,travel,2,0
TXN101194,C1235,1617.26,12,0,0,3,1504.73,online_services,0,0
TXN101195,C1853,2895.17,7,1,0,3,2550.09,restaurant,0,0
TXN101196,C1563,1316.62,20,0,0,1,1392.11,jewelry,0,0
TXN101197,C1345,2497.64,8,0,0,5,2306.67,cash_withdrawal,0,1
TXN101198,C1841,18388.13,15,0,0,2,8027.62,jewelry,0,0
TXN101199,C1657,2221.62,23,0,0,2,1762.56,restaurant,0,0
TXN101200,C1471,5075.41,5,0,1,2,5808.67,jewelry,1,0
TXN101201,C1814,8912.67,11,0,0,4,7371.37,electronics,1,0
TXN101202,C1143,3502.28,23,0,1,3,5282.88,online_services,1,0
TXN101203,C1500,4035.1,5,0,0,1,2781.92,online_services,0,0
TXN101204,C1657,13657.99,1,0,0,1,9143.07,online_services,1,1
TXN101205,C1034,2692.0,2,0,0,2,2722.1,cash_withdrawal,1,0
TXN101206,C1684,1763.33,1,0,0,4,4226.3,cash_withdrawal,0,0
TXN101207,C1006,1373.47,13,0,0,1,1538.29,electronics,0,0
TXN101208,C1862,3510.45,20,0,0,3,2601.53,electronics,1,0
TXN101209,C1069,2699.73,22,0,0,1,3665.27,electronics,3,0
TXN101210,C1009,5592.83,6,0,1,3,3050.67,online_services,0,0
TXN101211,C1466,7096.91,11,0,0,1,7293.92,grocery,1,0
TXN101212,C1632,2546.47,20,0,1,1,2468.45,jewelry,0,0
TXN101213,C1956,2489.39,19,0,0,1,2621.55,restaurant,0,0
TXN101214,C1675,3478.18,15,0,0,3,4102.9,grocery,0,0
TXN101215,C1006,4499.85,17,0,0,2,5687.83,online_services,0,0
TXN101216,C1421,6343.41,0,0,1,1,8093.99,grocery,1,0
TXN101217,C1542,1948.47,23,0,0,4,1889.24,travel,0,0
TXN101218,C1548,708.19,9,0,0,4,1231.51,grocery,0,0
TXN101219,C1514,5897.85,22,0,0,1,4050.02,jewelry,0,0
TXN101220,C1440,13858.92,5,1,0,1,10869.07,grocery,0,1
TXN101221,C1940,4536.57,3,0,0,1,3010.92,online_services,1,0
TXN101222,C1152,338.87,7,0,1,2,642.66,electronics,0,0
TXN101223,C1634,12008.86,16,0,0,1,5830.6,travel,1,0
TXN101224,C1834,3748.03,11,0,0,1,4449.16,travel,0,0
TXN101225,C1814,2551.41,12,0,0,2,1674.23,grocery,0,0
TXN101226,C1382,7752.68,12,0,0,4,5983.68,restaurant,0,0
TXN101227,C1578,5913.63,7,0,0,3,2410.43,jewelry,0,0
TXN101228,C1231,2691.82,9,0,1,3,1329.52,jewelry,0,0
TXN101229,C1847,4730.83,2,0,0,1,5243.01,jewelry,1,0
TXN101230,C1878,2019.0,20,0,0,1,3334.78,cash_withdrawal,0,0
TXN101231,C1032,5780.17,2,0,0,5,2800.51,restaurant,0,1
TXN101232,C1388,425.21,12,1,0,2,522.58,online_services,0,0
TXN101233,C1487,2483.34,1,0,0,1,2535.71,jewelry,0,1
TXN101234,C1009,4603.53,22,1,0,4,4342.49,electronics,1,0
TXN101235,C1084,7829.46,15,0,0,1,6936.66,cash_withdrawal,0,0
TXN101236,C1444,2889.59,20,0,0,1,5751.81,cash_withdrawal,0,0
TXN101237,C1339,3855.04,18,0,0,2,2872.88,cash_withdrawal,0,0
TXN101238,C1997,3024.83,3,0,0,2,2707.51,online_services,0,0
TXN101239,C1941,1714.12,1,0,0,5,2416.84,electronics,0,0
TXN101240,C1216,1216.47,22,0,0,1,2198.22,online_services,0,0
TXN101241,C1486,18484.04,8,0,0,2,20699.43,grocery,0,0
TXN101242,C1946,1197.27,2,0,0,4,1875.53,jewelry,0,0
TXN101243,C1947,2648.42,8,0,0,1,2214.5,online_services,0,0
TXN101244,C1577,2265.63,21,0,0,5,1651.92,grocery,0,0
TXN101245,C1183,7476.02,10,0,0,1,11697.63,grocery,0,0
TXN101246,C1984,2022.31,6,0,1,1,2445.96,online_services,0,1
TXN101247,C1147,2074.89,22,0,0,5,1305.04,cash_withdrawal,0,1
TXN101248,C1407,1495.8,2,0,0,1,2730.33,travel,0,0
TXN101249,C1166,600.14,18,1,1,1,1156.51,electronics,0,0
TXN101250,C1580,1813.5,12,0,0,1,2177.13,jewelry,1,0
TXN101251,C1918,4585.85,17,0,0,2,3490.11,travel,2,0
TXN101252,C1393,2211.95,23,0,0,2,2863.25,electronics,0,0
TXN101253,C1809,2832.6,22,0,0,1,3046.49,jewelry,2,0
TXN101254,C1080,3932.88,16,0,0,1,4566.34,jewelry,0,0
TXN101255,C1997,6625.2,11,1,0,3,4732.65,grocery,0,0
TXN101256,C1100,15259.59,13,1,0,4,8076.93,electronics,0,0
TXN101257,C1858,4924.5,2,0,0,1,2917.67,travel,0,0
TXN101258,C1619,1066.23,19,0,0,1,1691.65,online_services,0,0
TXN101259,C1406,785.46,10,0,0,1,1234.79,grocery,0,0
TXN101260,C1649,3747.77,8,0,0,3,1707.86,cash_withdrawal,2,0
TXN101261,C1461,3759.45,15,0,0,1,4655.64,electronics,3,0
TXN101262,C1364,2439.36,17,0,0,1,2921.91,restaurant,0,0
TXN101263,C1442,3343.65,5,0,0,1,4325.78,jewelry,0,0
TXN101264,C1599,3273.42,21,0,0,2,2091.35,restaurant,0,0
TXN101265,C1087,4148.95,19,0,1,4,3657.39,travel,0,0
TXN101266,C1817,5810.74,7,0,0,1,6157.77,jewelry,0,0
TXN101267,C1075,1680.16,2,0,0,2,1414.98,travel,0,0
TXN101268,C1157,1564.46,12,0,0,1,1509.43,jewelry,1,1
TXN101269,C1802,3184.07,20,1,0,1,2282.12,electronics,0,0
TXN101270,C1757,5273.86,12,0,0,4,5151.02,travel,1,0
TXN101271,C1369,2052.88,3,0,0,1,1884.12,grocery,0,0
TXN101272,C1005,1769.07,9,0,0,2,1845.73,restaurant,0,0
TXN101273,C1368,6537.47,8,0,0,2,6189.44,grocery,0,0
TXN101274,C1135,4556.84,2,0,0,3,2661.26,electronics,0,0
TXN101275,C1441,9869.5,14,0,0,2,7115.13,online_services,0,0
TXN101276,C1568,7123.02,16,0,1,3,3853.39,restaurant,0,0
TXN101277,C1105,1215.26,0,1,0,2,1371.3,grocery,0,1
TXN101278,C1362,18568.94,17,0,0,1,10867.23,grocery,0,0
TXN101279,C1611,20517.68,19,0,0,1,12070.0,cash_withdrawal,1,0
TXN101280,C1332,1755.11,12,0,0,2,2151.43,grocery,3,0
TXN101281,C1298,4288.18,13,0,0,1,5292.79,restaurant,0,0
TXN101282,C1797,3992.67,2,1,0,4,5157.51,jewelry,0,1
TXN101283,C1922,3050.52,17,1,0,2,2621.27,electronics,0,0
TXN101284,C1585,1663.17,16,0,0,1,2387.56,electronics,1,0
TXN101285,C1701,3555.91,12,0,0,1,3179.08,electronics,0,0
TXN101286,C1142,1080.65,8,0,0,2,2184.9,travel,0,0
TXN101287,C1274,1200.14,15,0,0,1,1397.71,electronics,0,0
TXN101288,C1064,5150.41,5,0,0,2,3965.48,restaurant,3,0
TXN101289,C1282,2738.95,13,0,0,1,2661.91,travel,0,0
TXN101290,C1495,1133.05,2,0,0,3,640.18,travel,0,0
TXN101291,C1257,4339.99,7,0,0,1,3260.22,jewelry,0,0
TXN101292,C1640,4570.6,15,0,0,1,6117.7,online_services,0,0
TXN101293,C1631,1303.69,6,0,0,5,830.42,restaurant,0,0
TXN101294,C1109,1837.64,4,0,0,3,2030.43,travel,0,0
TXN101295,C1006,2582.0,12,1,0,1,4985.67,travel,2,1
TXN101296,C1861,3333.16,19,1,0,1,2423.62,restaurant,1,1
TXN101297,C1823,8875.46,10,0,0,3,6544.62,restaurant,0,0
TXN101298,C1342,3262.46,13,0,0,2,2874.49,cash_withdrawal,0,0
TXN101299,C1843,2558.02,20,0,0,3,1477.66,online_services,3,0
TXN101300,C1139,689.66,9,0,0,1,927.4,travel,0,0
TXN101301,C1617,3297.85,22,0,0,3,3342.73,electronics,0,1
TXN101302,C1490,1374.94,10,0,0,2,872.74,electronics,0,0
TXN101303,C1987,13866.3,12,0,0,2,8870.92,travel,0,0
TXN101304,C1298,3484.73,23,1,0,1,2848.09,jewelry,1,1
TXN101305,C1648,2357.44,15,1,0,2,4097.58,online_services,0,0
TXN101306,C1800,2567.49,7,0,0,2,2156.47,travel,1,0
TXN101307,C1385,2694.0,8,0,0,2,4402.68,cash_withdrawal,1,0
TXN101308,C1804,1630.7,12,0,0,1,2744.66,travel,0,0
TXN101309,C1116,3465.6,18,0,0,1,2163.8,electronics,0,0
TXN101310,C1606,3726.63,17,0,0,3,4172.32,electronics,0,0
TXN101311,C1698,261.05,17,0,0,2,360.56,grocery,0,0
TXN101312,C1975,6321.54,23,0,0,1,5355.58,restaurant,0,0
TXN101313,C1965,7255.37,22,0,0,1,3412.13,electronics,0,0
TXN101314,C1448,6165.78,9,0,1,1,5302.2,cash_withdrawal,0,0
TXN101315,C1709,3451.96,2,1,0,1,1971.26,cash_withdrawal,0,1
TXN101316,C1868,9479.95,13,0,0,1,14972.13,jewelry,1,0
TXN101317,C1511,637.33,4,0,0,3,698.9,jewelry,0,0
TXN101318,C1310,3231.91,7,0,0,2,3229.29,travel,1,0
TXN101319,C1674,1739.48,4,0,0,1,2218.33,jewelry,1,1
TXN101320,C1433,2798.6,12,0,0,1,1798.13,grocery,0,0
TXN101321,C1459,2076.6,19,0,0,1,1315.98,restaurant,0,0
TXN101322,C1596,2826.46,12,0,0,1,2252.76,online_services,0,0
TXN101323,C1518,5827.96,22,0,0,1,4510.68,restaurant,0,1
TXN101324,C1556,11085.14,1,0,0,1,4398.5,cash_withdrawal,0,0
TXN101325,C1991,3189.19,11,0,1,2,3232.2,jewelry,3,0
TXN101326,C1916,8582.85,17,0,0,3,8274.24,online_services,1,0
TXN101327,C1653,2488.92,2,0,0,1,2540.22,grocery,0,0
TXN101328,C1787,2666.71,7,0,0,1,4363.9,jewelry,0,0
TXN101329,C1680,2097.26,11,0,0,2,2311.79,electronics,0,0
TXN101330,C1662,11961.13,19,0,0,1,6425.66,grocery,0,0
TXN101331,C1576,13236.88,20,0,0,3,4654.49,jewelry,0,1
TXN101332,C1662,5876.71,12,0,0,1,7489.11,cash_withdrawal,2,0
TXN101333,C1339,1433.5,13,0,0,1,894.93,grocery,1,1
TXN101334,C1010,6175.0,3,0,0,3,4826.04,travel,1,0
TXN101335,C1227,521.08,16,0,0,3,1231.42,jewelry,0,0
TXN101336,C1531,438.58,17,0,0,4,578.17,online_services,0,0
TXN101337,C1704,3697.33,18,0,0,1,4146.71,electronics,0,0
TXN101338,C1456,1225.34,11,0,0,4,1914.62,restaurant,0,0
TXN101339,C1474,2157.74,21,0,0,2,1573.71,online_services,0,0
TXN101340,C1707,1139.92,16,0,0,2,1311.74,electronics,0,0
TXN101341,C1353,1060.48,0,0,0,2,1500.18,restaurant,0,0
TXN101342,C1107,4489.12,9,0,0,2,1831.42,restaurant,0,0
TXN101343,C1942,2062.18,2,0,0,3,1962.22,grocery,0,1
TXN101344,C1851,962.24,23,0,0,1,1186.71,electronics,0,0
TXN101345,C1356,11536.06,9,0,0,2,8790.17,travel,1,1
TXN101346,C1466,1747.35,6,0,0,1,2905.55,online_services,1,0
TXN101347,C1494,4879.16,11,0,0,1,2583.37,restaurant,0,0
TXN101348,C1099,8571.45,14,0,0,1,5470.62,jewelry,2,1
TXN101349,C1713,4491.44,14,0,0,2,4087.01,travel,0,0
TXN101350,C1068,1470.32,9,0,0,5,2043.52,grocery,0,1
TXN101351,C1829,2127.22,22,0,0,1,2340.71,grocery,0,0
TXN101352,C1023,2719.49,10,0,0,2,3330.24,jewelry,0,0
TXN101353,C1111,6036.78,21,0,0,3,10873.29,cash_withdrawal,0,0
TXN101354,C1168,1313.21,23,0,0,2,2192.52,electronics,0,0
TXN101355,C1528,1742.43,5,0,0,3,3621.66,online_services,0,0
TXN101356,C1163,3538.9,10,1,0,3,2774.49,online_services,0,0
TXN101357,C1436,2761.16,14,0,0,2,2053.45,electronics,0,0
TXN101358,C1816,1219.1,12,0,0,1,4150.44,jewelry,2,0
TXN101359,C1188,1448.13,5,0,0,2,1637.89,jewelry,0,0
TXN101360,C1673,1030.37,13,0,0,2,1236.92,restaurant,0,0
TXN101361,C1029,2078.42,23,0,0,3,3053.19,online_services,1,0
TXN101362,C1904,971.47,6,0,1,2,1048.13,restaurant,1,0
TXN101363,C1606,2148.61,13,0,0,2,3746.89,restaurant,2,0
TXN101364,C1004,14178.69,22,0,0,4,8571.89,electronics,0,0
TXN101365,C1210,3373.7,8,0,0,1,3530.12,cash_withdrawal,3,0
TXN101366,C1720,1896.7,2,0,0,1,2948.85,online_services,1,0
TXN101367,C1104,5735.67,17,0,0,5,3607.47,electronics,1,0
TXN101368,C1374,4371.59,10,0,0,2,8615.18,electronics,2,0
TXN101369,C1468,671.65,3,0,0,4,1654.47,travel,0,0
TXN101370,C1686,1949.17,15,0,0,2,1874.54,online_services,1,0
TXN101371,C1989,1522.29,20,0,0,1,3637.57,travel,0,0
TXN101372,C1611,1516.18,12,0,0,4,1038.96,online_services,0,0
TXN101373,C1401,1131.6,18,0,0,1,2220.04,grocery,2,0
TXN101374,C1356,2554.76,11,0,0,1,2386.35,cash_withdrawal,0,0
TXN101375,C1468,3351.99,19,1,1,1,2540.65,electronics,0,0
TXN101376,C1833,4586.77,21,0,0,4,3066.26,jewelry,0,1
TXN101377,C1819,2012.33,9,0,0,2,3585.96,online_services,1,0
TXN101378,C1604,3692.26,2,0,0,3,3796.88,jewelry,0,0
TXN101379,C1137,1409.92,10,0,0,1,1976.96,grocery,0,0
TXN101380,C1244,1163.95,9,0,0,4,573.07,grocery,0,0
TXN101381,C1187,3869.85,11,0,0,3,3795.05,jewelry,0,0
TXN101382,C1144,4073.61,16,0,0,3,5473.98,restaurant,0,1
TXN101383,C1428,3317.57,19,0,0,7,1557.99,electronics,0,0
TXN101384,C1588,2064.56,12,0,0,3,1479.45,restaurant,0,0
TXN101385,C1190,2227.21,15,0,0,1,2673.95,jewelry,1,0
TXN101386,C1550,2412.02,22,1,1,1,1190.73,jewelry,0,0
TXN101387,C1953,5968.43,5,0,0,2,11933.27,online_services,0,0
TXN101388,C1170,2280.8,15,0,0,1,3168.93,travel,0,0
TXN101389,C1143,1865.4,5,0,0,3,1464.16,travel,1,0
TXN101390,C1862,1567.7,14,0,0,4,1733.7,online_services,0,0
TXN101391,C1054,903.5,11,0,0,1,1248.3,grocery,2,0
TXN101392,C1496,23666.74,4,0,0,1,15434.74,electronics,0,0
TXN101393,C1834,13748.34,12,0,0,2,10594.49,online_services,0,0
TXN101394,C1517,673.41,20,0,0,1,912.15,restaurant,0,0
TXN101395,C1418,6941.75,21,0,1,4,6897.11,restaurant,0,0
TXN101396,C1425,691.11,22,0,0,3,656.58,cash_withdrawal,2,0
TXN101397,C1454,2819.64,15,0,0,1,2572.89,electronics,2,0
TXN101398,C1084,649.72,18,0,0,3,773.37,grocery,1,0
TXN101399,C1814,1112.71,7,0,0,1,2131.9,travel,0,0
TXN101400,C1033,9539.95,8,0,0,1,6238.06,electronics,0,0
TXN101401,C1550,556.56,9,0,0,1,764.78,electronics,0,0
TXN101402,C1799,3214.02,14,0,0,3,4497.04,online_services,0,1
TXN101403,C1760,2872.41,15,0,0,3,2632.92,online_services,0,0
TXN101404,C1523,5057.36,3,0,0,1,3974.21,online_services,2,1
TXN101405,C1116,695.97,8,0,0,1,968.92,cash_withdrawal,0,0
TXN101406,C1556,1023.07,11,1,0,1,1391.97,online_services,0,0
TXN101407,C1842,7586.18,1,0,0,4,7137.46,cash_withdrawal,0,0
TXN101408,C1736,8324.94,14,0,0,4,2984.18,online_services,0,0
TXN101409,C1223,2386.65,13,0,0,2,2235.27,grocery,0,0
TXN101410,C1753,4048.23,20,0,0,1,2515.03,cash_withdrawal,0,0
TXN101411,C1253,2573.26,9,0,0,2,2812.55,cash_withdrawal,0,0
TXN101412,C1033,3025.0,14,0,0,1,2472.24,travel,0,0
TXN101413,C1356,974.29,2,0,0,1,1440.06,restaurant,0,0
TXN101414,C1886,4560.81,3,0,0,1,3821.52,cash_withdrawal,0,0
TXN101415,C1831,6017.91,7,1,0,1,5619.24,electronics,0,0
TXN101416,C1830,373.19,23,0,0,1,949.67,online_services,0,0
TXN101417,C1705,972.66,11,0,0,1,1343.76,cash_withdrawal,0,0
TXN101418,C1727,2429.7,19,0,0,3,1277.7,jewelry,1,0
TXN101419,C1438,1636.63,5,1,0,3,1694.7,online_services,0,1
TXN101420,C1142,3292.24,6,0,0,1,1982.21,cash_withdrawal,2,0
TXN101421,C1211,676.34,1,1,0,3,550.37,online_services,0,1
TXN101422,C1359,2390.49,17,0,0,2,1715.25,travel,1,0
TXN101423,C1611,6064.84,17,0,0,3,6896.42,electronics,0,0
TXN101424,C1331,12917.73,22,0,0,1,5719.41,travel,0,0
TXN101425,C1296,1001.21,18,0,0,1,1710.95,travel,0,0
TXN101426,C1975,5616.1,16,0,0,1,3973.1,jewelry,1,1
TXN101427,C1834,13702.17,3,0,0,2,11783.87,electronics,0,0
TXN101428,C1985,4324.33,13,0,0,2,4709.42,grocery,0,0
TXN101429,C1283,8896.19,20,0,0,4,7966.67,electronics,0,0
TXN101430,C1718,3016.36,4,0,0,1,2728.6,electronics,1,0
TXN101431,C1149,3741.25,22,0,0,1,3406.74,travel,2,0
TXN101432,C1848,674.08,7,0,0,3,988.25,cash_withdrawal,0,0
TXN101433,C1863,2965.11,21,0,0,1,4814.08,restaurant,0,0
TXN101434,C1501,2657.15,4,0,0,2,2016.74,online_services,0,0
TXN101435,C1647,3202.1,8,0,0,1,6798.07,jewelry,0,0
TXN101436,C1424,2925.67,12,0,1,3,2831.89,restaurant,0,1
TXN101437,C1077,1934.5,20,0,0,2,1578.91,cash_withdrawal,2,0
TXN101438,C1901,1130.44,2,1,0,2,2198.35,restaurant,0,0
TXN101439,C1527,1444.09,23,0,0,1,2724.0,travel,0,0
TXN101440,C1711,3453.53,11,0,0,1,8728.66,restaurant,0,0
TXN101441,C1973,1718.43,15,0,0,2,2624.87,travel,0,0
TXN101442,C1595,876.11,0,0,0,2,2822.97,cash_withdrawal,0,0
TXN101443,C1792,6967.08,23,0,0,3,5732.45,grocery,0,0
TXN101444,C1748,14421.55,14,0,0,3,7088.47,jewelry,0,0
TXN101445,C1680,4050.76,22,0,0,1,3916.53,travel,1,0
TXN101446,C1870,13611.81,2,0,0,1,9011.33,cash_withdrawal,1,1
TXN101447,C1547,1988.61,12,1,0,3,2487.08,electronics,2,1
TXN101448,C1991,5328.7,13,0,0,3,3073.58,cash_withdrawal,0,0
TXN101449,C1216,2393.47,15,0,0,2,1904.35,travel,0,0
TXN101450,C1330,8903.37,9,0,0,1,6001.36,travel,0,0
TXN101451,C1560,1204.82,18,0,0,1,1365.57,electronics,0,0
TXN101452,C1579,1797.92,15,0,0,1,2012.76,cash_withdrawal,2,1
TXN101453,C1351,1553.23,21,0,0,3,2029.64,cash_withdrawal,2,1
TXN101454,C1049,2079.55,1,0,0,1,2282.74,grocery,0,1
TXN101455,C1641,10088.15,14,0,0,1,6724.64,grocery,0,0
TXN101456,C1127,1192.56,5,0,0,1,835.76,restaurant,0,0
TXN101457,C1467,1604.79,0,0,0,1,1619.91,restaurant,1,1
TXN101458,C1207,3960.85,22,1,0,4,3596.75,electronics,0,0
TXN101459,C1903,1183.81,20,0,0,2,1643.28,travel,0,0
TXN101460,C1162,4855.55,8,0,1,4,4175.59,grocery,2,0
TXN101461,C1670,2659.03,11,0,0,1,2356.08,travel,1,0
TXN101462,C1084,1225.8,11,0,0,1,1558.44,jewelry,0,0
TXN101463,C1925,1489.6,20,1,0,2,2038.33,electronics,0,0
TXN101464,C1053,404.93,12,0,0,5,563.48,jewelry,0,0
TXN101465,C1312,882.09,23,0,0,1,843.74,jewelry,0,0
TXN101466,C1773,1380.26,7,0,0,1,1317.93,restaurant,0,0
TXN101467,C1671,700.83,2,0,0,3,520.78,jewelry,1,0
TXN101468,C1097,4798.59,0,0,0,3,1756.67,electronics,0,0
TXN101469,C1488,4043.26,2,0,0,1,3807.51,electronics,0,1
TXN101470,C1607,2930.31,7,0,0,3,4650.23,online_services,0,0
TXN101471,C1696,3874.18,14,0,0,3,5047.95,grocery,1,0
TXN101472,C1008,6302.95,22,0,0,4,5773.02,travel,0,0
TXN101473,C1836,2042.33,3,0,0,1,3387.44,cash_withdrawal,1,0
TXN101474,C1432,4562.57,22,0,1,1,5186.42,electronics,0,0
TXN101475,C1489,5789.4,2,0,0,1,6368.6,electronics,0,0
TXN101476,C1392,2120.34,2,0,1,5,6462.92,jewelry,0,0
TXN101477,C1825,811.58,3,0,1,1,1195.15,grocery,1,1
TXN101478,C1320,6675.59,11,0,0,3,3252.12,travel,0,0
TXN101479,C1140,1034.93,12,1,0,1,1612.14,cash_withdrawal,0,0
TXN101480,C1832,1462.82,4,0,0,3,1233.83,jewelry,1,0
TXN101481,C1693,2616.16,4,0,0,3,3558.98,grocery,3,1
TXN101482,C1543,3015.08,18,0,0,2,2573.61,grocery,2,0
TXN101483,C1624,2882.89,20,0,0,2,1997.5,electronics,0,0
TXN101484,C1450,1769.49,11,0,0,2,2631.05,jewelry,0,0
TXN101485,C1218,1411.44,20,0,0,1,1365.69,jewelry,0,0
TXN101486,C1155,2641.6,13,0,0,2,1307.77,online_services,1,0
TXN101487,C1703,3825.67,14,0,0,4,3015.1,cash_withdrawal,0,0
TXN101488,C1222,4038.79,2,0,0,1,4416.49,grocery,0,0
TXN101489,C1143,3364.29,3,1,0,1,4295.89,online_services,0,0
TXN101490,C1747,2567.67,12,1,0,4,3050.33,travel,3,1
TXN101491,C1986,4921.32,13,0,0,2,3716.33,travel,0,0
TXN101492,C1810,6483.21,4,0,0,1,3842.12,electronics,0,0
TXN101493,C1283,2555.46,20,0,0,3,1318.42,grocery,0,0
TXN101494,C1254,2354.35,17,0,0,2,2830.51,online_services,0,0
TXN101495,C1614,1147.73,23,0,0,3,777.82,online_services,0,0
TXN101496,C1291,2519.49,22,0,0,1,3976.7,grocery,1,0
TXN101497,C1868,6990.0,21,0,0,1,6099.32,travel,0,0
TXN101498,C1210,229.24,16,0,0,1,280.65,online_services,1,0
TXN101499,C1521,7701.45,6,1,0,2,6017.07,jewelry,0,0
TXN101500,C1401,4284.02,9,0,0,3,5068.0,jewelry,0,0
TXN101501,C1055,2128.43,7,0,0,1,2944.59,restaurant,0,0
TXN101502,C1395,8915.51,3,0,0,5,4191.4,electronics,2,1
TXN101503,C1511,3932.07,20,0,0,1,4671.87,online_services,0,0
TXN101504,C1072,10748.68,16,1,0,3,11285.85,grocery,0,0
TXN101505,C1369,2067.19,10,0,0,3,1538.86,electronics,0,0
TXN101506,C1396,7300.44,18,0,0,3,8720.66,restaurant,1,0
TXN101507,C1374,4885.61,17,1,0,2,4012.03,jewelry,0,1
TXN101508,C1176,6986.49,15,0,0,1,7319.87,cash_withdrawal,1,0
TXN101509,C1074,442.19,0,0,0,1,441.16,online_services,0,0
TXN101510,C1069,6878.73,0,0,0,4,3719.68,travel,1,1
TXN101511,C1220,3702.53,1,0,0,1,5204.74,grocery,1,1
TXN101512,C1971,11244.27,12,0,0,1,11186.89,online_services,0,0
TXN101513,C1293,1860.76,20,0,0,1,1550.9,jewelry,0,0
TXN101514,C1513,7202.64,13,0,0,1,8358.48,restaurant,1,0
TXN101515,C1718,15512.59,12,1,0,2,6795.71,grocery,0,0
TXN101516,C1655,1066.54,17,1,0,3,1716.85,online_services,0,0
TXN101517,C1630,1053.05,4,0,0,1,1212.5,travel,0,0
TXN101518,C1085,3606.25,9,0,0,5,3679.58,grocery,0,1
TXN101519,C1523,4578.57,6,0,0,5,3984.05,cash_withdrawal,0,1
TXN101520,C1159,1276.64,17,0,0,4,926.58,travel,0,0
TXN101521,C1400,2526.87,18,0,0,1,3500.64,jewelry,1,0
TXN101522,C1781,2237.71,20,0,0,1,2821.91,jewelry,0,0
TXN101523,C1658,4508.51,2,0,0,2,2462.16,travel,0,0
TXN101524,C1715,3943.68,13,0,1,2,3789.95,jewelry,0,0
TXN101525,C1976,1704.22,7,1,0,1,1631.07,grocery,1,1
TXN101526,C1250,5073.07,2,0,0,1,7563.12,restaurant,0,0
TXN101527,C1118,3406.25,14,0,0,4,2147.97,online_services,0,1
TXN101528,C1623,578.13,1,0,0,4,1095.75,travel,0,1
TXN101529,C1682,744.68,23,1,0,3,1215.03,jewelry,1,0
TXN101530,C1758,5562.11,5,1,0,1,5438.73,grocery,0,0
TXN101531,C1012,1674.68,22,0,0,2,1791.77,electronics,1,0
TXN101532,C1718,3445.6,0,0,0,2,1738.13,electronics,2,0
TXN101533,C1508,2103.1,11,0,0,5,2078.07,online_services,0,0
TXN101534,C1529,1645.6,23,0,1,4,2939.75,travel,0,0
TXN101535,C1170,534.12,11,0,0,2,919.98,electronics,0,0
TXN101536,C1767,2343.89,8,0,0,1,3781.56,jewelry,0,0
TXN101537,C1907,913.26,3,0,0,3,1910.38,cash_withdrawal,0,1
TXN101538,C1921,2913.63,0,0,0,2,2170.34,travel,0,0
TXN101539,C1826,6938.33,13,0,0,4,7338.3,travel,2,0
TXN101540,C1536,3382.83,2,0,1,1,2228.15,travel,0,0
TXN101541,C1729,2218.16,18,0,0,2,2883.05,jewelry,0,0
TXN101542,C1078,6264.42,15,0,0,4,3493.22,restaurant,0,0
TXN101543,C1523,3966.35,11,0,0,3,5604.89,grocery,1,0
TXN101544,C1511,8813.94,18,0,0,3,3785.24,electronics,0,0
TXN101545,C1376,4369.16,5,0,0,2,2797.35,travel,1,0
TXN101546,C1791,2950.44,3,0,0,1,4524.48,online_services,0,0
TXN101547,C1690,9644.72,23,0,0,4,8866.3,grocery,0,0
TXN101548,C1233,900.1,23,0,0,3,652.78,online_services,3,1
TXN101549,C1002,3109.67,1,0,0,1,1903.67,cash_withdrawal,0,0
TXN101550,C1883,962.17,0,0,0,1,2913.64,electronics,0,0
TXN101551,C1047,3962.45,15,0,0,1,2084.74,travel,0,0
TXN101552,C1392,2526.73,4,0,0,3,2046.42,electronics,1,0
TXN101553,C1953,1276.09,1,0,0,1,1950.43,online_services,3,0
TXN101554,C1822,27344.73,22,1,0,2,15261.85,jewelry,0,0
TXN101555,C1671,2347.95,13,0,0,1,3136.39,electronics,2,1
TXN101556,C1329,1253.91,7,0,0,1,2036.54,restaurant,2,1
TXN101557,C1937,15296.94,23,1,1,1,4742.37,travel,0,1
TXN101558,C1277,2338.43,2,0,0,4,2305.42,online_services,0,0
TXN101559,C1381,380.38,3,0,0,2,1063.61,online_services,0,0
TXN101560,C1689,7309.67,1,0,0,1,8482.41,electronics,0,1
TXN101561,C1228,2571.05,16,1,0,2,2879.5,grocery,0,1
TXN101562,C1976,4606.98,12,0,0,2,2812.49,grocery,0,0
TXN101563,C1898,5373.42,14,0,0,2,3447.98,cash_withdrawal,2,0
TXN101564,C1289,4049.73,9,0,0,2,7721.8,travel,0,0
TXN101565,C1088,2279.77,17,0,0,3,3200.29,restaurant,0,0
TXN101566,C1008,3040.2,11,0,0,1,1178.96,electronics,0,0
TXN101567,C1298,901.96,18,0,0,4,1786.78,cash_withdrawal,1,0
TXN101568,C1311,4415.6,23,0,0,1,1997.77,online_services,0,0
TXN101569,C1248,2090.06,14,0,0,3,4024.55,travel,1,0
TXN101570,C1605,2319.27,15,0,0,4,1752.74,cash_withdrawal,0,0
TXN101571,C1794,9717.46,6,0,0,1,6462.61,jewelry,0,0
TXN101572,C1922,465.1,17,0,0,1,841.89,cash_withdrawal,2,0
TXN101573,C1815,2091.79,7,0,0,2,3817.39,electronics,2,1
TXN101574,C1006,5658.07,13,0,0,1,2349.63,grocery,0,0
TXN101575,C1238,1273.22,17,0,0,2,1409.95,travel,0,0
TXN101576,C1651,1745.54,22,0,0,1,3677.01,grocery,1,0
TXN101577,C1973,6934.52,10,0,0,3,3185.99,grocery,2,0
TXN101578,C1777,1637.92,21,0,0,2,2613.93,restaurant,2,0
TXN101579,C1869,3581.27,23,0,0,1,2234.32,jewelry,0,0
TXN101580,C1314,339.71,3,0,0,1,885.81,electronics,0,0
TXN101581,C1542,5260.57,7,0,0,3,4531.35,restaurant,0,0
TXN101582,C1503,4462.58,1,0,0,3,2315.44,electronics,0,0
TXN101583,C1728,25894.3,8,0,0,2,9600.74,grocery,3,0
TXN101584,C1044,4947.19,7,0,0,4,2443.21,cash_withdrawal,0,0
TXN101585,C1532,1777.65,13,0,0,1,1422.82,jewelry,0,0
TXN101586,C1917,1245.06,11,0,0,1,1807.55,restaurant,0,1
TXN101587,C1997,6170.53,23,0,0,2,6437.65,grocery,0,0
TXN101588,C1594,2983.98,3,0,0,2,3133.78,online_services,0,0
TXN101589,C1136,4744.96,20,0,0,3,3408.47,cash_withdrawal,0,0
TXN101590,C1403,11490.1,2,0,0,2,7710.3,online_services,1,1
TXN101591,C1581,8827.69,1,0,0,1,9632.96,restaurant,0,0
TXN101592,C1678,2267.1,4,0,0,1,2600.99,electronics,0,0
TXN101593,C1298,2415.05,8,0,1,1,4395.18,cash_withdrawal,0,0
TXN101594,C1322,5843.57,12,0,0,1,9239.76,jewelry,0,0
TXN101595,C1851,2680.58,23,0,0,2,2364.05,travel,0,0
TXN101596,C1325,742.89,14,0,0,1,772.12,travel,0,0
TXN101597,C1239,1970.3,2,0,0,1,3560.22,electronics,0,0
TXN101598,C1139,3112.15,18,0,0,1,4010.02,grocery,0,0
TXN101599,C1159,5649.15,3,0,0,1,4915.68,electronics,0,0
TXN101600,C1460,1336.21,14,0,0,2,1943.35,travel,3,1
TXN101601,C1416,1015.64,3,0,0,6,1540.3,online_services,2,1
TXN101602,C1366,6360.76,6,1,0,2,5172.41,restaurant,0,0
TXN101603,C1315,780.71,14,0,0,2,1856.96,travel,0,0
TXN101604,C1872,9394.62,3,0,0,4,7858.96,grocery,0,0
TXN101605,C1161,3255.79,21,0,0,3,4294.85,travel,0,1
TXN101606,C1846,2200.97,22,0,0,3,2607.92,jewelry,0,0
TXN101607,C1617,685.49,1,0,0,3,460.66,electronics,0,1
TXN101608,C1855,6981.49,10,0,0,2,6634.12,electronics,0,0
TXN101609,C1093,1464.91,22,0,0,1,2243.28,electronics,2,0
TXN101610,C1991,1814.69,11,0,0,1,2778.07,restaurant,3,0
TXN101611,C1525,4497.94,1,0,0,3,4570.18,jewelry,0,0
TXN101612,C1306,3312.74,8,0,0,2,4595.74,cash_withdrawal,0,0
TXN101613,C1178,6205.31,0,0,0,1,3598.64,restaurant,0,0
TXN101614,C1875,1706.72,14,0,0,2,965.91,online_services,0,0
TXN101615,C1766,4007.16,17,0,0,5,2783.32,electronics,0,0
TXN101616,C1096,4725.41,14,1,0,3,6359.95,grocery,0,0
TXN101617,C1823,2155.59,4,0,1,1,1953.11,grocery,3,1
TXN101618,C1012,3265.1,1,0,0,4,3799.81,cash_withdrawal,1,0
TXN101619,C1799,17405.33,7,0,1,1,12399.89,electronics,2,0
TXN101620,C1202,8271.57,12,0,0,1,3525.17,travel,0,0
TXN101621,C1702,757.93,20,0,0,3,1040.21,jewelry,0,0
TXN101622,C1086,13038.33,18,1,0,4,14105.73,online_services,1,0
TXN101623,C1265,4427.62,2,0,0,1,2684.06,grocery,0,0
TXN101624,C1066,2780.98,6,0,0,3,3222.32,jewelry,0,0
TXN101625,C1454,4170.0,4,0,0,2,3356.94,grocery,1,0
TXN101626,C1926,490.49,10,0,0,2,779.53,grocery,1,0
TXN101627,C1043,2991.18,14,0,0,1,2892.86,grocery,0,0
TXN101628,C1172,3192.7,18,0,0,1,2328.98,restaurant,0,0
TXN101629,C1841,4100.18,23,0,0,3,6799.89,restaurant,1,0
TXN101630,C1508,3605.26,0,0,0,1,3514.74,restaurant,1,0
TXN101631,C1699,2930.76,13,0,0,2,2826.72,electronics,0,0
TXN101632,C1362,2350.62,6,0,1,1,5665.31,electronics,0,1
TXN101633,C1281,1341.85,8,0,0,4,1236.02,restaurant,0,0
TXN101634,C1904,2033.14,4,0,0,3,1880.08,grocery,0,0
TXN101635,C1628,11829.44,19,0,0,1,8407.38,online_services,0,0
TXN101636,C1251,1126.64,20,0,0,2,1129.86,travel,0,0
TXN101637,C1510,2760.99,13,1,0,3,1456.16,online_services,0,0
TXN101638,C1490,4088.98,1,0,0,1,3704.83,grocery,0,0
TXN101639,C1286,10591.15,12,0,1,3,14930.66,electronics,1,1
TXN101640,C1429,33488.12,6,0,0,1,8898.03,jewelry,0,1
TXN101641,C1905,3179.41,16,0,0,1,5699.74,electronics,0,0
TXN101642,C1645,8960.77,17,0,0,1,5277.76,cash_withdrawal,1,0
TXN101643,C1019,1672.72,12,0,0,6,1919.06,cash_withdrawal,1,0
TXN101644,C1730,1132.96,11,0,0,1,1604.03,restaurant,1,0
TXN101645,C1557,2892.21,15,0,0,5,2563.43,travel,0,0
TXN101646,C1934,1793.21,18,0,0,1,2362.34,online_services,0,0
TXN101647,C1329,12556.99,12,0,0,1,8717.04,travel,1,0
TXN101648,C1184,1201.84,0,1,0,2,1975.94,travel,1,1
TXN101649,C1611,10298.72,7,0,0,1,4386.01,grocery,1,0
TXN101650,C1917,12919.64,8,1,0,4,10707.0,grocery,0,0
TXN101651,C1828,1731.53,15,0,1,2,2642.86,online_services,0,0
TXN101652,C1366,5746.13,18,0,0,2,4249.14,electronics,2,0
TXN101653,C1997,2672.38,5,0,0,2,2127.07,grocery,0,0
TXN101654,C1253,3378.64,21,0,0,1,3447.82,electronics,0,0
TXN101655,C1272,7348.85,17,0,0,1,5693.33,cash_withdrawal,0,0
TXN101656,C1810,3438.39,23,1,0,3,4292.21,grocery,1,0
TXN101657,C1782,6766.52,7,1,0,2,5005.51,online_services,0,0
TXN101658,C1866,2068.52,12,0,0,3,2533.7,travel,0,0
TXN101659,C1957,380.23,5,0,0,1,778.18,electronics,2,0
TXN101660,C1242,3281.57,18,0,0,1,1836.28,travel,1,0
TXN101661,C1825,9650.36,23,0,0,4,10396.15,jewelry,0,0
TXN101662,C1367,2991.36,18,0,0,5,1733.03,grocery,0,0
TXN101663,C1720,2252.57,22,0,0,4,2876.82,travel,0,0
TXN101664,C1970,1811.98,18,0,0,1,2381.68,online_services,0,0
TXN101665,C1145,1119.24,18,0,0,3,965.83,electronics,2,0
TXN101666,C1856,2738.4,15,0,0,2,3663.61,online_services,0,0
TXN101667,C1316,1024.0,5,0,0,1,1117.21,restaurant,1,0
TXN101668,C1038,1829.56,2,0,0,2,2945.94,grocery,0,1
TXN101669,C1238,2941.87,19,0,0,3,2433.24,electronics,0,1
TXN101670,C1020,7080.28,16,0,0,2,3811.45,restaurant,0,0
TXN101671,C1000,965.64,10,0,0,5,2200.27,online_services,2,0
TXN101672,C1206,2060.15,4,0,0,1,2185.35,travel,0,0
TXN101673,C1734,1874.25,5,1,0,2,1529.36,cash_withdrawal,0,0
TXN101674,C1864,1313.6,10,0,0,4,1024.61,grocery,0,0
TXN101675,C1022,1463.75,4,1,0,1,609.47,online_services,0,0
TXN101676,C1721,2359.14,4,0,0,2,2987.64,cash_withdrawal,0,0
TXN101677,C1113,6779.47,16,0,0,3,6776.8,cash_withdrawal,0,0
TXN101678,C1373,1172.44,2,0,0,1,1738.62,travel,2,0
TXN101679,C1721,1343.82,21,1,0,1,1890.21,restaurant,1,0
TXN101680,C1600,2079.29,3,0,0,3,4254.2,travel,0,1
TXN101681,C1309,2987.46,10,0,0,1,2997.84,electronics,0,0
TXN101682,C1999,2414.64,5,0,0,1,2836.98,jewelry,1,0
TXN101683,C1971,2266.42,13,0,0,1,4612.79,cash_withdrawal,0,0
TXN101684,C1654,1663.88,15,0,0,4,2359.45,jewelry,0,0
TXN101685,C1324,1215.37,5,0,0,2,968.14,jewelry,0,0
TXN101686,C1991,11887.57,17,0,0,2,11316.89,jewelry,0,0
TXN101687,C1910,5227.84,19,0,0,3,3655.17,cash_withdrawal,0,0
TXN101688,C1365,3916.02,7,1,0,4,3142.54,jewelry,0,0
TXN101689,C1603,1355.44,5,0,0,1,2684.97,restaurant,0,0
TXN101690,C1314,3701.36,23,0,1,3,3656.94,jewelry,0,1
TXN101691,C1301,11522.61,4,0,0,2,11266.27,electronics,1,0
TXN101692,C1746,7647.35,0,0,0,2,3701.8,jewelry,1,0
TXN101693,C1971,3526.87,18,0,0,1,2316.87,restaurant,1,0
TXN101694,C1871,18317.79,18,0,0,3,14820.62,grocery,0,0
TXN101695,C1186,2633.2,19,0,0,1,2712.51,travel,0,0
TXN101696,C1943,4345.88,19,0,0,1,4200.16,electronics,0,0
TXN101697,C1654,2282.21,18,0,0,7,3193.53,grocery,0,0
TXN101698,C1959,5100.15,15,1,0,3,5744.04,electronics,0,0
TXN101699,C1339,949.36,23,0,0,1,2364.95,grocery,0,0
TXN101700,C1243,773.92,11,0,0,2,1215.99,travel,0,0
TXN101701,C1171,3656.14,20,1,0,3,2472.78,grocery,0,0
TXN101702,C1841,7577.79,22,1,0,1,11575.74,jewelry,1,1
TXN101703,C1654,1485.79,23,0,0,4,1520.77,travel,0,0
TXN101704,C1457,661.87,0,0,0,1,847.14,travel,0,0
TXN101705,C1214,515.1,7,0,0,3,1190.41,jewelry,0,0
TXN101706,C1069,2109.91,11,0,0,1,4459.79,travel,2,0
TXN101707,C1805,1494.9,3,0,0,4,1816.26,jewelry,2,1
TXN101708,C1001,3280.21,1,0,0,4,3011.12,restaurant,3,1
TXN101709,C1448,3644.98,23,0,1,1,6038.12,restaurant,0,0
TXN101710,C1992,3586.34,5,0,0,4,6625.14,restaurant,0,0
TXN101711,C1504,2711.38,12,0,0,2,2357.66,travel,0,0
TXN101712,C1559,8298.61,12,0,0,1,9680.35,grocery,0,0
TXN101713,C1848,5763.81,15,0,0,2,9102.76,cash_withdrawal,0,0
TXN101714,C1884,4617.29,18,0,0,1,2138.99,jewelry,1,1
TXN101715,C1776,14450.9,21,0,0,4,10198.03,electronics,0,0
TXN101716,C1166,2505.76,14,0,0,2,4110.96,grocery,0,1
TXN101717,C1818,2377.37,1,0,0,2,2269.89,travel,0,0
TXN101718,C1020,3345.17,10,0,0,2,3630.44,travel,0,0
TXN101719,C1974,1314.75,3,0,0,3,950.95,grocery,0,0
TXN101720,C1350,437.69,5,0,0,6,420.06,restaurant,0,0
TXN101721,C1164,4018.02,23,0,0,5,3747.91,grocery,0,0
TXN101722,C1560,7777.25,2,0,0,1,5320.7,travel,0,0
TXN101723,C1608,2964.98,19,0,1,2,3277.59,restaurant,0,0
TXN101724,C1721,3532.51,0,0,0,1,2236.82,restaurant,0,0
TXN101725,C1965,1076.39,20,0,0,2,2193.71,electronics,0,0
TXN101726,C1621,1651.19,13,0,1,1,2849.74,electronics,0,0
TXN101727,C1054,6480.05,3,0,0,2,6344.6,travel,0,0
TXN101728,C1210,1615.56,6,0,0,2,1346.25,restaurant,2,0
TXN101729,C1713,4411.42,17,0,0,2,2377.0,jewelry,0,0
TXN101730,C1947,3631.52,23,0,0,3,6591.8,online_services,0,0
TXN101731,C1271,1890.03,21,0,0,2,1299.72,travel,0,0
TXN101732,C1304,1360.33,7,0,0,1,974.91,grocery,0,0
TXN101733,C1050,10347.7,12,0,0,1,6150.77,online_services,0,0
TXN101734,C1562,5700.89,15,0,0,1,6507.27,electronics,3,0
TXN101735,C1055,2428.65,11,0,0,2,1684.59,grocery,0,0
TXN101736,C1437,1177.02,2,0,0,2,1215.62,travel,0,0
TXN101737,C1843,754.11,21,0,0,1,1704.57,jewelry,0,0
TXN101738,C1614,3784.89,15,0,1,1,3635.14,electronics,0,0
TXN101739,C1099,1679.12,0,0,0,1,1912.37,electronics,0,1
TXN101740,C1174,4047.72,20,0,0,1,6341.68,travel,0,0
TXN101741,C1083,2094.18,15,0,0,4,2347.45,cash_withdrawal,2,0
TXN101742,C1118,5322.97,9,0,0,3,4333.61,cash_withdrawal,2,1
TXN101743,C1407,1720.57,15,0,0,3,1079.16,restaurant,1,0
TXN101744,C1916,7834.16,21,0,0,2,8968.56,travel,0,0
TXN101745,C1093,1408.87,20,0,1,3,2295.85,online_services,1,0
TXN101746,C1396,6643.49,5,1,0,3,3122.12,travel,0,0
TXN101747,C1906,4459.44,12,0,1,2,3631.33,travel,0,0
TXN101748,C1191,15245.85,14,0,0,2,12089.67,grocery,0,0
TXN101749,C1269,5607.7,14,0,0,1,6945.1,restaurant,0,0
TXN101750,C1269,9428.97,7,0,0,3,7078.65,cash_withdrawal,0,1
TXN101751,C1275,1695.41,18,0,0,1,3221.45,grocery,0,0
TXN101752,C1154,1303.33,22,0,1,4,2032.89,jewelry,0,0
TXN101753,C1099,8629.74,2,0,0,2,4134.35,jewelry,0,0
TXN101754,C1352,4987.35,17,0,0,5,6230.33,restaurant,0,0
TXN101755,C1994,4280.89,18,0,0,1,4568.48,electronics,0,0
TXN101756,C1566,2378.15,1,0,0,1,1959.11,cash_withdrawal,0,1
TXN101757,C1396,2845.79,16,0,0,4,1580.74,restaurant,0,0
TXN101758,C1988,4441.64,17,0,0,2,4783.19,jewelry,0,0
TXN101759,C1887,7780.28,15,0,0,2,1980.37,online_services,0,0
TXN101760,C1902,11498.6,7,0,0,1,12748.49,restaurant,0,0
TXN101761,C1306,2624.3,2,1,1,3,2440.33,restaurant,0,0
TXN101762,C1924,1151.29,22,0,0,1,1626.77,grocery,0,0
TXN101763,C1514,6735.55,18,0,0,3,5167.69,online_services,0,0
TXN101764,C1819,26382.78,18,0,0,4,26045.81,jewelry,0,0
TXN101765,C1635,3041.43,4,0,0,1,3403.04,grocery,0,0
TXN101766,C1972,3405.66,14,0,0,1,1438.21,electronics,2,0
TXN101767,C1971,8427.34,5,0,0,2,7945.72,electronics,1,0
TXN101768,C1827,11006.04,6,0,0,3,7458.7,electronics,0,0
TXN101769,C1043,2077.54,13,0,0,4,2974.88,grocery,0,1
TXN101770,C1699,2604.43,13,0,0,1,1482.03,electronics,2,0
TXN101771,C1842,7001.23,20,0,0,4,5505.43,electronics,0,0
TXN101772,C1854,3559.05,19,0,0,1,2519.26,travel,0,0
TXN101773,C1327,1708.64,23,0,0,1,3277.05,cash_withdrawal,0,0
TXN101774,C1068,2111.1,2,0,0,3,3245.59,restaurant,0,0
TXN101775,C1569,6061.93,12,0,0,3,4373.28,online_services,1,0
TXN101776,C1333,3431.93,8,0,1,1,3327.48,online_services,1,0
TXN101777,C1469,636.1,0,0,0,3,809.16,cash_withdrawal,0,0
TXN101778,C1717,5476.09,19,0,0,2,4806.59,online_services,0,0
TXN101779,C1535,1424.21,13,0,0,3,3040.12,grocery,0,0
TXN101780,C1424,2395.62,4,0,0,3,4409.88,electronics,0,1
TXN101781,C1580,3058.36,18,0,0,3,2219.36,online_services,0,0
TXN101782,C1776,4424.76,3,0,0,2,4099.6,grocery,2,1
TXN101783,C1576,1861.27,3,0,0,2,1509.12,cash_withdrawal,0,0
TXN101784,C1292,7432.84,17,0,0,1,4259.53,travel,0,0
TXN101785,C1898,1131.52,13,0,0,1,1671.47,travel,0,0
TXN101786,C1392,2433.99,20,0,1,1,2611.22,restaurant,0,1
TXN101787,C1585,2591.46,19,1,1,1,3504.42,restaurant,0,1
TXN101788,C1038,4875.37,5,0,0,4,3437.37,travel,0,0
TXN101789,C1412,4296.91,4,0,1,1,5706.45,online_services,0,1
TXN101790,C1623,2622.13,21,0,0,3,3632.64,jewelry,0,0
TXN101791,C1411,2031.52,1,0,0,1,2875.24,restaurant,0,0
TXN101792,C1910,2133.68,10,0,0,5,1767.65,jewelry,2,1
TXN101793,C1243,1769.57,1,0,1,1,1574.59,jewelry,0,1
TXN101794,C1486,921.77,8,0,0,4,1483.35,travel,0,0
TXN101795,C1020,557.16,10,0,0,1,754.03,cash_withdrawal,0,0
TXN101796,C1812,11869.25,9,0,0,1,3655.3,travel,0,0
TXN101797,C1287,4563.31,15,0,0,1,3096.79,cash_withdrawal,0,0
TXN101798,C1712,1654.1,21,0,1,1,1633.77,grocery,0,0
TXN101799,C1995,6472.72,7,0,1,3,3577.64,electronics,0,0
TXN101800,C1307,1245.13,23,0,0,4,1039.3,restaurant,2,0
TXN101801,C1792,6269.65,10,0,0,1,4727.7,travel,0,0
TXN101802,C1746,4214.41,13,1,0,1,5097.89,online_services,0,1
TXN101803,C1661,6131.97,2,0,0,7,3896.28,electronics,2,0
TXN101804,C1452,1608.54,6,0,0,1,1748.89,cash_withdrawal,0,0
TXN101805,C1416,5371.22,23,0,0,1,2830.31,restaurant,1,0
TXN101806,C1777,2426.15,16,0,1,7,4387.36,cash_withdrawal,0,1
TXN101807,C1382,10227.36,1,0,0,1,6900.15,online_services,0,1
TXN101808,C1810,9301.37,5,0,0,2,7410.39,grocery,0,0
TXN101809,C1318,5594.63,22,0,1,4,5183.54,online_services,0,0
TXN101810,C1413,4244.06,4,0,0,4,2011.3,cash_withdrawal,0,0
TXN101811,C1871,3079.36,16,0,0,1,4535.57,online_services,0,0
TXN101812,C1029,3005.11,5,0,0,2,3207.28,electronics,0,0
TXN101813,C1896,8773.92,6,0,0,1,9702.66,cash_withdrawal,0,0
TXN101814,C1059,1315.53,7,0,0,1,1513.4,grocery,0,0
TXN101815,C1467,4032.62,1,0,0,2,3893.59,travel,0,0
TXN101816,C1721,8056.17,6,0,0,1,5631.52,travel,1,1
TXN101817,C1377,2165.47,14,0,0,2,3128.48,online_services,1,0
TXN101818,C1406,2499.61,20,0,0,1,1068.17,grocery,2,0
TXN101819,C1697,7544.9,0,0,0,2,5288.05,electronics,0,0
TXN101820,C1381,790.9,15,0,0,2,1765.86,online_services,0,0
TXN101821,C1456,2398.02,5,0,0,2,2051.7,cash_withdrawal,0,0
TXN101822,C1485,1558.93,18,0,0,2,1184.81,online_services,1,0
TXN101823,C1358,6586.94,11,0,0,3,5813.09,electronics,0,0
TXN101824,C1857,2224.6,8,0,0,3,4630.53,jewelry,0,0
TXN101825,C1850,491.69,22,0,0,1,933.04,grocery,0,0
TXN101826,C1291,1073.61,0,0,0,2,910.04,restaurant,2,0
TXN101827,C1050,1262.71,5,0,0,3,1685.55,cash_withdrawal,0,0
TXN101828,C1585,11127.72,6,0,0,2,5863.95,cash_withdrawal,0,0
TXN101829,C1226,1109.85,20,0,0,1,1556.02,electronics,2,0
TXN101830,C1693,1736.1,6,0,0,1,1308.07,travel,0,0
TXN101831,C1667,3472.11,13,0,1,2,2105.68,online_services,0,0
TXN101832,C1020,5149.94,21,0,0,3,6950.43,grocery,1,0
TXN101833,C1485,3522.74,4,0,0,2,3606.01,jewelry,1,0
TXN101834,C1177,6996.73,19,0,0,1,5053.51,cash_withdrawal,0,0
TXN101835,C1008,1206.53,7,0,0,3,1476.59,travel,0,1
TXN101836,C1622,1355.16,9,1,0,1,2013.96,jewelry,0,0
TXN101837,C1990,2311.91,22,0,0,2,2220.11,jewelry,2,0
TXN101838,C1281,5346.71,13,0,0,1,4649.84,restaurant,0,0
TXN101839,C1872,780.52,11,1,0,1,1742.7,restaurant,0,0
TXN101840,C1258,3489.4,6,0,0,1,2707.96,restaurant,0,0
TXN101841,C1309,10729.12,21,0,0,3,14993.65,online_services,0,0
TXN101842,C1844,4630.76,19,0,0,3,5286.01,restaurant,1,0
TXN101843,C1598,2606.52,3,0,1,1,8419.29,grocery,2,0
TXN101844,C1523,1475.38,21,0,0,2,3221.97,cash_withdrawal,0,0
TXN101845,C1859,2463.52,11,0,0,1,3389.77,online_services,1,0
TXN101846,C1662,1669.92,19,0,0,5,1801.13,online_services,0,0
TXN101847,C1289,2744.92,9,0,0,4,2282.19,jewelry,0,1
TXN101848,C1110,3334.79,15,0,0,5,2686.22,grocery,1,0
TXN101849,C1344,1436.15,8,0,0,2,1575.15,jewelry,0,0
TXN101850,C1332,3820.43,8,0,0,1,3229.45,travel,0,0
TXN101851,C1671,5618.7,22,0,0,3,4929.26,jewelry,0,0
TXN101852,C1305,2926.26,6,0,0,1,3263.69,electronics,0,0
TXN101853,C1529,2997.56,7,0,0,3,5328.33,grocery,0,0
TXN101854,C1824,2087.69,19,0,0,3,1611.15,restaurant,0,0
TXN101855,C1676,1684.56,10,0,0,1,1825.54,jewelry,0,0
TXN101856,C1143,5443.36,23,0,0,2,8020.77,grocery,0,0
TXN101857,C1671,202.68,15,0,0,4,388.28,travel,0,0
TXN101858,C1265,2316.03,13,0,0,2,2347.3,restaurant,0,0
TXN101859,C1397,2881.65,23,0,1,1,3447.78,grocery,0,1
TXN101860,C1597,3053.42,22,0,0,1,4575.68,online_services,2,0
TXN101861,C1835,3967.94,6,1,0,1,4054.96,travel,0,0
TXN101862,C1743,26137.29,22,0,0,1,20235.06,electronics,0,0
TXN101863,C1702,2233.22,17,0,0,3,1992.74,jewelry,0,1
TXN101864,C1803,3124.05,15,0,0,1,3378.21,jewelry,2,0
TXN101865,C1367,2475.56,16,0,0,3,3306.48,travel,0,0
TXN101866,C1865,3828.21,5,0,0,1,3951.54,cash_withdrawal,0,0
TXN101867,C1673,5301.56,17,0,0,1,3220.32,electronics,0,0
TXN101868,C1300,3196.15,3,0,0,2,2419.88,restaurant,0,0
TXN101869,C1131,6520.31,23,0,0,3,2233.29,travel,0,0
TXN101870,C1742,827.19,17,0,0,2,1753.92,cash_withdrawal,3,0
TXN101871,C1934,1579.81,5,0,0,2,2384.29,jewelry,0,0
TXN101872,C1921,1764.05,10,0,0,3,1560.57,jewelry,0,0
TXN101873,C1091,3900.61,7,0,0,2,2075.02,travel,3,0
TXN101874,C1228,5201.51,23,0,0,1,7373.68,cash_withdrawal,0,0
TXN101875,C1314,2490.55,13,0,0,3,3642.38,cash_withdrawal,2,0
TXN101876,C1908,8544.99,10,0,0,3,13429.61,travel,2,0
TXN101877,C1266,3115.41,18,0,0,2,4764.31,travel,0,0
TXN101878,C1474,1754.01,3,0,0,2,2819.6,restaurant,0,0
TXN101879,C1054,2870.76,20,0,0,2,3794.63,online_services,0,0
TXN101880,C1594,318.67,19,0,0,4,502.27,grocery,2,0
TXN101881,C1483,543.35,6,0,0,4,656.72,online_services,3,0
TXN101882,C1122,3654.58,21,0,1,1,1748.67,restaurant,0,0
TXN101883,C1542,1392.59,9,0,0,4,3273.49,restaurant,0,0
TXN101884,C1055,400.17,4,0,0,2,456.69,electronics,0,0
TXN101885,C1205,9121.38,10,0,0,3,8557.89,restaurant,0,0
TXN101886,C1583,5023.23,14,0,0,2,3083.98,electronics,0,0
TXN101887,C1323,496.41,22,0,0,1,1183.89,electronics,0,0
TXN101888,C1797,2348.45,2,0,0,2,2625.0,restaurant,2,0
TXN101889,C1340,2458.91,20,0,0,1,1283.84,electronics,0,0
TXN101890,C1320,6719.68,20,0,0,6,3219.64,grocery,0,0
TXN101891,C1004,1456.22,14,0,0,2,793.8,travel,1,0
TXN101892,C1214,1991.43,5,0,0,2,2618.39,online_services,2,0
TXN101893,C1782,2685.66,5,0,0,3,2927.53,restaurant,0,0
TXN101894,C1804,2180.45,2,0,0,1,2008.11,electronics,0,0
TXN101895,C1629,4957.41,13,0,0,2,2629.71,jewelry,0,0
TXN101896,C1439,4121.49,12,0,0,6,4919.32,restaurant,0,0
TXN101897,C1988,5564.53,15,0,0,2,4700.94,restaurant,0,1
TXN101898,C1004,6079.19,1,0,0,3,4385.27,online_services,0,0
TXN101899,C1204,5624.05,23,0,0,4,4826.64,travel,0,0
TXN101900,C1972,3834.39,0,0,0,4,2880.29,travel,1,1
TXN101901,C1775,3174.17,16,0,0,1,3765.97,electronics,0,0
TXN101902,C1018,402.13,21,0,0,5,821.02,grocery,0,0
TXN101903,C1641,6146.52,23,0,0,2,3773.54,electronics,0,0
TXN101904,C1231,4626.06,22,0,0,1,2602.28,travel,3,0
TXN101905,C1319,1575.47,4,0,0,1,2338.16,grocery,2,0
TXN101906,C1392,1571.13,16,0,0,1,1412.71,online_services,0,0
TXN101907,C1313,1733.52,5,0,0,1,3027.43,grocery,0,0
TXN101908,C1843,4234.53,1,0,0,4,3499.09,travel,0,1
TXN101909,C1971,9122.66,9,0,0,2,10242.58,restaurant,0,0
TXN101910,C1745,2923.55,16,0,0,2,2434.78,online_services,0,0
TXN101911,C1536,2654.57,10,0,0,3,1549.63,restaurant,0,0
TXN101912,C1909,4567.89,21,0,0,5,6247.46,electronics,0,0
TXN101913,C1350,4591.62,15,0,0,3,4163.48,travel,0,0
TXN101914,C1768,1666.05,6,0,0,2,1940.54,electronics,0,0
TXN101915,C1970,2049.08,12,0,0,4,4038.61,grocery,3,1
TXN101916,C1233,2454.11,7,0,0,2,2768.7,jewelry,0,0
TXN101917,C1134,14062.01,6,0,0,1,10312.26,jewelry,0,0
TXN101918,C1022,4978.31,18,0,0,1,8230.15,online_services,0,0
TXN101919,C1173,2554.14,3,0,0,2,1857.71,travel,0,0
TXN101920,C1728,2245.0,20,0,0,1,2499.29,cash_withdrawal,0,0
TXN101921,C1038,2059.18,12,0,0,1,1813.4,jewelry,0,0
TXN101922,C1261,6794.73,17,0,0,2,7236.78,online_services,0,0
TXN101923,C1049,9159.71,19,0,0,1,8207.27,grocery,0,0
TXN101924,C1677,6152.33,3,0,0,1,10540.48,jewelry,0,0
TXN101925,C1856,2046.05,0,0,0,1,2263.94,grocery,3,1
TXN101926,C1706,467.27,3,0,0,1,674.86,restaurant,2,0
TXN101927,C1454,9077.62,12,0,0,3,4992.21,grocery,0,0
TXN101928,C1560,853.59,8,0,0,3,1595.4,restaurant,3,0
TXN101929,C1718,1617.56,4,0,0,1,2134.77,electronics,0,0
TXN101930,C1711,8664.5,21,0,0,3,6346.55,jewelry,0,0
TXN101931,C1009,20775.68,9,0,0,6,14082.84,restaurant,0,1
TXN101932,C1677,2580.34,3,0,0,1,3362.5,jewelry,0,0
TXN101933,C1532,1509.48,8,0,0,2,1713.96,online_services,1,0
TXN101934,C1620,10520.48,22,1,0,5,5611.72,electronics,0,1
TXN101935,C1428,818.14,3,0,0,1,614.08,online_services,0,0
TXN101936,C1736,1286.29,19,0,0,1,2536.13,grocery,1,0
TXN101937,C1289,6911.45,3,1,0,1,3746.09,cash_withdrawal,0,1
TXN101938,C1108,3398.92,15,0,0,6,2186.51,electronics,0,1
TXN101939,C1623,1791.25,6,0,0,1,1681.5,cash_withdrawal,0,0
TXN101940,C1269,1319.44,16,1,0,1,1527.58,electronics,1,0
TXN101941,C1366,4060.92,22,0,0,2,1505.02,restaurant,0,0
TXN101942,C1302,801.17,5,0,0,1,1893.74,grocery,0,0
TXN101943,C1561,2875.48,15,0,0,2,2569.02,electronics,1,0
TXN101944,C1704,1531.38,15,0,0,1,2361.68,travel,0,0
TXN101945,C1240,7213.16,0,0,0,3,7014.13,grocery,0,0
TXN101946,C1687,4721.66,2,0,0,1,3758.8,grocery,1,0
TXN101947,C1855,14795.31,18,0,0,1,13983.48,jewelry,0,0
TXN101948,C1505,2801.97,4,0,0,4,1441.65,grocery,0,0
TXN101949,C1798,5482.14,16,1,0,2,5703.4,grocery,0,0
TXN101950,C1740,2027.88,23,0,1,2,2576.14,grocery,0,0
TXN101951,C1926,2541.88,8,0,0,2,2414.88,jewelry,0,0
TXN101952,C1236,4045.32,14,0,1,2,6124.72,travel,0,0
TXN101953,C1270,5994.4,14,0,0,3,6550.91,grocery,3,0
TXN101954,C1102,14345.34,5,1,0,1,9808.42,cash_withdrawal,0,0
TXN101955,C1040,4736.76,9,0,0,1,3765.69,travel,0,0
TXN101956,C1820,2200.9,21,0,0,1,1757.93,travel,0,0
TXN101957,C1436,2189.16,23,0,0,1,1875.8,grocery,0,0
TXN101958,C1097,1886.35,1,0,0,3,2233.03,grocery,0,0
TXN101959,C1872,895.54,4,0,0,2,1558.94,jewelry,1,0
TXN101960,C1662,4364.98,5,1,0,3,3096.53,travel,0,1
TXN101961,C1366,941.49,14,0,0,4,1213.25,online_services,0,1
TXN101962,C1274,4414.01,23,0,0,2,3986.24,grocery,0,0
TXN101963,C1381,4570.93,10,0,0,3,3873.65,electronics,0,0
TXN101964,C1116,2805.51,12,0,0,7,4028.15,restaurant,0,1
TXN101965,C1985,1635.01,14,0,0,6,4855.42,travel,1,0
TXN101966,C1855,4333.82,12,1,0,2,4320.89,jewelry,0,0
TXN101967,C1871,2229.55,15,0,0,4,1833.26,cash_withdrawal,0,0
TXN101968,C1431,887.79,20,0,0,3,1294.3,cash_withdrawal,0,0
TXN101969,C1170,6871.2,3,0,1,1,7369.97,electronics,0,0
TXN101970,C1712,2509.28,23,0,0,5,2726.19,grocery,0,1
TXN101971,C1965,1045.26,5,0,0,1,3139.99,grocery,1,0
TXN101972,C1426,1158.07,18,0,0,2,1410.38,restaurant,1,0
TXN101973,C1821,1187.04,18,0,0,1,1782.07,jewelry,0,0
TXN101974,C1448,4388.84,5,0,0,3,5105.74,online_services,1,0
TXN101975,C1388,1162.34,11,0,0,4,855.49,online_services,0,0
TXN101976,C1029,5339.85,21,0,1,6,3715.61,cash_withdrawal,0,1
TXN101977,C1744,3632.4,4,0,0,1,3003.32,restaurant,1,1
TXN101978,C1942,6899.67,15,1,0,1,4073.71,grocery,0,0
TXN101979,C1908,1674.61,13,0,0,2,1980.0,restaurant,1,0
TXN101980,C1047,12532.2,2,0,0,3,8508.97,travel,1,0
TXN101981,C1670,4183.04,10,0,1,6,4434.79,grocery,3,0
TXN101982,C1721,1624.71,21,0,0,2,2683.89,online_services,0,0
TXN101983,C1785,1994.24,23,0,0,1,1892.17,online_services,1,0
TXN101984,C1741,2216.96,18,0,0,1,2268.58,electronics,1,1
TXN101985,C1978,1879.86,21,0,0,3,2098.23,cash_withdrawal,0,0
TXN101986,C1346,988.76,16,0,0,2,2319.54,online_services,0,0
TXN101987,C1704,548.09,22,0,0,1,641.99,online_services,0,0
TXN101988,C1097,6214.11,13,0,0,4,3136.46,jewelry,0,0
TXN101989,C1744,3440.41,7,0,0,1,3443.68,restaurant,0,0
TXN101990,C1354,6266.08,21,0,0,3,2896.05,jewelry,0,0
TXN101991,C1656,4798.0,12,0,0,1,4239.34,electronics,0,0
TXN101992,C1859,3583.25,17,0,0,3,3644.91,online_services,1,0
TXN101993,C1055,3598.77,0,0,0,3,4050.58,jewelry,0,0
TXN101994,C1956,1119.38,5,0,0,2,1292.18,online_services,0,0
TXN101995,C1869,2834.44,15,0,0,2,1528.83,cash_withdrawal,1,0
TXN101996,C1507,1600.24,5,0,0,1,2409.69,grocery,0,0
TXN101997,C1769,2656.88,15,0,0,1,2696.21,travel,0,0
TXN101998,C1246,5752.81,10,0,0,1,7084.28,travel,0,0
TXN101999,C1051,8123.66,16,0,0,1,9789.66,electronics,0,0
TXN102000,C1563,1145.46,20,0,0,4,2201.53,restaurant,0,0
TXN102001,C1412,4442.96,7,1,0,1,3184.1,grocery,0,0
TXN102002,C1470,2572.81,14,0,0,1,1484.4,cash_withdrawal,0,0
TXN102003,C1586,622.13,14,0,0,5,910.66,grocery,0,1
TXN102004,C1877,7371.49,15,0,0,1,6173.48,restaurant,0,0
TXN102005,C1323,1306.5,3,0,0,2,2310.29,restaurant,0,0
TXN102006,C1763,9204.23,20,0,0,2,9047.83,grocery,1,0
TXN102007,C1105,2625.44,12,0,0,2,2274.03,restaurant,0,0
TXN102008,C1036,1452.13,17,0,0,1,908.72,online_services,3,0
TXN102009,C1000,553.27,2,0,0,2,549.63,cash_withdrawal,0,0
TXN102010,C1618,2815.69,19,0,0,6,2550.05,jewelry,0,0
TXN102011,C1311,4411.42,16,0,0,1,8358.95,online_services,2,1
TXN102012,C1211,10495.76,20,0,0,2,4540.83,jewelry,2,0
TXN102013,C1467,2279.07,10,0,1,1,1965.29,travel,0,0
TXN102014,C1845,2708.8,1,0,0,1,4757.35,cash_withdrawal,1,1
TXN102015,C1228,2567.43,14,0,0,3,2861.14,travel,0,0
TXN102016,C1573,1896.83,19,0,0,6,1868.68,online_services,0,0
TXN102017,C1484,10617.66,22,1,0,3,6819.68,jewelry,0,0
TXN102018,C1372,4584.84,22,0,0,5,5451.52,restaurant,0,0
TXN102019,C1116,1460.11,3,0,0,2,3084.0,cash_withdrawal,0,1
TXN102020,C1674,1315.73,7,0,0,1,1655.97,grocery,0,0
TXN102021,C1349,2101.44,11,0,0,1,4923.7,cash_withdrawal,2,1
TXN102022,C1648,18523.31,9,1,1,1,13937.2,online_services,2,1
TXN102023,C1534,4040.93,11,0,0,1,2251.6,jewelry,1,0
TXN102024,C1108,2178.9,1,1,0,1,2448.34,electronics,1,1
TXN102025,C1504,5933.07,4,1,0,1,2914.02,cash_withdrawal,0,1
TXN102026,C1734,2054.18,23,0,0,5,1984.52,jewelry,0,1
TXN102027,C1419,8372.38,3,1,0,2,5645.82,travel,0,0
TXN102028,C1625,4644.74,6,0,0,3,5741.27,electronics,0,0
TXN102029,C1123,5141.13,12,0,0,1,3458.76,electronics,0,0
TXN102030,C1468,4305.61,6,0,0,2,4359.03,jewelry,0,0
TXN102031,C1346,1895.04,3,0,0,5,2122.3,cash_withdrawal,0,1
TXN102032,C1424,8504.37,1,0,0,1,6642.65,jewelry,0,0
TXN102033,C1857,5810.63,21,0,0,2,6888.66,online_services,0,0
TXN102034,C1126,9180.27,14,0,0,1,5677.56,restaurant,1,0
TXN102035,C1674,4602.24,18,0,0,2,6977.31,online_services,0,0
TXN102036,C1137,6753.07,15,0,0,2,6357.94,grocery,1,0
TXN102037,C1543,2360.76,23,1,0,3,3634.61,grocery,0,0
TXN102038,C1566,12623.96,13,0,0,1,9796.89,cash_withdrawal,0,0
TXN102039,C1599,2003.17,15,0,0,2,1918.1,online_services,2,0
TXN102040,C1799,4735.82,5,0,0,1,4286.35,jewelry,0,0
TXN102041,C1592,2686.02,5,0,0,1,2934.08,jewelry,0,0
TXN102042,C1834,7679.97,4,0,0,4,8580.1,grocery,0,0
TXN102043,C1396,4755.29,21,0,0,1,5020.14,online_services,0,0
TXN102044,C1620,2813.34,10,0,0,1,6965.11,online_services,0,0
TXN102045,C1902,4894.92,12,0,0,3,6681.21,restaurant,0,0
TXN102046,C1623,1519.44,22,0,0,1,2266.77,cash_withdrawal,0,0
TXN102047,C1254,1429.56,8,0,1,1,1674.55,restaurant,3,0
TXN102048,C1986,994.41,10,1,1,2,963.8,travel,0,1
TXN102049,C1463,3836.31,4,0,0,2,2669.36,electronics,0,0
TXN102050,C1422,3568.44,19,1,0,3,3360.11,jewelry,0,0
TXN102051,C1907,2862.83,23,0,0,2,4759.19,online_services,0,0
TXN102052,C1306,3643.38,22,0,0,1,3996.11,online_services,1,0
TXN102053,C1881,930.9,10,0,0,2,383.08,jewelry,0,0
TXN102054,C1754,2687.5,17,0,0,1,1170.19,jewelry,1,0
TXN102055,C1222,4186.51,6,0,0,2,2964.46,electronics,0,0
TXN102056,C1639,1281.62,22,0,0,1,2022.44,travel,0,0
TXN102057,C1703,7664.39,11,0,0,1,8567.78,jewelry,0,0
TXN102058,C1135,6368.33,22,0,0,1,2814.39,jewelry,0,0
TXN102059,C1998,4937.11,5,0,0,1,3326.25,online_services,0,0
TXN102060,C1555,3201.72,22,0,0,2,3209.83,jewelry,0,0
TXN102061,C1330,3646.92,22,0,0,1,2504.62,grocery,0,0
TXN102062,C1779,5593.57,11,0,0,4,7711.35,online_services,0,0
TXN102063,C1491,1328.39,18,0,0,3,1973.52,online_services,2,0
TXN102064,C1965,4307.31,21,0,0,1,9196.15,jewelry,0,0
TXN102065,C1427,3685.28,21,0,1,1,1011.07,jewelry,1,0
TXN102066,C1915,1530.51,17,0,0,1,2177.09,travel,0,0
TXN102067,C1898,4068.62,13,0,0,3,4121.47,cash_withdrawal,0,0
TXN102068,C1013,11935.8,16,0,0,3,6804.93,grocery,2,1
TXN102069,C1025,2549.34,12,1,0,2,4846.64,electronics,1,0
TXN102070,C1054,2195.69,21,0,0,2,2773.35,grocery,0,0
TXN102071,C1204,586.01,8,0,1,2,707.91,cash_withdrawal,0,0
TXN102072,C1804,1468.07,5,0,0,1,1722.12,travel,0,0
TXN102073,C1699,1002.02,8,0,0,2,871.14,electronics,0,0
TXN102074,C1859,7571.29,1,0,0,2,2942.28,jewelry,0,0
TXN102075,C1803,3181.49,9,0,0,5,1645.31,electronics,3,1
TXN102076,C1771,2444.16,17,1,0,1,3214.16,grocery,0,0
TXN102077,C1367,3128.26,14,0,0,1,2404.52,grocery,1,0
TXN102078,C1630,7767.39,21,0,0,2,3380.12,jewelry,0,0
TXN102079,C1575,2621.33,7,0,0,1,3060.48,jewelry,1,0
TXN102080,C1662,1918.32,17,0,0,3,3042.41,restaurant,1,0
TXN102081,C1243,14874.97,16,0,0,1,17481.65,cash_withdrawal,0,0
TXN102082,C1815,3132.13,22,0,0,4,2405.19,travel,0,1
TXN102083,C1709,525.38,21,0,0,4,335.57,grocery,0,1
TXN102084,C1948,1275.98,12,0,0,3,1584.95,restaurant,1,1
TXN102085,C1426,2820.4,21,0,0,1,2759.3,travel,0,0
TXN102086,C1989,968.93,17,0,0,5,873.24,grocery,3,1
TXN102087,C1013,3066.33,23,0,0,2,1666.14,travel,0,0
TXN102088,C1207,1393.87,19,0,0,1,1777.39,cash_withdrawal,2,0
TXN102089,C1799,2220.37,14,0,0,4,1738.61,cash_withdrawal,0,0
TXN102090,C1230,2464.4,20,0,0,1,1627.74,jewelry,0,0
TXN102091,C1726,605.06,20,0,0,2,827.26,travel,0,0
TXN102092,C1773,1000.85,18,0,0,1,1343.26,online_services,0,0
TXN102093,C1756,2447.31,19,1,0,4,3288.56,electronics,0,1
TXN102094,C1794,3441.2,23,0,0,1,5328.65,electronics,0,0
TXN102095,C1301,4421.47,14,0,0,1,2499.07,electronics,0,0
TXN102096,C1699,4116.2,2,0,0,5,3245.02,electronics,0,1
TXN102097,C1985,2929.25,5,0,0,3,3464.62,jewelry,1,0
TXN102098,C1526,2200.01,3,0,0,2,2400.3,restaurant,0,1
TXN102099,C1041,6715.44,13,0,1,2,7880.61,travel,0,1
TXN102100,C1569,911.07,8,0,0,1,2064.41,electronics,0,0
TXN102101,C1164,2854.26,18,0,0,1,3813.98,cash_withdrawal,0,0
TXN102102,C1261,4350.13,0,0,1,2,4948.29,travel,0,0
TXN102103,C1477,9482.81,22,0,0,1,3831.73,electronics,0,0
TXN102104,C1040,2654.74,4,0,0,1,2391.92,travel,1,0
TXN102105,C1611,3463.98,1,0,0,3,3880.21,cash_withdrawal,1,0
TXN102106,C1954,1668.12,20,1,0,4,3139.86,online_services,0,0
TXN102107,C1863,4723.63,21,0,0,4,3565.46,travel,0,0
TXN102108,C1502,2307.08,18,0,0,3,1024.64,online_services,0,0
TXN102109,C1366,6909.54,2,0,0,1,9660.59,cash_withdrawal,0,0
TXN102110,C1724,2126.18,10,0,0,4,2991.71,online_services,0,0
TXN102111,C1225,872.54,5,0,0,6,1370.75,online_services,0,0
TXN102112,C1069,1323.64,16,0,0,4,880.17,electronics,0,0
TXN102113,C1425,2397.69,17,0,0,1,2191.34,online_services,1,0
TXN102114,C1413,1402.2,2,0,0,2,1800.34,travel,0,0
TXN102115,C1226,5312.39,6,0,0,1,4920.23,jewelry,0,0
TXN102116,C1339,1618.74,10,0,0,2,1154.8,travel,0,0
TXN102117,C1300,8628.25,6,0,0,5,6378.77,cash_withdrawal,0,0
TXN102118,C1633,1321.04,16,0,0,1,1514.2,restaurant,2,0
TXN102119,C1574,971.71,20,0,0,1,979.33,grocery,0,0
TXN102120,C1117,13388.14,21,0,0,1,7843.94,travel,1,1
TXN102121,C1456,2040.17,7,0,0,3,2683.18,jewelry,0,0
TXN102122,C1628,1034.41,19,0,0,4,1791.44,electronics,1,0
TXN102123,C1981,6903.95,1,0,0,1,4264.38,jewelry,0,1
TXN102124,C1906,2784.77,10,0,0,1,1637.83,restaurant,0,0
TXN102125,C1937,3041.4,3,0,0,3,2089.6,restaurant,0,0
TXN102126,C1262,3771.88,17,0,0,2,2179.67,jewelry,0,0
TXN102127,C1289,4211.39,0,0,0,3,3198.1,online_services,0,0
TXN102128,C1841,793.18,11,0,0,4,2068.35,online_services,0,0
TXN102129,C1822,3327.06,16,0,0,3,3612.52,restaurant,0,0
TXN102130,C1498,6079.16,1,0,0,1,4713.95,travel,0,0
TXN102131,C1919,3051.36,20,0,0,3,2124.28,electronics,0,0
TXN102132,C1328,922.68,16,0,1,1,1333.83,grocery,1,0
TXN102133,C1970,9194.77,3,0,0,1,3018.45,electronics,0,1
TXN102134,C1994,18610.12,17,0,0,3,9620.2,online_services,1,0
TXN102135,C1007,4253.49,20,1,0,1,4155.64,grocery,1,0
TXN102136,C1215,1424.71,21,1,0,1,1603.57,jewelry,0,0
TXN102137,C1792,6831.63,6,0,0,2,7328.2,cash_withdrawal,3,0
TXN102138,C1701,2710.14,13,0,0,3,2706.15,cash_withdrawal,0,0
TXN102139,C1106,3163.91,6,0,0,1,2196.89,online_services,0,0
TXN102140,C1848,3067.89,22,0,0,1,3130.23,jewelry,0,0
TXN102141,C1793,3939.99,13,0,0,1,4761.67,jewelry,0,0
TXN102142,C1836,11084.84,2,0,1,2,7977.51,jewelry,2,1
TXN102143,C1702,3950.42,4,0,0,3,1863.17,grocery,1,1
TXN102144,C1470,3268.81,22,0,0,4,2378.15,travel,0,0
TXN102145,C1038,559.59,2,0,0,3,1665.39,grocery,0,0
TXN102146,C1055,1007.72,5,0,0,1,1566.64,cash_withdrawal,0,0
TXN102147,C1257,3497.87,17,0,0,1,3144.02,grocery,0,0
TXN102148,C1588,1931.09,7,0,0,1,6426.02,travel,3,0
TXN102149,C1417,3670.46,12,0,0,1,4208.67,restaurant,0,0
TXN102150,C1645,6756.21,12,0,0,1,7630.77,restaurant,1,0
TXN102151,C1323,4828.11,0,0,0,3,2873.29,restaurant,3,0
TXN102152,C1689,2434.67,3,0,1,1,3315.27,online_services,0,0
TXN102153,C1006,609.26,20,0,0,3,2132.21,jewelry,0,0
TXN102154,C1633,2666.28,2,1,0,2,4258.41,cash_withdrawal,2,1
TXN102155,C1763,798.45,18,0,0,2,808.81,grocery,3,1
TXN102156,C1717,4131.22,2,0,0,1,2967.05,travel,0,0
TXN102157,C1950,2024.12,16,0,0,1,2576.65,grocery,2,0
TXN102158,C1296,9756.89,21,0,0,4,7946.95,travel,0,0
TXN102159,C1621,3959.29,2,0,0,1,2112.9,travel,0,0
TXN102160,C1783,8879.43,14,0,0,2,8111.36,restaurant,0,0
TXN102161,C1404,4872.89,21,0,0,4,4587.86,grocery,0,0
TXN102162,C1485,5674.33,5,0,0,4,6000.31,online_services,0,0
TXN102163,C1225,1342.52,4,0,1,5,2316.01,jewelry,0,1
TXN102164,C1400,3146.3,17,0,0,3,3547.92,travel,0,0
TXN102165,C1983,3409.86,20,0,0,4,2880.2,electronics,2,1
TXN102166,C1305,6846.01,21,0,0,1,4430.75,cash_withdrawal,0,0
TXN102167,C1887,4729.66,23,0,0,1,5563.25,jewelry,0,0
TXN102168,C1382,11193.43,0,0,0,2,5692.29,online_services,0,0
TXN102169,C1895,1465.1,17,0,0,1,1848.67,electronics,2,1
TXN102170,C1126,4395.21,1,0,0,1,2762.77,grocery,0,0
TXN102171,C1586,4133.82,19,0,0,1,5109.6,restaurant,0,0
TXN102172,C1550,935.36,17,0,0,2,1865.55,grocery,0,0
TXN102173,C1312,948.0,6,1,0,3,743.57,jewelry,0,1
TXN102174,C1759,6327.19,23,0,0,5,5542.6,travel,2,0
TXN102175,C1216,1082.83,13,0,0,1,2221.26,jewelry,0,0
TXN102176,C1871,6645.96,16,0,1,1,7001.0,electronics,1,1
TXN102177,C1164,4678.48,5,0,0,2,4671.65,electronics,0,0
TXN102178,C1631,1223.05,8,0,0,5,1669.54,electronics,0,0
TXN102179,C1117,5013.16,5,0,0,1,3291.83,jewelry,0,0
TXN102180,C1818,6101.78,18,0,0,2,3650.11,cash_withdrawal,0,0
TXN102181,C1055,6795.36,17,0,0,1,4147.52,restaurant,0,0
TXN102182,C1660,684.87,17,0,1,1,1780.69,grocery,0,0
TXN102183,C1297,2069.33,21,0,0,2,1727.31,grocery,1,0
TXN102184,C1256,4309.9,3,0,1,3,6617.72,electronics,1,0
TXN102185,C1743,1666.18,18,0,0,3,3709.82,restaurant,0,0
TXN102186,C1974,1300.25,10,0,0,2,1525.94,travel,2,0
TXN102187,C1131,5052.72,21,0,0,5,3054.4,jewelry,3,1
TXN102188,C1240,1209.87,3,0,0,2,2203.44,travel,1,0
TXN102189,C1634,1711.62,2,0,0,1,3371.74,electronics,2,1
TXN102190,C1325,1272.61,15,0,0,2,3693.76,restaurant,0,0
TXN102191,C1336,4973.62,19,0,0,1,3048.73,jewelry,0,0
TXN102192,C1313,3840.21,22,0,1,1,4198.13,online_services,0,0
TXN102193,C1156,6171.14,18,0,0,2,6160.69,online_services,1,0
TXN102194,C1373,1177.02,10,0,0,1,1691.16,restaurant,1,0
TXN102195,C1172,12462.36,0,0,1,3,10396.71,travel,0,1
TXN102196,C1252,15712.06,7,0,0,1,16281.57,jewelry,2,0
TXN102197,C1757,1063.7,20,1,0,1,1758.33,restaurant,0,0
TXN102198,C1283,15479.62,11,0,0,1,6832.8,electronics,0,0
TXN102199,C1695,8108.7,23,0,0,2,6485.42,travel,3,0
TXN102200,C1898,1199.46,15,1,1,6,1831.79,restaurant,0,0
TXN102201,C1456,5242.37,11,0,0,4,5209.5,cash_withdrawal,0,1
TXN102202,C1312,829.72,15,0,0,1,1588.25,online_services,2,0
TXN102203,C1111,3101.37,5,1,0,4,3929.92,jewelry,0,1
TXN102204,C1621,2295.42,2,0,0,2,2881.63,cash_withdrawal,1,0
TXN102205,C1287,1900.54,4,1,0,1,3491.51,online_services,0,0
TXN102206,C1201,5782.36,8,0,0,2,6820.21,jewelry,0,0
TXN102207,C1907,4742.51,20,0,0,4,7272.4,grocery,0,0
TXN102208,C1744,2791.25,2,0,0,1,2202.7,grocery,0,0
TXN102209,C1869,3328.9,16,0,1,6,5225.45,jewelry,0,0
TXN102210,C1031,3322.35,18,0,0,4,1101.2,online_services,0,0
TXN102211,C1414,3665.69,18,0,0,1,7779.44,electronics,0,0
TXN102212,C1928,2747.69,1,0,0,1,2865.93,online_services,0,1
TXN102213,C1266,2929.47,17,1,0,1,1874.56,online_services,3,1
TXN102214,C1483,10276.6,20,0,0,1,12397.25,cash_withdrawal,2,0
TXN102215,C1152,12129.94,11,0,0,2,14214.92,restaurant,0,0
TXN102216,C1228,1292.63,18,0,0,1,1247.12,jewelry,0,0
TXN102217,C1877,6495.48,9,0,0,1,7567.08,electronics,0,0
TXN102218,C1475,4138.15,16,0,0,3,3651.41,online_services,0,0
TXN102219,C1092,2058.39,12,1,0,1,1607.33,travel,1,0
TXN102220,C1514,2139.75,0,0,0,3,3495.11,jewelry,0,1
TXN102221,C1244,11066.9,19,0,0,3,6565.62,jewelry,0,0
TXN102222,C1169,2337.97,16,0,0,1,1947.1,electronics,1,0
TXN102223,C1456,4274.04,5,0,0,2,3211.78,electronics,0,0
TXN102224,C1579,1336.79,18,0,0,1,1651.7,jewelry,0,0
TXN102225,C1893,3171.57,4,0,0,2,2613.57,jewelry,1,1
TXN102226,C1749,2434.39,15,0,0,2,2186.59,travel,0,0
TXN102227,C1041,2171.27,7,0,0,4,1700.54,cash_withdrawal,0,1
TXN102228,C1499,4284.09,7,0,0,2,6221.62,grocery,0,0
TXN102229,C1270,4038.38,11,0,0,2,1667.17,electronics,0,0
TXN102230,C1043,804.54,21,0,0,1,1660.45,electronics,0,0
TXN102231,C1530,1743.25,11,0,0,1,2154.18,restaurant,0,0
TXN102232,C1480,2120.31,14,0,0,2,2336.3,grocery,0,0
TXN102233,C1040,3795.79,20,0,0,4,2472.26,travel,0,0
TXN102234,C1105,2773.17,22,0,0,1,2721.64,online_services,0,0
TXN102235,C1648,7419.33,8,0,0,2,6383.1,cash_withdrawal,0,0
TXN102236,C1759,798.06,8,0,0,1,1383.48,online_services,0,0
TXN102237,C1557,987.64,18,0,0,1,3221.69,electronics,1,0
TXN102238,C1385,6217.84,20,0,1,3,3461.64,restaurant,0,1
TXN102239,C1374,1352.94,18,0,0,7,1602.87,jewelry,0,0
TXN102240,C1919,7819.56,2,0,0,1,3010.29,online_services,0,0
TXN102241,C1257,2506.43,12,0,0,4,4220.53,electronics,0,0
TXN102242,C1528,4359.79,12,0,0,1,4024.58,travel,0,0
TXN102243,C1836,5320.21,11,0,0,1,3333.7,restaurant,0,0
TXN102244,C1811,8056.35,15,0,0,1,4891.05,online_services,0,0
TXN102245,C1006,1667.94,16,0,0,2,1285.11,electronics,0,0
TXN102246,C1450,1039.23,5,0,0,1,663.15,electronics,0,0
TXN102247,C1078,4359.25,16,0,0,1,3763.49,jewelry,1,0
TXN102248,C1287,11145.55,6,0,0,5,10030.73,electronics,2,0
TXN102249,C1191,8460.84,5,0,0,1,5646.67,travel,3,0
TXN102250,C1616,9009.12,22,0,0,1,8186.96,cash_withdrawal,1,0
TXN102251,C1121,1919.75,21,0,0,3,3645.34,electronics,0,0
TXN102252,C1424,3026.92,10,0,0,1,1948.85,jewelry,0,0
TXN102253,C1116,767.33,15,1,0,4,779.45,jewelry,1,1
TXN102254,C1490,13779.58,15,0,0,3,8075.3,electronics,2,0
TXN102255,C1604,5445.88,5,0,0,1,7815.65,jewelry,0,0
TXN102256,C1853,14953.88,13,0,0,1,3911.95,grocery,0,0
TXN102257,C1249,5089.94,1,1,0,1,4424.62,electronics,0,0
TXN102258,C1587,8818.68,18,0,1,2,6502.64,electronics,2,0
TXN102259,C1137,3220.5,20,0,0,1,2444.32,online_services,1,0
TXN102260,C1040,5199.35,18,0,0,1,3799.97,electronics,1,0
TXN102261,C1057,3521.47,5,0,0,1,7457.98,travel,1,0
TXN102262,C1944,2222.9,5,0,0,1,3395.31,online_services,1,0
TXN102263,C1981,1993.17,12,1,0,2,2344.45,online_services,0,0
TXN102264,C1992,6236.86,18,0,0,6,2802.57,jewelry,0,0
TXN102265,C1019,1089.1,23,0,0,2,2255.53,jewelry,0,0
TXN102266,C1677,1392.39,9,0,0,1,1516.33,grocery,0,0
TXN102267,C1221,2321.42,14,1,0,2,2164.36,online_services,0,1
TXN102268,C1482,1633.97,15,0,0,1,1329.21,electronics,0,0
TXN102269,C1224,1435.09,13,0,0,7,1235.54,online_services,2,1
TXN102270,C1146,2550.6,18,0,0,2,2349.89,cash_withdrawal,0,0
TXN102271,C1785,4554.22,5,0,0,1,3775.77,online_services,0,0
TXN102272,C1675,5903.42,16,0,0,7,3516.09,travel,0,0
TXN102273,C1171,2941.11,23,1,0,1,2379.29,jewelry,0,1
TXN102274,C1350,3135.52,14,0,0,2,3047.14,online_services,0,0
TXN102275,C1604,2342.88,2,0,0,1,1885.69,electronics,1,1
TXN102276,C1387,1895.78,12,0,0,3,1409.73,electronics,1,0
TXN102277,C1111,7958.38,0,0,0,2,8654.96,electronics,0,0
TXN102278,C1535,1842.84,16,1,0,1,1182.2,jewelry,0,1
TXN102279,C1429,5959.53,4,0,0,1,5847.85,online_services,3,1
TXN102280,C1098,5406.09,5,0,0,2,7154.9,restaurant,1,0
TXN102281,C1923,2502.77,19,0,0,2,1885.39,online_services,0,0
TXN102282,C1039,3883.99,17,0,0,2,2069.95,online_services,1,1
TXN102283,C1770,4155.85,3,0,0,2,4210.25,grocery,0,0
TXN102284,C1493,850.54,21,0,0,2,1719.99,electronics,0,0
TXN102285,C1923,2400.88,19,0,0,1,3151.98,online_services,1,0
TXN102286,C1847,2036.3,0,1,0,2,2633.77,cash_withdrawal,3,1
TXN102287,C1694,3970.24,20,0,0,3,2124.07,restaurant,0,1
TXN102288,C1534,1219.0,13,0,0,6,1166.77,travel,0,0
TXN102289,C1895,2009.48,1,0,0,2,1713.9,jewelry,2,1
TXN102290,C1542,5090.72,13,0,0,2,10109.78,electronics,0,0
TXN102291,C1960,1790.0,15,0,0,1,2248.76,cash_withdrawal,0,0
TXN102292,C1787,2342.64,12,1,1,1,3427.43,travel,1,0
TXN102293,C1603,2271.0,23,0,0,2,2658.35,cash_withdrawal,0,0
TXN102294,C1857,3577.44,22,0,0,3,1699.13,online_services,1,1
TXN102295,C1100,7151.98,13,0,0,1,10497.48,electronics,0,0
TXN102296,C1260,4260.74,15,0,0,2,6286.36,cash_withdrawal,0,0
TXN102297,C1238,5270.76,2,0,1,1,5202.02,travel,0,0
TXN102298,C1612,13569.23,17,0,0,1,9370.05,restaurant,0,0
TXN102299,C1263,29013.47,6,1,0,1,16964.88,grocery,0,0
TXN102300,C1726,2848.46,23,1,0,4,2518.11,cash_withdrawal,0,0
TXN102301,C1007,2172.65,18,0,0,3,3193.21,online_services,0,0
TXN102302,C1120,7121.63,16,0,0,1,3909.91,grocery,0,0
TXN102303,C1384,3942.01,20,0,0,1,3667.73,electronics,0,0
TXN102304,C1704,2389.02,10,0,0,2,1503.64,restaurant,1,0
TXN102305,C1370,8827.95,3,0,0,1,6295.38,electronics,0,1
TXN102306,C1436,3185.43,20,0,0,4,1858.4,online_services,1,0
TXN102307,C1259,4901.06,8,0,0,3,3357.12,cash_withdrawal,0,0
TXN102308,C1548,8471.15,13,1,0,3,6770.03,online_services,0,1
TXN102309,C1374,2918.25,19,0,1,1,2630.06,travel,0,0
TXN102310,C1696,19425.76,12,0,0,3,9952.58,cash_withdrawal,0,0
TXN102311,C1208,541.95,13,0,0,4,853.21,online_services,0,0
TXN102312,C1802,7508.15,17,0,0,6,4344.2,restaurant,0,0
TXN102313,C1183,4540.33,11,1,0,3,2436.65,online_services,0,0
TXN102314,C1568,44744.37,15,0,1,1,19249.3,travel,0,0
TXN102315,C1314,7765.88,18,0,0,4,3400.72,travel,0,0
TXN102316,C1792,2094.59,22,0,0,2,2404.89,restaurant,2,0
TXN102317,C1753,1227.2,4,1,0,2,1851.29,cash_withdrawal,0,1
TXN102318,C1884,2301.42,21,0,0,2,1500.15,grocery,1,0
TXN102319,C1765,742.8,7,0,0,3,1631.26,restaurant,0,0
TXN102320,C1801,4090.25,22,1,0,3,1586.81,electronics,0,1
TXN102321,C1102,19112.67,6,0,0,1,9008.05,online_services,1,0
TXN102322,C1410,2459.92,10,0,0,2,2226.75,cash_withdrawal,0,0
TXN102323,C1563,6906.11,19,1,1,5,7764.8,jewelry,2,0
TXN102324,C1700,2822.73,22,0,1,3,2717.05,grocery,0,0
TXN102325,C1164,732.24,12,0,0,3,1170.6,jewelry,0,0
TXN102326,C1005,3112.0,2,0,0,5,2856.58,cash_withdrawal,3,1
TXN102327,C1148,9139.52,15,0,0,1,4340.64,online_services,0,0
TXN102328,C1445,1135.6,2,0,0,2,2144.42,grocery,0,0
TXN102329,C1269,1964.49,7,0,0,2,1131.55,travel,0,0
TXN102330,C1081,3601.83,19,0,0,3,2400.59,grocery,0,0
TXN102331,C1741,2847.57,12,0,0,2,4843.76,restaurant,0,0
TXN102332,C1628,6437.79,20,0,0,2,4126.54,online_services,0,0
TXN102333,C1293,3014.99,22,0,1,1,3978.25,online_services,0,0
TXN102334,C1058,1922.65,5,0,0,2,1086.03,jewelry,0,0
TXN102335,C1506,2494.09,14,0,0,2,3895.17,grocery,0,0
TXN102336,C1206,7922.27,21,0,0,2,5792.89,cash_withdrawal,2,0
TXN102337,C1530,13190.62,9,0,0,2,8753.36,electronics,1,0
TXN102338,C1034,1516.64,19,0,0,3,1325.99,online_services,0,1
TXN102339,C1528,20495.12,22,1,1,3,13897.05,electronics,0,0
TXN102340,C1629,5242.62,5,0,0,5,5744.4,jewelry,1,0
TXN102341,C1036,3112.28,11,0,0,3,4184.02,electronics,0,0
TXN102342,C1670,4867.11,0,0,1,3,5933.88,electronics,0,1
TXN102343,C1088,3388.64,8,0,0,1,5150.97,cash_withdrawal,3,0
TXN102344,C1409,14500.36,11,0,0,1,6199.84,jewelry,2,1
TXN102345,C1404,1377.54,12,0,1,3,2377.89,online_services,1,0
TXN102346,C1205,582.11,16,0,0,1,1624.75,grocery,0,0
TXN102347,C1754,4073.0,22,0,0,3,5789.71,grocery,0,0
TXN102348,C1941,9645.64,2,1,0,3,7954.93,online_services,1,1
TXN102349,C1291,6360.19,23,0,0,1,6452.49,cash_withdrawal,0,0
TXN102350,C1572,4235.82,18,0,0,2,2783.15,travel,0,0
TXN102351,C1355,2710.45,8,0,0,3,2985.38,electronics,3,0
TXN102352,C1620,1103.56,6,0,0,2,997.38,restaurant,0,0
TXN102353,C1952,4711.28,12,0,1,3,4499.5,online_services,2,1
TXN102354,C1004,2560.62,8,0,0,2,3270.47,electronics,0,0
TXN102355,C1416,4134.49,16,0,0,3,4878.81,grocery,0,0
TXN102356,C1572,921.72,2,0,0,2,1939.27,online_services,2,0
TXN102357,C1301,3797.8,10,0,0,2,3136.04,grocery,1,1
TXN102358,C1822,3862.58,16,0,0,3,7053.92,travel,0,0
TXN102359,C1897,1913.58,17,0,0,1,1482.63,cash_withdrawal,0,0
TXN102360,C1812,3653.29,18,0,0,3,3253.04,travel,0,0
TXN102361,C1710,3161.19,14,0,0,2,2729.03,restaurant,0,0
TXN102362,C1576,2485.37,15,0,0,4,1950.81,cash_withdrawal,0,0
TXN102363,C1249,3540.77,10,0,0,1,4890.13,cash_withdrawal,0,0
TXN102364,C1469,11041.48,21,0,0,1,7243.44,restaurant,2,0
TXN102365,C1918,11260.27,18,0,0,1,8268.48,cash_withdrawal,1,0
TXN102366,C1028,6293.76,15,0,0,3,6718.81,grocery,0,0
TXN102367,C1264,6446.89,2,0,0,1,3002.04,restaurant,0,0
TXN102368,C1648,6916.47,7,0,0,3,7498.39,jewelry,0,0
TXN102369,C1718,875.56,7,1,0,2,1028.91,cash_withdrawal,0,0
TXN102370,C1323,3156.68,13,0,0,1,10912.72,travel,1,0
TXN102371,C1528,2175.05,17,0,0,4,1270.67,grocery,0,0
TXN102372,C1717,9699.42,8,0,1,2,4954.97,electronics,3,1
TXN102373,C1294,1571.81,2,0,0,1,3018.97,restaurant,0,0
TXN102374,C1689,1880.0,23,0,1,1,1274.62,cash_withdrawal,0,0
TXN102375,C1350,1883.69,2,0,0,5,1128.42,online_services,0,0
TXN102376,C1953,1526.48,5,0,0,1,1790.83,restaurant,0,0
TXN102377,C1321,4125.53,11,0,0,3,1757.2,electronics,0,0
TXN102378,C1915,1746.79,18,1,0,3,2753.1,travel,1,1
TXN102379,C1187,1341.78,23,1,0,2,2131.07,jewelry,0,0
TXN102380,C1952,3374.63,6,0,0,1,5760.69,restaurant,0,0
TXN102381,C1754,4188.48,6,0,0,7,2771.69,electronics,2,0
TXN102382,C1753,8948.02,7,1,0,2,5958.54,cash_withdrawal,0,0
TXN102383,C1271,1831.3,6,1,0,1,3579.95,electronics,0,0
TXN102384,C1207,2020.36,7,0,0,2,2252.74,cash_withdrawal,0,0
TXN102385,C1633,1684.93,11,0,0,1,1880.55,electronics,0,0
TXN102386,C1797,1365.2,3,0,0,1,1243.88,grocery,0,0
TXN102387,C1942,348.98,2,0,0,1,507.96,jewelry,1,1
TXN102388,C1978,4740.92,21,1,0,2,3882.88,restaurant,0,0
TXN102389,C1628,2592.22,0,0,0,2,2573.73,cash_withdrawal,2,0
TXN102390,C1877,361.64,17,0,0,1,366.25,grocery,0,0
TXN102391,C1868,970.26,15,0,1,5,1447.69,travel,1,1
TXN102392,C1635,2509.48,10,0,0,1,2535.22,restaurant,1,0
TXN102393,C1919,4964.88,18,0,0,1,4430.85,cash_withdrawal,1,0
TXN102394,C1281,225.55,15,0,0,1,531.27,electronics,2,0
TXN102395,C1782,11195.89,16,0,0,3,5299.85,travel,0,0
TXN102396,C1407,502.26,7,0,0,1,957.53,cash_withdrawal,0,0
TXN102397,C1590,5724.7,4,0,0,2,3740.47,grocery,0,0
TXN102398,C1538,2605.82,13,0,0,2,5208.65,restaurant,0,0
TXN102399,C1962,1365.75,17,0,0,4,2099.19,grocery,0,0
TXN102400,C1514,11111.67,11,0,0,1,6862.76,restaurant,0,0
TXN102401,C1881,8089.78,21,0,1,2,3326.29,cash_withdrawal,0,0
TXN102402,C1178,2543.11,14,0,0,2,2206.64,grocery,0,0
TXN102403,C1715,1879.03,16,0,0,3,1647.59,restaurant,2,1
TXN102404,C1323,1928.54,22,0,0,5,2669.75,grocery,0,1
TXN102405,C1012,835.64,21,0,0,3,1415.56,electronics,0,0
TXN102406,C1388,4359.39,18,0,0,1,3334.21,grocery,0,0
TXN102407,C1333,1272.95,11,0,0,2,918.49,online_services,0,0
TXN102408,C1882,1765.41,8,0,0,2,4936.58,electronics,0,0
TXN102409,C1561,829.22,8,1,0,1,1406.14,electronics,0,0
TXN102410,C1275,1609.67,15,0,0,1,1300.64,online_services,0,0
TXN102411,C1351,3677.15,11,0,0,2,5821.37,electronics,0,0
TXN102412,C1510,5878.47,13,0,0,1,6955.07,electronics,0,0
TXN102413,C1429,5049.12,22,0,0,1,3924.79,cash_withdrawal,0,0
TXN102414,C1381,1905.34,11,1,0,4,2449.99,cash_withdrawal,0,0
TXN102415,C1410,4488.48,8,0,0,1,2362.47,restaurant,0,0
TXN102416,C1184,5799.07,18,0,0,1,7642.44,electronics,0,0
TXN102417,C1589,1493.0,21,0,0,3,1828.42,electronics,1,1
TXN102418,C1833,3069.9,3,0,0,2,4685.86,jewelry,0,1
TXN102419,C1276,2358.19,7,0,0,1,1644.42,online_services,2,0
TXN102420,C1442,1994.98,12,0,0,2,2273.47,electronics,0,0
TXN102421,C1149,2712.43,23,0,0,4,3993.83,electronics,1,0
TXN102422,C1484,9174.41,0,1,0,1,7290.62,electronics,0,0
TXN102423,C1431,5449.74,15,0,0,2,3088.06,electronics,0,0
TXN102424,C1914,5092.47,20,0,0,2,2244.1,online_services,0,0
TXN102425,C1546,5310.72,23,0,0,1,4166.99,travel,0,0
TXN102426,C1804,2183.58,15,0,0,3,3129.4,travel,0,0
TXN102427,C1256,1624.59,17,0,0,3,1824.0,cash_withdrawal,0,1
TXN102428,C1581,1302.87,1,0,0,2,1188.19,restaurant,0,1
TXN102429,C1101,5531.54,22,0,0,4,3455.11,electronics,0,0
TXN102430,C1061,5174.25,6,0,0,2,3033.29,cash_withdrawal,1,0
TXN102431,C1260,5913.04,15,0,0,3,5276.92,cash_withdrawal,1,0
TXN102432,C1644,2147.24,3,0,0,2,1322.3,restaurant,0,0
TXN102433,C1762,7285.39,10,0,0,2,6209.62,travel,0,0
TXN102434,C1369,908.94,11,0,0,1,1140.3,online_services,0,0
TXN102435,C1570,3093.57,8,0,0,2,2660.4,travel,0,0
TXN102436,C1020,2188.2,13,0,0,2,4370.1,grocery,0,0
TXN102437,C1359,551.34,21,0,0,2,827.03,online_services,0,0
TXN102438,C1203,2370.26,18,0,0,2,3334.55,online_services,0,0
TXN102439,C1665,6844.88,20,0,0,4,7891.24,online_services,0,1
TXN102440,C1178,1660.89,9,0,0,1,1736.71,travel,0,0
TXN102441,C1332,1103.06,21,0,0,1,1183.91,online_services,0,0
TXN102442,C1499,1837.26,23,0,0,1,1822.73,restaurant,0,0
TXN102443,C1910,8681.76,2,0,0,2,4412.55,restaurant,2,0
TXN102444,C1628,1740.77,9,1,0,2,2796.23,restaurant,1,1
TXN102445,C1646,12929.81,4,0,0,1,14324.14,cash_withdrawal,0,0
TXN102446,C1171,3229.51,20,0,1,1,3067.85,cash_withdrawal,0,0
TXN102447,C1950,2331.71,10,0,0,4,2044.44,restaurant,0,0
TXN102448,C1646,2800.82,19,0,0,4,4056.9,online_services,0,0
TXN102449,C1414,4258.95,2,1,0,3,4238.04,grocery,0,1
TXN102450,C1165,6422.69,10,0,0,1,4775.3,electronics,0,0
TXN102451,C1321,1839.86,10,0,0,1,796.15,jewelry,0,0
TXN102452,C1298,1227.37,22,0,0,1,1032.33,travel,3,0
TXN102453,C1619,2133.21,20,0,0,2,1718.17,restaurant,1,0
TXN102454,C1277,936.21,14,0,0,3,968.8,cash_withdrawal,0,0
TXN102455,C1883,1202.1,11,0,0,3,1220.35,jewelry,0,0
TXN102456,C1601,3479.14,16,0,0,6,6434.0,restaurant,0,0
TXN102457,C1423,1951.74,5,0,0,1,2716.8,electronics,0,0
TXN102458,C1874,3021.69,0,0,0,1,3059.89,electronics,0,0
TXN102459,C1745,1562.98,7,0,0,7,2265.62,jewelry,1,0
TXN102460,C1257,2726.54,23,0,0,3,1591.56,jewelry,0,0
TXN102461,C1767,3337.99,2,0,0,3,1741.65,electronics,0,1
TXN102462,C1170,1869.41,12,0,0,1,2076.19,grocery,0,0
TXN102463,C1097,3095.52,2,0,0,3,2617.63,restaurant,1,1
TXN102464,C1561,3578.15,1,0,0,5,3644.64,grocery,1,0
TXN102465,C1789,10077.85,12,0,0,2,4461.33,online_services,0,0
TXN102466,C1783,1323.03,2,0,0,3,1062.84,grocery,0,0
TXN102467,C1268,2304.07,19,0,0,1,1000.08,electronics,2,0
TXN102468,C1086,1232.97,20,1,0,4,1737.27,restaurant,1,0
TXN102469,C1316,4260.41,7,1,0,2,4123.31,electronics,0,0
TXN102470,C1755,8681.64,9,0,0,3,3305.18,restaurant,2,0
TXN102471,C1641,3451.35,4,0,0,1,3357.65,electronics,0,1
TXN102472,C1539,4735.63,5,1,0,2,4900.49,grocery,0,1
TXN102473,C1035,4606.71,21,0,0,4,2273.58,travel,0,0
TXN102474,C1881,2145.48,10,0,0,1,3000.47,cash_withdrawal,0,0
TXN102475,C1487,977.98,14,0,0,1,830.37,cash_withdrawal,2,0
TXN102476,C1553,4385.63,8,0,0,1,2049.57,online_services,0,0
TXN102477,C1455,1373.44,4,0,0,3,2612.51,jewelry,0,0
TXN102478,C1552,9455.48,5,0,0,3,13220.75,online_services,3,0
TXN102479,C1611,1376.78,14,0,0,1,1803.31,jewelry,0,1
TXN102480,C1766,9401.7,20,0,0,2,6690.01,online_services,0,0
TXN102481,C1445,7513.42,16,0,0,3,7330.88,jewelry,1,1
TXN102482,C1654,7049.07,17,0,0,1,6046.65,travel,0,0
TXN102483,C1930,7660.28,11,1,0,1,4859.23,restaurant,0,1
TXN102484,C1552,996.94,7,0,0,1,1356.39,cash_withdrawal,0,0
TXN102485,C1091,1840.44,14,1,0,4,3448.67,travel,1,0
TXN102486,C1374,3049.68,13,1,1,2,2759.27,travel,0,0
TXN102487,C1159,3286.02,9,0,0,3,2970.12,grocery,0,0
TXN102488,C1000,1429.97,16,0,0,2,2002.33,cash_withdrawal,0,0
TXN102489,C1776,3283.88,4,0,0,6,2403.0,travel,0,0
TXN102490,C1293,1738.26,15,0,0,4,2080.67,online_services,2,0
TXN102491,C1008,2521.15,22,0,0,1,2612.3,restaurant,3,0
TXN102492,C1969,3151.38,15,0,0,2,5130.9,travel,0,0
TXN102493,C1009,4972.74,13,0,0,2,8195.15,cash_withdrawal,0,0
TXN102494,C1299,6055.64,19,0,1,2,4268.98,electronics,0,0
TXN102495,C1815,400.18,0,0,0,2,779.12,online_services,1,0
TXN102496,C1382,783.27,6,0,0,3,1569.99,restaurant,0,0
TXN102497,C1903,1280.09,17,0,0,2,3819.17,restaurant,0,0
TXN102498,C1404,3664.34,7,0,0,1,2132.36,electronics,1,0
TXN102499,C1732,9410.98,23,1,0,1,6703.83,jewelry,0,0
TXN102500,C1399,2309.04,12,0,0,3,4860.53,electronics,1,1
TXN102501,C1269,815.43,2,0,0,3,1304.48,restaurant,0,1
TXN102502,C1640,1597.44,7,0,0,1,2073.71,online_services,1,0
TXN102503,C1782,1582.1,19,0,0,3,2547.36,cash_withdrawal,0,0
TXN102504,C1710,4827.62,21,0,0,4,7196.37,travel,1,0
TXN102505,C1291,2307.47,20,0,0,2,3574.73,jewelry,0,0
TXN102506,C1544,15325.5,8,0,1,2,9311.29,restaurant,0,0
TXN102507,C1192,1902.34,2,0,0,3,3152.42,electronics,0,0
TXN102508,C1139,1887.3,9,0,0,2,3379.2,grocery,0,0
TXN102509,C1652,751.51,14,0,0,1,660.43,online_services,1,0
TXN102510,C1463,2837.45,8,0,0,2,2869.43,jewelry,0,0
TXN102511,C1637,2255.8,15,0,0,6,2368.5,electronics,0,0
TXN102512,C1328,17011.64,0,0,0,2,16661.75,electronics,0,0
TXN102513,C1050,4709.52,17,0,0,3,2910.21,grocery,0,0
TXN102514,C1190,4070.05,3,0,1,2,5257.53,travel,0,1
TXN102515,C1275,1777.61,4,0,0,2,1384.31,jewelry,0,0
TXN102516,C1448,460.3,23,0,0,2,767.27,grocery,2,1
TXN102517,C1238,6907.29,2,0,0,1,11820.9,electronics,0,0
TXN102518,C1015,2715.58,15,0,0,2,3082.58,electronics,0,0
TXN102519,C1350,5161.33,13,0,0,2,5844.94,travel,0,0
TXN102520,C1804,1529.22,15,0,0,1,2511.05,travel,0,0
TXN102521,C1474,3581.54,22,0,1,2,2805.19,cash_withdrawal,0,0
TXN102522,C1032,758.73,10,0,0,1,927.01,grocery,0,0
TXN102523,C1863,1858.83,4,0,0,4,1800.62,grocery,0,0
TXN102524,C1272,3816.28,12,0,1,1,4113.74,grocery,0,0
TXN102525,C1556,2038.67,15,0,0,1,1855.38,electronics,1,0
TXN102526,C1196,2297.29,8,1,0,1,2785.76,cash_withdrawal,1,0
TXN102527,C1390,2139.1,0,0,0,4,1601.96,grocery,0,0
TXN102528,C1997,16600.29,22,0,0,3,8700.37,electronics,0,0
TXN102529,C1394,2410.79,14,0,1,1,1659.98,electronics,0,0
TXN102530,C1755,4167.17,1,0,0,2,3266.65,electronics,0,0
TXN102531,C1471,2578.13,23,1,0,1,3045.45,cash_withdrawal,0,0
TXN102532,C1096,2037.14,16,0,0,4,4276.67,jewelry,0,0
TXN102533,C1213,1314.76,15,0,0,3,1053.3,restaurant,2,0
TXN102534,C1697,1704.9,9,0,0,4,1637.17,travel,0,0
TXN102535,C1162,4488.82,20,0,0,2,3310.61,jewelry,0,0
TXN102536,C1043,2884.81,23,0,0,3,3193.61,online_services,2,0
TXN102537,C1533,9841.82,3,0,1,1,3911.66,travel,3,0
TXN102538,C1492,11907.87,20,0,0,1,15495.39,travel,0,0
TXN102539,C1203,5158.31,11,0,0,2,3885.35,grocery,1,1
TXN102540,C1884,4233.65,21,0,0,2,5122.2,electronics,0,0
TXN102541,C1996,1134.21,3,0,0,5,1326.85,electronics,0,0
TXN102542,C1648,1080.31,13,0,0,3,1990.77,travel,2,0
TXN102543,C1015,13962.07,5,0,1,1,7956.8,cash_withdrawal,0,0
TXN102544,C1282,6689.32,18,1,0,2,11710.76,grocery,0,0
TXN102545,C1405,2182.88,7,0,0,2,2922.39,grocery,0,0
TXN102546,C1992,2386.99,1,0,0,2,3285.97,online_services,0,0
TXN102547,C1802,6412.7,22,0,0,2,7592.3,restaurant,0,0
TXN102548,C1704,8176.48,19,1,0,1,6271.69,electronics,0,0
TXN102549,C1380,2085.99,2,0,0,3,3133.36,electronics,0,0
TXN102550,C1161,1923.97,15,0,0,2,1669.46,grocery,0,0
TXN102551,C1702,5015.83,19,0,0,1,3761.87,travel,0,0
TXN102552,C1953,14077.15,20,0,0,4,6885.57,grocery,1,0
TXN102553,C1061,5064.38,11,1,0,2,2078.9,jewelry,0,0
TXN102554,C1157,1924.35,22,1,0,2,2305.2,online_services,1,0
TXN102555,C1810,2735.42,3,0,0,1,2143.98,electronics,0,0
TXN102556,C1499,7616.65,7,0,0,4,6736.4,travel,0,0
TXN102557,C1571,3612.09,20,0,0,8,4321.23,cash_withdrawal,0,0
TXN102558,C1355,1232.47,14,1,0,1,1345.71,jewelry,0,0
TXN102559,C1197,819.66,0,0,0,3,1044.71,jewelry,0,0
TXN102560,C1386,7444.55,11,0,0,2,5448.82,jewelry,0,0
TXN102561,C1137,1182.15,8,0,0,1,1284.65,grocery,0,0
TXN102562,C1496,2157.32,22,0,0,1,2748.05,restaurant,0,0
TXN102563,C1572,4545.21,9,0,0,2,2465.76,online_services,0,0
TXN102564,C1713,2210.49,15,0,0,1,2157.1,electronics,0,0
TXN102565,C1580,1827.67,5,0,0,2,1066.68,online_services,0,0
TXN102566,C1356,4885.73,10,0,0,4,5621.74,jewelry,0,1
TXN102567,C1479,1199.5,8,0,0,3,1751.52,cash_withdrawal,3,0
TXN102568,C1851,2015.56,19,0,0,3,2376.01,cash_withdrawal,1,0
TXN102569,C1567,4316.95,5,0,0,2,3795.6,grocery,0,0
TXN102570,C1543,4493.75,4,0,1,6,4537.27,restaurant,0,1
TXN102571,C1302,3657.11,8,0,0,1,2893.88,online_services,0,0
TXN102572,C1375,1685.51,14,0,0,1,1385.74,grocery,0,0
TXN102573,C1794,3964.98,20,0,1,1,2201.44,online_services,0,0
TXN102574,C1388,1783.37,23,0,0,1,1162.19,electronics,1,0
TXN102575,C1904,6677.53,0,0,0,2,6016.11,online_services,3,1
TXN102576,C1877,937.81,11,0,0,3,1855.74,cash_withdrawal,0,0
TXN102577,C1635,2042.89,7,0,0,2,2686.48,travel,0,0
TXN102578,C1738,5518.14,2,1,0,2,10119.85,jewelry,0,0
TXN102579,C1990,2142.65,17,0,0,4,3416.53,cash_withdrawal,0,1
TXN102580,C1396,1769.22,6,0,0,2,1190.58,online_services,0,0
TXN102581,C1699,1761.79,15,0,0,2,1853.13,cash_withdrawal,0,0
TXN102582,C1564,4638.97,4,0,0,2,4960.61,online_services,0,1
TXN102583,C1289,1492.17,10,0,0,2,2098.0,restaurant,0,0
TXN102584,C1656,1389.91,10,0,0,1,1785.63,grocery,3,0
TXN102585,C1098,3847.46,16,0,1,2,3749.39,jewelry,0,0
TXN102586,C1068,1189.36,1,0,0,3,4290.67,cash_withdrawal,0,0
TXN102587,C1960,1294.28,4,0,0,4,1713.02,electronics,0,0
TXN102588,C1894,2020.33,1,0,0,1,1665.64,electronics,1,1
TXN102589,C1109,5385.77,15,0,0,4,4072.25,electronics,0,0
TXN102590,C1101,947.18,1,0,0,2,1813.52,online_services,0,0
TXN102591,C1657,402.0,12,1,0,3,523.19,jewelry,0,0
TXN102592,C1501,1403.12,16,0,0,4,1404.6,online_services,0,0
TXN102593,C1718,8448.74,18,0,0,4,5212.17,travel,0,0
TXN102594,C1050,9275.15,11,0,0,1,5835.43,electronics,2,0
TXN102595,C1620,805.73,22,0,0,2,1214.07,grocery,0,1
TXN102596,C1013,1322.84,6,0,0,3,1291.36,jewelry,0,0
TXN102597,C1503,1835.01,2,0,0,2,1405.12,restaurant,0,0
TXN102598,C1820,3301.25,20,0,0,5,4864.63,grocery,2,1
TXN102599,C1369,6855.12,17,0,0,1,3500.09,jewelry,0,0
TXN102600,C1960,4971.99,13,0,0,1,5603.31,cash_withdrawal,0,0
TXN102601,C1377,2096.05,22,0,0,2,3202.04,grocery,3,0
TXN102602,C1843,2524.27,19,0,0,1,3059.2,travel,0,0
TXN102603,C1541,6185.89,1,0,0,2,5725.37,jewelry,0,1
TXN102604,C1072,3675.4,9,1,0,2,4093.42,grocery,1,0
TXN102605,C1967,13339.53,6,0,0,2,14690.59,online_services,0,0
TXN102606,C1099,2241.13,3,0,1,1,2389.6,jewelry,0,0
TXN102607,C1236,2111.71,17,0,0,1,1589.93,restaurant,0,0
TXN102608,C1194,3820.29,6,0,0,1,3159.37,online_services,0,0
TXN102609,C1672,23911.83,7,0,0,2,9777.1,online_services,0,0
TXN102610,C1640,1319.9,5,0,0,1,2812.05,online_services,0,0
TXN102611,C1767,6866.04,17,0,0,4,2859.13,restaurant,3,0
TXN102612,C1764,1005.54,3,0,0,1,807.45,cash_withdrawal,1,0
TXN102613,C1653,780.02,18,0,0,2,1082.37,travel,0,0
TXN102614,C1690,4229.89,14,0,1,1,4166.41,jewelry,2,0
TXN102615,C1681,1178.05,13,0,0,3,2802.08,grocery,0,0
TXN102616,C1170,3722.68,5,0,0,1,2484.05,online_services,0,0
TXN102617,C1411,11756.05,16,0,0,2,3222.84,travel,0,0
TXN102618,C1673,3585.97,5,0,0,1,1823.58,online_services,2,0
TXN102619,C1614,2330.32,14,0,0,2,2719.53,travel,0,0
TXN102620,C1924,3791.6,10,0,0,1,2987.42,online_services,0,0
TXN102621,C1332,13712.57,11,0,0,5,12602.87,restaurant,0,0
TXN102622,C1782,699.24,20,0,0,1,866.46,restaurant,0,0
TXN102623,C1845,11083.14,23,1,0,1,5794.4,travel,0,0
TXN102624,C1623,13418.62,7,0,0,1,4571.48,online_services,0,0
TXN102625,C1558,11760.01,6,0,0,2,4424.28,restaurant,2,0
TXN102626,C1784,1513.0,17,0,0,2,1491.35,jewelry,0,0
TXN102627,C1260,1014.37,11,0,1,2,970.59,restaurant,3,0
TXN102628,C1458,3930.24,12,1,1,5,7365.82,grocery,0,1
TXN102629,C1743,6249.09,1,0,0,1,5831.88,travel,0,1
TXN102630,C1610,7094.79,0,0,0,1,6094.9,online_services,0,1
TXN102631,C1138,2343.51,9,1,0,2,3312.57,grocery,0,0
TXN102632,C1307,1274.53,7,0,0,6,3065.58,electronics,0,0
TXN102633,C1876,4698.46,10,0,0,1,4765.31,grocery,0,0
TXN102634,C1790,3317.21,22,0,0,3,2701.01,cash_withdrawal,0,0
TXN102635,C1282,2402.0,17,0,0,4,3066.44,online_services,2,0
TXN102636,C1569,6904.03,18,0,0,3,10005.11,online_services,2,0
TXN102637,C1158,881.98,3,0,0,6,1285.82,grocery,0,1
TXN102638,C1471,471.75,11,0,0,3,556.34,electronics,3,0
TXN102639,C1141,2840.76,8,0,0,3,4489.93,travel,0,0
TXN102640,C1910,1668.02,18,0,0,3,3287.79,electronics,0,0
TXN102641,C1238,2091.53,8,0,0,2,1913.73,cash_withdrawal,2,1
TXN102642,C1307,4451.7,2,0,1,4,5811.05,online_services,0,0
TXN102643,C1409,4446.77,18,0,0,1,4668.43,electronics,0,0
TXN102644,C1751,1517.32,2,0,0,1,1650.39,jewelry,0,0
TXN102645,C1332,3083.65,15,0,0,3,2837.38,electronics,0,0
TXN102646,C1499,973.63,22,0,0,1,1455.03,jewelry,0,0
TXN102647,C1590,2420.21,3,0,0,2,3779.7,online_services,2,0
TXN102648,C1657,2384.36,9,0,0,2,1612.85,grocery,0,0
TXN102649,C1748,8466.85,18,0,0,1,6050.56,restaurant,0,0
TXN102650,C1080,1490.2,1,0,0,1,1209.22,cash_withdrawal,0,0
TXN102651,C1342,5492.0,11,0,0,1,5722.05,cash_withdrawal,1,0
TXN102652,C1444,6797.02,13,0,0,2,5262.84,cash_withdrawal,0,0
TXN102653,C1123,1978.41,7,0,0,2,3049.51,jewelry,0,0
TXN102654,C1668,1968.88,19,0,0,4,2050.0,grocery,0,1
TXN102655,C1649,6405.23,20,0,0,1,7425.77,restaurant,0,0
TXN102656,C1055,1113.45,9,0,0,3,1772.38,online_services,0,0
TXN102657,C1042,1012.76,10,0,0,5,1375.76,online_services,0,1
TXN102658,C1578,9268.87,4,0,0,1,7817.79,travel,3,1
TXN102659,C1514,5529.44,22,0,0,2,3937.39,electronics,0,0
TXN102660,C1156,6721.13,1,0,0,1,2534.91,jewelry,0,1
TXN102661,C1749,589.88,12,0,0,4,1167.37,restaurant,0,0
TXN102662,C1770,962.93,19,1,0,1,1268.77,online_services,0,0
TXN102663,C1516,4059.3,2,0,0,6,8359.98,electronics,2,1
TXN102664,C1442,3522.76,9,0,0,3,6988.29,cash_withdrawal,0,0
TXN102665,C1403,2550.85,4,0,0,2,5282.95,electronics,0,0
TXN102666,C1344,3446.83,2,0,0,1,1623.01,restaurant,1,1
TXN102667,C1585,3219.44,23,0,0,3,4085.86,grocery,0,0
TXN102668,C1561,6814.56,12,0,0,2,5017.47,travel,1,0
TXN102669,C1087,3185.8,12,0,0,1,2215.03,online_services,0,0
TXN102670,C1444,672.37,22,0,0,1,393.1,electronics,1,0
TXN102671,C1780,2168.01,4,0,0,5,3097.18,restaurant,0,0
TXN102672,C1572,548.75,6,0,0,1,783.12,restaurant,2,0
TXN102673,C1404,5830.17,20,0,0,1,7158.86,online_services,1,0
TXN102674,C1200,3335.8,17,0,0,1,3671.55,online_services,0,0
TXN102675,C1753,14363.49,16,0,0,3,10089.73,electronics,0,0
TXN102676,C1248,1775.92,2,0,0,2,2222.71,travel,0,1
TXN102677,C1795,4691.0,13,0,0,2,2500.73,travel,0,0
TXN102678,C1701,1196.49,18,0,0,3,3044.72,grocery,0,0
TXN102679,C1115,2483.51,21,0,1,1,2603.26,restaurant,1,0
TXN102680,C1433,12484.97,11,1,0,1,6717.07,travel,0,1
TXN102681,C1195,7376.25,10,0,0,1,4914.92,travel,1,0
TXN102682,C1608,17447.72,20,0,0,5,8671.78,grocery,0,0
TXN102683,C1788,1457.39,9,0,0,4,1500.87,electronics,0,0
TXN102684,C1358,5063.29,19,0,0,1,2640.07,cash_withdrawal,0,0
TXN102685,C1822,3889.88,14,0,0,1,3834.66,online_services,0,0
TXN102686,C1149,1071.08,14,0,0,3,2246.66,grocery,0,0
TXN102687,C1946,2832.19,7,0,0,3,2715.92,electronics,0,0
TXN102688,C1701,2065.42,11,0,0,2,1619.22,electronics,0,0
TXN102689,C1775,5659.77,23,0,0,3,4457.91,cash_withdrawal,0,0
TXN102690,C1087,754.78,3,0,0,1,1702.89,jewelry,0,1
TXN102691,C1055,4348.0,7,0,0,1,4351.75,online_services,0,0
TXN102692,C1948,8037.76,4,0,0,2,5295.85,cash_withdrawal,0,0
TXN102693,C1852,569.76,9,0,0,1,853.31,grocery,0,0
TXN102694,C1351,1240.95,22,0,0,1,2277.33,cash_withdrawal,0,0
TXN102695,C1113,3192.93,9,0,0,1,3018.58,restaurant,1,0
TXN102696,C1482,1790.84,0,0,0,2,1076.19,travel,0,1
TXN102697,C1214,1914.98,23,0,0,1,2543.63,online_services,1,1
TXN102698,C1216,5114.08,6,0,0,1,4905.1,online_services,1,0
TXN102699,C1535,1059.08,8,0,0,2,1319.25,online_services,0,0
TXN102700,C1494,3636.36,19,0,0,2,2572.02,jewelry,1,0
TXN102701,C1144,4065.74,22,0,0,2,2374.44,jewelry,2,0
TXN102702,C1684,2690.65,0,0,0,2,2260.38,restaurant,0,0
TXN102703,C1596,687.77,21,0,0,2,1237.21,online_services,0,0
TXN102704,C1044,7579.78,8,0,1,1,3177.85,electronics,1,0
TXN102705,C1061,3356.61,9,0,0,2,2346.81,electronics,1,0
TXN102706,C1808,1314.46,22,0,0,2,2895.24,online_services,1,0
TXN102707,C1277,1144.02,1,0,0,1,2540.09,restaurant,0,0
TXN102708,C1670,8510.34,0,0,0,2,10429.53,grocery,0,0
TXN102709,C1397,2463.25,21,1,0,1,2390.97,travel,0,0
TXN102710,C1678,520.84,21,0,0,3,1320.59,travel,2,0
TXN102711,C1885,1575.0,3,0,0,2,1932.78,grocery,0,1
TXN102712,C1299,6207.79,20,0,0,2,4369.8,restaurant,0,0
TXN102713,C1236,2244.15,12,0,0,1,2050.86,online_services,0,0
TXN102714,C1726,10605.99,3,0,0,2,9622.06,travel,0,0
TXN102715,C1496,4805.15,19,0,0,1,5815.93,online_services,1,0
TXN102716,C1090,1051.26,5,0,0,1,1051.45,electronics,3,1
TXN102717,C1512,16816.07,14,1,0,2,5870.06,online_services,0,0
TXN102718,C1948,1771.48,22,0,0,2,2513.08,grocery,0,0
TXN102719,C1040,5984.79,7,0,0,1,2704.68,online_services,0,0
TXN102720,C1312,4999.44,10,0,0,1,4327.13,restaurant,0,0
TXN102721,C1402,1457.08,23,0,0,1,1265.09,electronics,0,0
TXN102722,C1018,6151.0,11,0,0,1,4889.04,jewelry,2,0
TXN102723,C1360,3410.62,11,1,0,2,1816.22,jewelry,0,1
TXN102724,C1309,5055.13,7,0,0,2,4988.19,online_services,2,1
TXN102725,C1282,2614.77,1,0,1,1,1644.95,jewelry,1,0
TXN102726,C1263,6045.91,12,0,0,4,6897.66,cash_withdrawal,0,0
TXN102727,C1030,580.21,17,0,0,1,1288.62,travel,0,0
TXN102728,C1230,2840.11,4,0,0,1,2626.73,travel,2,0
TXN102729,C1918,2445.61,12,0,0,1,3918.98,jewelry,0,0
TXN102730,C1140,1131.57,2,0,0,3,2388.22,jewelry,0,1
TXN102731,C1391,706.8,16,0,0,2,1444.67,jewelry,0,0
TXN102732,C1627,1115.74,20,0,0,2,969.09,jewelry,0,0
TXN102733,C1232,1995.64,13,1,0,5,2584.86,electronics,2,1
TXN102734,C1586,6228.27,4,0,1,1,5524.53,restaurant,0,1
TXN102735,C1993,5815.57,9,0,0,2,8001.68,online_services,0,0
TXN102736,C1337,2329.47,14,0,0,1,2023.22,online_services,0,0
TXN102737,C1134,4594.57,6,0,0,3,4526.42,jewelry,0,0
TXN102738,C1141,621.22,18,0,0,1,630.06,online_services,0,0
TXN102739,C1700,6856.68,6,1,0,1,5366.84,cash_withdrawal,0,0
TXN102740,C1141,970.63,9,0,0,2,1089.24,jewelry,0,0
TXN102741,C1722,8929.79,16,0,0,2,7131.25,electronics,0,0
TXN102742,C1440,12445.56,4,0,0,3,8952.71,jewelry,0,0
TXN102743,C1955,1764.15,18,0,1,1,2402.92,electronics,0,0
TXN102744,C1325,3305.61,2,0,1,2,4534.02,online_services,0,0
TXN102745,C1545,876.17,23,1,0,2,1294.46,grocery,0,0
TXN102746,C1188,3589.91,10,0,0,1,1704.79,cash_withdrawal,0,0
TXN102747,C1900,11231.5,4,0,0,2,8483.18,jewelry,1,0
TXN102748,C1030,8751.48,10,0,0,1,6772.16,restaurant,0,0
TXN102749,C1984,3004.23,13,0,0,3,2699.55,travel,0,0
TXN102750,C1453,2921.49,23,0,0,1,4414.24,cash_withdrawal,1,0
TXN102751,C1915,663.08,20,0,0,4,1136.91,jewelry,0,0
TXN102752,C1280,12044.36,4,0,0,5,6564.66,cash_withdrawal,1,0
TXN102753,C1192,3007.02,3,0,0,1,2160.2,electronics,0,0
TXN102754,C1189,2000.73,0,0,1,2,2098.61,cash_withdrawal,3,0
TXN102755,C1626,1255.3,19,0,0,2,709.74,travel,0,0
TXN102756,C1620,1370.57,18,0,0,1,1290.64,online_services,0,0
TXN102757,C1236,413.56,19,0,1,1,539.65,electronics,2,0
TXN102758,C1236,343.0,21,0,0,2,500.36,grocery,1,0
TXN102759,C1367,3648.6,2,0,0,2,6154.64,jewelry,0,0
TXN102760,C1798,5933.76,15,0,0,1,6460.16,electronics,0,0
TXN102761,C1514,1995.36,19,0,1,4,1712.61,restaurant,0,1
TXN102762,C1729,1483.35,20,0,0,2,2622.6,travel,0,0
TXN102763,C1188,1602.7,12,0,0,1,3236.03,restaurant,0,0
TXN102764,C1485,2852.42,4,0,0,3,2205.01,electronics,0,0
TXN102765,C1197,19304.54,7,0,0,2,7820.59,grocery,0,0
TXN102766,C1418,731.51,0,0,0,1,1702.79,travel,1,1
TXN102767,C1973,1087.57,13,0,0,2,1766.48,electronics,0,0
TXN102768,C1760,5824.04,21,1,0,2,4685.63,electronics,0,0
TXN102769,C1775,961.85,6,0,1,1,2043.5,grocery,3,1
TXN102770,C1181,7162.95,14,0,0,2,8992.35,cash_withdrawal,0,0
TXN102771,C1631,743.0,15,0,0,5,2798.99,jewelry,0,1
TXN102772,C1332,2318.74,14,0,0,3,2793.1,electronics,0,0
TXN102773,C1437,8312.36,12,0,0,1,6829.45,cash_withdrawal,0,0
TXN102774,C1042,1988.8,19,0,0,4,2461.69,jewelry,2,0
TXN102775,C1844,4499.25,12,1,1,1,7026.8,jewelry,0,1
TXN102776,C1320,1022.99,12,1,0,2,1165.79,online_services,0,0
TXN102777,C1961,6122.84,23,0,1,1,2055.06,online_services,0,0
TXN102778,C1608,5352.89,17,0,0,3,6002.11,online_services,2,0
TXN102779,C1656,2185.96,22,0,0,2,1904.19,cash_withdrawal,0,0
TXN102780,C1039,720.45,16,0,0,3,580.21,grocery,1,1
TXN102781,C1462,6057.17,14,0,0,1,8381.04,cash_withdrawal,0,0
TXN102782,C1898,3814.93,1,0,0,2,7041.61,electronics,0,0
TXN102783,C1531,13540.32,17,0,0,3,6424.91,restaurant,0,0
TXN102784,C1752,8532.14,1,0,0,1,9326.58,online_services,0,1
TXN102785,C1396,1095.17,16,0,0,3,1790.5,cash_withdrawal,2,1
TXN102786,C1645,2846.76,1,0,0,1,2670.81,electronics,0,0
TXN102787,C1298,4976.71,14,0,0,1,5767.85,restaurant,0,0
TXN102788,C1905,4407.38,9,0,0,3,2730.61,cash_withdrawal,1,0
TXN102789,C1847,4675.78,9,0,0,1,6555.68,restaurant,0,0
TXN102790,C1170,3786.64,13,0,0,1,6200.78,travel,1,0
TXN102791,C1627,8489.59,1,0,0,3,5588.16,jewelry,2,0
TXN102792,C1529,1574.92,4,0,0,1,1400.99,restaurant,0,0
TXN102793,C1849,2055.27,20,0,0,3,2983.78,restaurant,1,0
TXN102794,C1092,1001.42,23,0,0,1,1206.28,online_services,0,0
TXN102795,C1115,2461.62,5,0,1,2,3834.98,cash_withdrawal,0,0
TXN102796,C1599,17134.06,22,1,0,1,17288.43,online_services,0,1
TXN102797,C1138,2898.96,12,0,0,1,2022.2,restaurant,1,0
TXN102798,C1331,2938.41,14,0,0,2,4309.63,grocery,0,0
TXN102799,C1183,547.51,14,0,0,1,1721.73,online_services,0,0
TXN102800,C1918,2597.59,22,0,0,1,2478.5,electronics,0,0
TXN102801,C1903,12748.38,14,0,1,3,7197.44,grocery,0,1
TXN102802,C1256,819.73,10,0,0,1,969.81,jewelry,0,0
TXN102803,C1664,856.51,22,0,0,3,2001.48,cash_withdrawal,1,0
TXN102804,C1167,393.29,22,0,0,2,450.96,jewelry,1,0
TXN102805,C1126,8716.86,2,0,1,3,10431.26,grocery,0,1
TXN102806,C1723,3655.49,14,0,0,1,3156.76,jewelry,0,0
TXN102807,C1371,8646.6,2,0,1,1,8666.96,online_services,0,0
TXN102808,C1724,903.48,12,0,0,4,1252.28,jewelry,0,0
TXN102809,C1810,3405.01,16,0,0,3,2349.01,online_services,0,1
TXN102810,C1972,1821.67,5,0,0,2,1495.22,restaurant,0,0
TXN102811,C1563,1581.34,12,0,0,1,1464.58,grocery,0,0
TXN102812,C1786,2281.4,5,0,0,1,3331.99,travel,3,0
TXN102813,C1579,5558.01,21,1,0,3,4457.66,cash_withdrawal,0,0
TXN102814,C1153,1371.52,5,0,0,1,1160.79,cash_withdrawal,0,0
TXN102815,C1148,3518.32,5,0,0,1,5395.64,cash_withdrawal,1,0
TXN102816,C1729,4727.7,1,0,0,1,8714.76,restaurant,1,1
TXN102817,C1315,1511.04,9,1,0,1,1913.65,jewelry,1,1
TXN102818,C1787,2002.3,14,0,0,2,2197.8,travel,0,0
TXN102819,C1641,1899.86,5,0,0,2,1138.55,grocery,1,0
TXN102820,C1920,2365.87,4,0,0,1,2142.76,electronics,0,1
TXN102821,C1003,2525.1,19,0,0,2,3240.05,cash_withdrawal,0,0
TXN102822,C1259,1833.28,0,0,0,1,1312.03,restaurant,2,0
TXN102823,C1509,2418.54,15,0,0,2,2310.3,online_services,0,0
TXN102824,C1826,1105.75,0,0,0,1,2218.98,online_services,1,1
TXN102825,C1903,3746.98,15,0,0,3,3446.05,electronics,1,0
TXN102826,C1222,2668.49,18,0,0,1,2141.61,jewelry,0,0
TXN102827,C1487,3529.58,14,0,0,1,5608.52,restaurant,0,0
TXN102828,C1452,6744.65,2,0,0,1,5170.9,online_services,0,0
TXN102829,C1614,1635.74,0,0,0,1,2001.36,electronics,0,0
TXN102830,C1903,9930.26,17,0,0,3,4431.59,travel,0,1
TXN102831,C1634,1547.94,20,0,0,3,1422.34,online_services,0,0
TXN102832,C1839,2190.43,6,0,0,5,4001.6,grocery,0,0
TXN102833,C1189,2010.6,4,0,0,1,1771.24,grocery,0,1
TXN102834,C1668,2729.06,11,0,0,1,2661.7,grocery,0,0
TXN102835,C1148,1967.61,1,0,0,3,2215.31,jewelry,2,1
TXN102836,C1591,4394.74,19,0,0,3,3484.24,travel,0,1
TXN102837,C1339,7131.13,2,0,0,1,9111.23,grocery,3,1
TXN102838,C1111,7193.86,13,0,0,1,6246.53,electronics,0,0
TXN102839,C1165,1174.86,21,1,0,1,1832.66,travel,0,0
TXN102840,C1625,6090.17,21,1,0,1,7720.88,jewelry,0,0
TXN102841,C1716,1331.83,19,0,0,2,2357.37,online_services,0,0
TXN102842,C1806,3457.09,17,0,0,3,7015.54,electronics,0,0
TXN102843,C1989,4647.13,14,0,0,4,8743.78,jewelry,0,0
TXN102844,C1592,2543.75,11,0,1,4,2211.15,grocery,0,0
TXN102845,C1095,4443.15,9,0,0,1,5580.26,travel,1,0
TXN102846,C1377,13648.14,12,0,0,6,3723.84,cash_withdrawal,1,1
TXN102847,C1069,1170.88,13,0,0,1,1346.67,cash_withdrawal,0,0
TXN102848,C1563,4272.91,2,0,0,2,3400.47,travel,2,1
TXN102849,C1482,5641.08,4,0,0,1,2278.0,grocery,0,0
TXN102850,C1711,17980.2,8,1,0,3,13616.89,travel,0,0
TXN102851,C1539,5963.03,13,0,0,2,7287.3,online_services,0,0
TXN102852,C1214,3990.4,22,1,0,2,5208.38,electronics,0,0
TXN102853,C1626,8601.55,1,1,0,1,5200.56,grocery,1,1
TXN102854,C1585,1989.97,23,0,0,3,1888.86,jewelry,1,0
TXN102855,C1541,4120.94,2,0,0,2,4387.07,restaurant,0,0
TXN102856,C1741,1810.39,22,0,0,1,1921.32,online_services,0,0
TXN102857,C1956,2287.48,22,0,0,1,3465.58,travel,0,0
TXN102858,C1437,3209.06,19,0,0,2,3675.39,cash_withdrawal,0,0
TXN102859,C1324,2179.42,8,0,0,3,2237.21,online_services,0,0
TXN102860,C1588,1567.1,19,0,0,1,2543.91,travel,0,0
TXN102861,C1949,2539.37,4,0,0,1,3189.45,online_services,0,0
TXN102862,C1576,1144.97,15,0,0,1,1399.75,online_services,0,0
TXN102863,C1746,2119.7,20,0,0,1,2285.99,restaurant,1,0
TXN102864,C1504,5766.69,5,0,1,1,3107.03,online_services,0,1
TXN102865,C1238,2228.67,22,0,1,3,3205.05,travel,0,1
TXN102866,C1198,4281.09,0,0,1,6,4031.31,grocery,0,1
TXN102867,C1024,4604.03,14,0,0,1,3512.91,jewelry,1,0
TXN102868,C1815,2223.91,3,0,0,2,1405.08,jewelry,0,1
TXN102869,C1868,2962.64,6,0,0,2,4064.04,cash_withdrawal,0,0
TXN102870,C1630,11829.22,13,0,0,2,8336.92,restaurant,0,0
TXN102871,C1046,2246.25,10,0,0,1,1783.03,travel,0,0
TXN102872,C1573,1243.88,20,0,0,6,1448.71,electronics,0,0
TXN102873,C1011,2119.59,20,0,0,2,2205.31,electronics,1,0
TXN102874,C1706,997.86,9,1,0,3,972.16,travel,0,1
TXN102875,C1809,784.63,2,0,1,1,1576.1,travel,2,1
TXN102876,C1307,1384.78,16,0,0,2,1233.14,online_services,0,0
TXN102877,C1331,2603.18,0,0,0,1,3231.67,grocery,1,0
TXN102878,C1702,3661.55,10,0,0,2,3829.27,travel,0,0
TXN102879,C1405,9682.41,23,0,0,1,7272.94,online_services,0,0
TXN102880,C1630,4678.2,0,0,0,5,5706.94,cash_withdrawal,0,1
TXN102881,C1179,2500.51,6,0,0,1,2651.22,travel,1,0
TXN102882,C1853,674.51,10,0,0,1,614.22,jewelry,0,0
TXN102883,C1490,1799.13,15,0,0,4,1411.29,cash_withdrawal,0,0
TXN102884,C1036,3926.72,20,0,0,1,1880.08,electronics,0,0
TXN102885,C1493,8948.16,4,0,0,3,7054.5,jewelry,1,0
TXN102886,C1471,1649.17,17,0,0,4,1957.66,travel,1,0
TXN102887,C1473,2853.56,13,0,0,3,2947.61,jewelry,0,1
TXN102888,C1057,2147.51,16,0,0,1,2829.33,travel,0,0
TXN102889,C1578,2922.83,23,0,0,4,2538.02,jewelry,0,0
TXN102890,C1323,3294.03,17,0,0,2,2718.63,online_services,0,0
TXN102891,C1019,5963.72,6,0,0,1,2651.35,online_services,0,0
TXN102892,C1701,9500.62,10,0,0,1,6092.0,cash_withdrawal,0,0
TXN102893,C1938,7548.07,11,0,0,1,3443.25,grocery,0,0
TXN102894,C1992,3719.28,4,0,0,3,2316.47,travel,0,0
TXN102895,C1860,8781.05,0,0,1,2,10794.98,travel,1,1
TXN102896,C1384,4056.97,20,0,0,4,6651.55,online_services,0,0
TXN102897,C1862,1765.95,5,0,1,1,1715.74,online_services,0,0
TXN102898,C1620,4876.01,12,0,0,2,4337.23,electronics,0,0
TXN102899,C1609,8077.72,3,0,0,1,9292.23,cash_withdrawal,0,0
TXN102900,C1801,13367.43,9,0,0,2,7354.83,jewelry,0,0
TXN102901,C1878,1500.53,10,0,1,3,1826.9,jewelry,0,1
TXN102902,C1032,3635.32,8,0,0,1,2348.12,restaurant,0,0
TXN102903,C1088,2166.82,15,0,0,1,2916.11,electronics,0,0
TXN102904,C1380,1040.91,14,1,0,2,1304.14,cash_withdrawal,0,0
TXN102905,C1973,2292.83,9,0,0,2,2142.99,electronics,0,0
TXN102906,C1537,1410.52,9,0,0,1,2406.78,electronics,0,0
TXN102907,C1114,2007.35,11,0,0,1,2114.92,cash_withdrawal,0,0
TXN102908,C1038,1310.51,6,0,0,2,891.96,grocery,0,0
TXN102909,C1454,3026.31,16,0,0,2,4346.12,grocery,0,0
TXN102910,C1818,1484.11,15,0,0,1,2259.06,online_services,0,0
TXN102911,C1157,19057.99,6,0,0,1,14952.73,travel,0,0
TXN102912,C1945,1330.56,15,0,0,3,1926.11,jewelry,0,0
TXN102913,C1894,4869.43,16,0,0,1,3304.68,travel,0,0
TXN102914,C1794,3732.64,10,0,0,1,3434.83,electronics,2,0
TXN102915,C1787,13455.48,3,0,0,2,14291.64,cash_withdrawal,0,0
TXN102916,C1960,10399.13,16,0,0,2,3620.94,jewelry,1,0
TXN102917,C1135,2598.22,6,0,0,3,3572.17,jewelry,0,0
TXN102918,C1037,17514.79,14,0,0,1,18234.99,restaurant,0,0
TXN102919,C1730,6115.9,16,0,0,1,3933.93,grocery,1,0
TXN102920,C1004,1074.36,9,0,0,1,2015.42,grocery,0,0
TXN102921,C1703,5082.48,19,0,0,2,4278.37,cash_withdrawal,0,0
TXN102922,C1089,7237.41,10,0,0,3,4155.59,restaurant,0,0
TXN102923,C1910,2219.83,1,0,0,2,2576.16,grocery,0,0
TXN102924,C1533,3099.87,21,1,0,1,3597.9,jewelry,0,0
TXN102925,C1319,2913.96,0,0,0,6,4131.04,online_services,0,0
TXN102926,C1776,3255.73,9,0,0,1,3898.06,jewelry,0,0
TXN102927,C1913,5083.07,6,0,0,5,5142.28,travel,0,0
TXN102928,C1205,2624.39,6,1,0,1,4616.74,travel,0,0
TXN102929,C1283,1981.83,17,0,0,1,2978.4,travel,0,0
TXN102930,C1791,1718.29,14,0,0,3,2456.94,jewelry,1,0
TXN102931,C1120,2857.12,8,0,0,4,2897.98,electronics,1,0
TXN102932,C1161,15392.48,8,0,0,2,10932.45,grocery,0,0
TXN102933,C1015,1198.75,19,0,1,1,2240.68,online_services,0,0
TXN102934,C1526,3141.56,3,0,0,1,2199.0,electronics,1,0
TXN102935,C1555,2264.18,11,0,0,1,3860.24,online_services,2,0
TXN102936,C1326,1321.22,8,0,0,2,2930.65,electronics,1,0
TXN102937,C1965,1248.98,22,0,0,2,968.47,cash_withdrawal,0,0
TXN102938,C1290,2145.85,18,0,0,5,3773.28,electronics,1,1
TXN102939,C1175,646.93,2,1,0,2,977.56,travel,0,0
TXN102940,C1627,8031.58,10,0,0,2,7162.35,online_services,0,0
TXN102941,C1454,3557.06,1,0,0,1,4579.71,electronics,0,0
TXN102942,C1029,11765.39,15,0,0,2,7456.42,jewelry,0,0
TXN102943,C1051,11297.78,3,1,0,1,7033.19,restaurant,0,1
TXN102944,C1055,775.32,2,0,0,3,1868.81,restaurant,0,0
TXN102945,C1401,5619.39,5,0,0,3,2801.97,jewelry,2,0
TXN102946,C1610,3816.12,18,0,0,1,1841.08,jewelry,0,0
TXN102947,C1856,3050.51,22,0,0,2,4298.45,jewelry,0,0
TXN102948,C1456,2532.62,19,0,0,2,1486.44,travel,0,0
TXN102949,C1319,11745.06,10,0,0,4,8938.09,cash_withdrawal,0,0
TXN102950,C1202,1671.8,22,0,0,1,1127.56,cash_withdrawal,1,0
TXN102951,C1686,2335.55,17,0,0,1,2138.17,grocery,0,0
TXN102952,C1997,1146.37,14,0,0,1,1591.22,online_services,0,0
TXN102953,C1134,2450.46,2,0,0,1,3552.48,cash_withdrawal,1,0
TXN102954,C1821,4046.73,22,0,0,3,3799.3,restaurant,0,0
TXN102955,C1099,2304.41,14,0,0,1,1476.7,travel,1,0
TXN102956,C1700,722.37,20,0,0,2,681.91,jewelry,0,0
TXN102957,C1784,2419.95,14,0,0,1,2869.19,restaurant,2,0
TXN102958,C1237,919.3,7,0,0,1,2123.45,electronics,0,0
TXN102959,C1881,1714.63,19,0,0,1,2044.51,travel,1,0
TXN102960,C1934,4423.37,11,0,0,1,4183.01,restaurant,2,1
TXN102961,C1187,2974.98,22,0,0,1,4982.74,jewelry,0,0
TXN102962,C1338,1232.99,10,0,0,2,2235.35,restaurant,0,1
TXN102963,C1499,2065.71,0,0,0,3,3067.98,grocery,0,0
TXN102964,C1486,2676.44,3,0,0,1,1850.75,travel,0,1
TXN102965,C1490,1577.07,14,0,0,1,1824.01,cash_withdrawal,0,0
TXN102966,C1174,1374.21,9,0,0,1,1336.64,cash_withdrawal,0,0
TXN102967,C1356,2350.41,19,0,0,1,4439.4,online_services,0,0
TXN102968,C1130,596.93,16,0,0,1,733.99,grocery,1,0
TXN102969,C1415,627.15,22,1,1,1,1046.7,cash_withdrawal,0,0
TXN102970,C1109,1342.98,10,0,0,2,1425.87,online_services,0,0
TXN102971,C1665,3321.07,2,0,0,3,4623.41,cash_withdrawal,0,0
TXN102972,C1309,2570.7,17,0,0,1,4310.73,restaurant,0,0
TXN102973,C1410,1131.36,18,0,0,2,1934.41,restaurant,1,0
TXN102974,C1244,1357.98,19,0,0,1,1001.4,electronics,0,0
TXN102975,C1561,1484.82,5,0,0,1,2231.19,restaurant,1,0
TXN102976,C1393,2210.4,2,0,0,1,2283.61,travel,0,0
TXN102977,C1213,5792.59,22,0,0,1,7831.12,online_services,0,0
TXN102978,C1441,3227.67,13,0,1,2,2831.05,online_services,0,0
TXN102979,C1806,1147.93,10,0,0,2,1144.98,online_services,0,0
TXN102980,C1710,2773.01,7,1,0,1,1189.73,electronics,2,0
TXN102981,C1678,3700.76,21,0,0,2,3978.79,grocery,0,0
TXN102982,C1757,16612.65,22,1,0,1,9547.26,online_services,0,0
TXN102983,C1856,1768.19,15,0,0,1,1797.76,grocery,0,0
TXN102984,C1606,4470.55,19,1,1,3,3247.42,restaurant,0,1
TXN102985,C1333,1183.72,17,0,0,1,1950.54,grocery,1,0
TXN102986,C1841,3402.28,14,0,0,2,3371.79,electronics,0,0
TXN102987,C1315,3942.17,12,0,0,2,4413.2,grocery,3,0
TXN102988,C1612,1087.62,3,0,0,3,2361.14,jewelry,0,0
TXN102989,C1833,10159.11,19,0,0,2,7298.49,cash_withdrawal,0,0
TXN102990,C1839,5174.17,12,1,0,2,3377.62,travel,1,1
TXN102991,C1506,12490.08,20,1,0,4,6687.86,jewelry,0,0
TXN102992,C1062,1395.33,2,0,0,1,2603.18,electronics,0,0
TXN102993,C1836,428.77,4,0,0,2,859.71,online_services,3,1
TXN102994,C1924,1942.05,20,0,0,2,3025.98,cash_withdrawal,0,0
TXN102995,C1000,2007.26,4,0,1,1,1858.95,jewelry,1,0
TXN102996,C1152,1490.3,14,0,0,3,2709.09,online_services,0,0
TXN102997,C1298,2182.93,12,0,0,2,4109.31,online_services,2,0
TXN102998,C1591,2215.83,14,0,0,4,2533.05,electronics,0,0
TXN102999,C1210,1435.1,21,0,0,3,2964.78,travel,0,0
TXN103000,C1306,834.13,18,0,0,2,723.42,cash_withdrawal,0,0
TXN103001,C1935,7024.87,21,0,0,2,2935.66,travel,0,0
TXN103002,C1940,5813.85,13,0,0,2,3579.42,jewelry,0,0
TXN103003,C1937,2215.79,11,0,0,1,5542.49,grocery,0,0
TXN103004,C1596,2661.64,0,0,1,3,4370.15,online_services,0,1
TXN103005,C1522,6957.44,12,0,0,3,2421.59,cash_withdrawal,0,0
TXN103006,C1130,4151.1,9,0,0,3,1377.27,grocery,0,1
TXN103007,C1378,1165.49,17,0,0,3,1192.5,grocery,0,0
TXN103008,C1000,3646.47,22,0,0,2,5172.76,online_services,1,0
TXN103009,C1840,4132.47,11,0,0,3,2436.59,grocery,0,0
TXN103010,C1881,5172.29,9,0,0,2,4516.48,cash_withdrawal,0,0
TXN103011,C1031,3525.03,7,0,0,4,1882.19,restaurant,0,0
TXN103012,C1719,9749.81,18,0,0,5,8979.25,restaurant,1,0
TXN103013,C1640,6321.32,10,0,0,2,5561.81,jewelry,0,0
TXN103014,C1391,2094.06,12,0,0,3,3830.05,restaurant,0,0
TXN103015,C1445,870.7,17,0,0,1,595.02,electronics,0,0
TXN103016,C1678,1147.8,5,0,0,1,1260.77,restaurant,0,0
TXN103017,C1142,2452.74,6,1,1,2,3356.08,online_services,1,0
TXN103018,C1393,1825.73,11,0,0,3,3465.2,cash_withdrawal,0,0
TXN103019,C1427,1996.88,4,0,1,1,1703.78,travel,0,0
TXN103020,C1893,692.96,21,0,0,2,895.63,electronics,0,0
TXN103021,C1137,1860.63,0,0,0,2,2293.61,grocery,0,0
TXN103022,C1663,16604.8,0,0,0,1,15775.24,electronics,0,0
TXN103023,C1738,1076.34,15,1,0,1,847.83,jewelry,0,0
TXN103024,C1447,251.39,4,0,0,3,406.48,grocery,0,0
TXN103025,C1140,2034.37,20,1,0,1,1967.29,cash_withdrawal,0,1
TXN103026,C1425,1509.86,14,0,0,4,1171.71,cash_withdrawal,0,0
TXN103027,C1712,5251.5,19,1,0,4,3479.14,restaurant,0,1
TXN103028,C1638,2201.54,5,0,0,4,2892.49,restaurant,1,1
TXN103029,C1521,4439.09,13,0,0,2,3815.55,online_services,0,0
TXN103030,C1839,2074.58,14,0,0,2,4030.19,restaurant,0,0
TXN103031,C1363,1165.4,7,0,0,1,1408.23,electronics,0,0
TXN103032,C1434,2067.52,19,0,0,2,2045.83,grocery,0,0
TXN103033,C1591,877.98,15,0,0,1,1132.09,cash_withdrawal,0,0
TXN103034,C1748,10462.78,7,0,0,1,5786.56,jewelry,0,0
TXN103035,C1513,1794.86,8,0,0,6,4271.3,restaurant,0,0
TXN103036,C1948,12027.62,17,0,0,5,11655.39,online_services,2,0
TXN103037,C1375,2924.84,1,0,0,3,2677.37,grocery,0,0
TXN103038,C1581,3007.88,15,0,0,1,4683.35,jewelry,0,0
TXN103039,C1377,5960.34,3,0,0,2,2636.17,online_services,0,0
TXN103040,C1493,2445.93,22,0,0,5,2569.38,grocery,0,1
TXN103041,C1145,6041.05,23,0,0,2,10857.38,jewelry,0,0
TXN103042,C1539,1807.16,8,0,0,3,2373.37,restaurant,0,0
TXN103043,C1529,13273.17,2,0,0,1,9203.5,online_services,1,0
TXN103044,C1911,9418.91,19,0,0,2,5877.21,grocery,3,0
TXN103045,C1251,8427.81,15,0,0,1,4705.09,jewelry,0,0
TXN103046,C1759,5789.03,21,0,0,1,5274.94,jewelry,1,0
TXN103047,C1079,4370.12,21,0,0,2,4191.89,jewelry,1,0
TXN103048,C1552,1914.19,18,0,0,3,2526.37,travel,0,1
TXN103049,C1627,9020.72,1,0,0,1,12845.62,travel,0,0
TXN103050,C1547,949.12,0,0,0,3,1350.6,restaurant,0,0
TXN103051,C1464,1378.29,16,0,0,2,2667.16,restaurant,0,0
TXN103052,C1587,7933.42,23,0,1,1,4680.29,travel,0,0
TXN103053,C1431,2528.4,11,0,0,4,4542.02,cash_withdrawal,0,0
TXN103054,C1301,4495.57,9,0,0,1,5898.96,electronics,0,0
TXN103055,C1036,3980.78,22,0,0,3,4321.87,online_services,0,0
TXN103056,C1767,1712.02,9,0,1,3,2691.92,jewelry,0,0
TXN103057,C1803,901.65,18,0,1,2,2227.63,travel,0,1
TXN103058,C1062,1170.57,20,0,0,5,1148.66,restaurant,1,0
TXN103059,C1592,1963.92,5,0,0,1,2572.21,online_services,0,0
TXN103060,C1052,1703.5,21,0,0,1,2006.07,travel,0,0
TXN103061,C1828,4241.08,23,0,0,1,4554.45,online_services,1,1
TXN103062,C1027,6172.08,9,0,0,4,4045.0,restaurant,0,0
TXN103063,C1084,4379.54,4,0,0,2,3068.63,online_services,0,0
TXN103064,C1078,3606.7,8,0,0,4,3935.11,travel,0,0
TXN103065,C1135,3042.66,19,0,0,3,1876.64,travel,0,0
TXN103066,C1281,2446.33,8,0,0,2,3371.5,grocery,0,0
TXN103067,C1759,10653.53,3,0,0,2,12457.29,online_services,1,0
TXN103068,C1178,1201.17,18,0,0,2,1846.82,jewelry,0,0
TXN103069,C1154,3680.59,21,0,0,5,6103.25,restaurant,0,0
TXN103070,C1378,1592.73,5,0,0,1,2233.87,travel,0,0
TXN103071,C1801,10482.44,22,0,0,1,9380.88,electronics,0,0
TXN103072,C1496,4058.61,5,0,0,2,3171.75,cash_withdrawal,0,0
TXN103073,C1540,8787.34,1,0,0,2,4468.44,travel,0,0
TXN103074,C1086,2147.52,4,0,0,1,1549.82,online_services,0,0
TXN103075,C1956,2926.39,4,0,0,2,1913.91,cash_withdrawal,0,0
TXN103076,C1507,2534.76,13,0,0,2,1729.21,cash_withdrawal,1,0
TXN103077,C1392,2329.1,7,0,0,2,3973.83,jewelry,0,0
TXN103078,C1450,3413.58,23,0,0,1,1534.81,jewelry,0,0
TXN103079,C1171,992.26,6,0,0,2,2742.94,online_services,0,0
TXN103080,C1751,12941.41,11,0,0,1,5389.64,grocery,0,0
TXN103081,C1657,2490.44,8,0,0,1,2994.63,cash_withdrawal,3,0
TXN103082,C1839,861.31,3,0,0,2,1188.78,grocery,0,0
TXN103083,C1171,2862.96,14,0,0,4,1540.7,restaurant,0,0
TXN103084,C1487,13089.22,9,0,0,2,6181.8,restaurant,0,0
TXN103085,C1764,10380.6,17,0,0,1,7218.16,electronics,2,0
TXN103086,C1388,1498.62,21,0,0,2,1609.72,jewelry,0,0
TXN103087,C1399,2712.55,15,0,0,5,4718.43,travel,0,0
TXN103088,C1148,5176.89,16,0,0,2,5025.71,cash_withdrawal,0,0
TXN103089,C1445,1935.79,0,0,0,4,2681.38,travel,0,1
TXN103090,C1949,1067.95,14,0,0,1,2318.1,restaurant,0,0
TXN103091,C1694,1180.09,10,0,0,3,912.37,online_services,0,0
TXN103092,C1699,1069.03,1,0,0,3,1224.77,grocery,2,1
TXN103093,C1939,2239.27,17,0,0,2,3430.83,jewelry,1,0
TXN103094,C1362,5476.66,13,0,0,2,10917.27,online_services,1,0
TXN103095,C1940,4981.28,20,0,0,1,8018.46,cash_withdrawal,0,0
TXN103096,C1279,13432.29,10,0,0,1,8170.2,travel,0,0
TXN103097,C1273,4634.57,3,0,0,2,3924.31,travel,0,0
TXN103098,C1670,4861.62,18,0,0,3,4122.94,restaurant,0,0
TXN103099,C1472,865.37,21,0,0,1,1528.99,jewelry,0,0
TXN103100,C1247,555.4,23,0,0,3,619.29,jewelry,1,1
TXN103101,C1602,10661.08,6,0,0,5,8695.24,online_services,0,0
TXN103102,C1345,3617.1,21,1,0,2,3068.82,jewelry,0,0
TXN103103,C1184,6440.82,10,0,0,2,4644.47,online_services,1,0
TXN103104,C1010,856.16,21,0,0,1,1557.75,grocery,0,0
TXN103105,C1851,6811.38,2,0,0,1,7396.15,grocery,0,0
TXN103106,C1421,593.42,3,0,0,3,1099.33,online_services,0,0
TXN103107,C1106,4060.29,21,0,0,3,3202.54,restaurant,0,0
TXN103108,C1359,863.08,7,0,1,1,1412.62,jewelry,1,0
TXN103109,C1290,1378.2,8,0,0,1,1617.97,electronics,0,0
TXN103110,C1034,4019.07,0,0,0,3,2489.66,online_services,0,0
TXN103111,C1094,861.47,1,0,0,3,1283.78,online_services,0,0
TXN103112,C1672,531.26,6,0,0,5,1228.96,online_services,2,0
TXN103113,C1653,1503.09,3,0,0,3,2133.18,jewelry,0,0
TXN103114,C1980,1322.49,3,1,0,2,2842.41,grocery,0,0
TXN103115,C1876,4636.29,19,0,0,1,3728.09,electronics,0,0
TXN103116,C1384,2932.98,21,0,0,5,2010.47,cash_withdrawal,1,0
TXN103117,C1921,1062.99,20,0,0,1,1376.52,online_services,0,0
TXN103118,C1822,21231.28,5,0,0,5,9490.05,grocery,0,0
TXN103119,C1712,7565.49,5,0,0,3,6675.07,travel,1,0
TXN103120,C1301,4618.73,14,0,1,1,3029.16,jewelry,0,1
TXN103121,C1958,4982.97,2,0,0,1,4675.48,jewelry,0,0
TXN103122,C1464,2108.81,8,0,0,2,3384.92,cash_withdrawal,0,0
TXN103123,C1437,1358.32,22,0,0,1,1608.14,jewelry,0,0
TXN103124,C1788,12102.4,10,0,0,4,12524.91,travel,1,0
TXN103125,C1165,4686.39,2,0,0,2,3334.5,travel,0,1
TXN103126,C1795,9410.34,1,0,0,4,11745.69,restaurant,0,0
TXN103127,C1397,1009.59,10,0,1,2,2904.17,grocery,0,0
TXN103128,C1264,1887.63,8,0,0,4,1878.55,electronics,1,0
TXN103129,C1451,3338.2,2,1,0,4,3167.83,restaurant,0,0
TXN103130,C1950,3751.58,6,0,1,1,3422.72,online_services,0,1
TXN103131,C1402,3132.63,5,0,0,2,1764.21,jewelry,1,0
TXN103132,C1503,1066.33,3,0,0,2,1534.8,electronics,0,0
TXN103133,C1553,2997.57,13,0,0,1,2894.99,electronics,0,0
TXN103134,C1628,8208.81,20,0,0,1,5013.26,grocery,0,0
TXN103135,C1934,945.89,14,0,0,1,1746.1,jewelry,0,0
TXN103136,C1265,2837.98,3,0,0,1,3428.17,grocery,0,0
TXN103137,C1074,2896.45,2,0,0,1,3032.82,online_services,0,0
TXN103138,C1745,4007.81,8,0,0,1,3927.56,cash_withdrawal,0,1
TXN103139,C1456,3380.8,0,0,0,1,3441.93,restaurant,1,0
TXN103140,C1152,4772.65,20,0,0,1,3193.77,jewelry,1,0
TXN103141,C1000,2425.63,1,1,0,2,4888.35,jewelry,1,0
TXN103142,C1399,1320.78,8,0,0,1,2120.84,electronics,0,0
TXN103143,C1716,2074.45,10,0,0,2,1174.82,restaurant,0,0
TXN103144,C1588,4590.77,0,0,0,5,3684.87,online_services,0,0
TXN103145,C1724,4765.99,15,0,0,4,5197.14,restaurant,2,0
TXN103146,C1446,4036.29,12,0,0,4,2894.24,cash_withdrawal,2,0
TXN103147,C1745,2148.9,2,0,0,2,1990.75,online_services,0,1
TXN103148,C1231,2372.16,0,0,0,2,2643.96,restaurant,0,0
TXN103149,C1977,1940.55,22,0,0,3,1362.77,cash_withdrawal,0,0
TXN103150,C1798,1902.52,15,0,0,1,2830.95,grocery,0,0
TXN103151,C1580,2540.07,17,0,0,2,2867.39,travel,0,0
TXN103152,C1341,4024.4,21,0,0,4,2344.55,travel,1,0
TXN103153,C1410,2643.03,1,0,1,2,3664.85,jewelry,1,0
TXN103154,C1981,3474.51,20,0,0,1,4760.52,grocery,3,0
TXN103155,C1374,1602.87,17,0,0,2,1654.79,cash_withdrawal,1,0
TXN103156,C1983,3483.2,10,1,0,1,2540.39,grocery,0,0
TXN103157,C1861,2440.11,14,0,0,1,3216.05,cash_withdrawal,0,0
TXN103158,C1784,1638.6,9,0,1,1,2222.0,jewelry,0,0
TXN103159,C1207,4797.63,5,0,0,1,2737.94,online_services,0,0
TXN103160,C1040,3324.06,12,0,0,1,3143.6,jewelry,0,0
TXN103161,C1195,8406.11,9,0,0,3,5138.19,jewelry,1,0
TXN103162,C1399,1175.63,3,0,0,2,1526.07,jewelry,0,0
TXN103163,C1705,2845.13,11,0,0,1,4458.81,restaurant,0,0
TXN103164,C1086,1332.95,20,0,0,1,2128.9,restaurant,1,0
TXN103165,C1752,2822.32,6,0,0,1,1752.91,electronics,0,0
TXN103166,C1036,3866.03,6,0,0,5,4311.54,grocery,0,0
TXN103167,C1737,4271.34,18,0,0,1,6170.88,electronics,0,0
TXN103168,C1500,2747.8,12,0,0,1,2249.05,grocery,0,0
TXN103169,C1811,2693.23,17,1,0,5,3014.5,jewelry,1,1
TXN103170,C1315,611.68,15,0,0,1,629.63,online_services,0,0
TXN103171,C1988,2419.3,14,0,0,3,1151.13,grocery,0,0
TXN103172,C1037,8128.59,10,0,0,6,6446.82,grocery,0,0
TXN103173,C1345,2791.9,23,0,0,1,2418.54,grocery,0,0
TXN103174,C1415,1994.74,3,0,0,2,2457.49,electronics,0,0
TXN103175,C1826,5856.99,20,0,0,4,4122.83,jewelry,0,0
TXN103176,C1535,4668.98,14,1,1,3,5506.42,jewelry,0,0
TXN103177,C1891,2716.99,17,0,0,3,3658.22,electronics,2,0
TXN103178,C1758,8819.61,18,0,0,1,12016.41,electronics,0,0
TXN103179,C1947,974.7,2,0,0,3,960.53,grocery,1,0
TXN103180,C1753,1462.45,4,0,0,1,975.96,restaurant,1,0
TXN103181,C1669,3648.62,0,0,0,5,2212.67,restaurant,0,1
TXN103182,C1928,1580.45,19,0,0,1,2070.72,grocery,3,0
TXN103183,C1248,2572.08,22,0,0,1,4754.67,jewelry,0,0
TXN103184,C1133,1006.78,0,1,0,2,2375.12,electronics,0,1
TXN103185,C1647,1474.34,1,0,0,1,2127.79,travel,0,0
TXN103186,C1840,2845.8,3,0,0,4,3487.45,restaurant,0,0
TXN103187,C1625,43314.68,5,0,0,5,18309.67,cash_withdrawal,0,1
TXN103188,C1605,3177.36,2,0,0,1,4824.02,cash_withdrawal,0,0
TXN103189,C1837,7058.91,3,0,0,3,5058.14,grocery,0,0
TXN103190,C1509,4405.81,19,0,0,3,2348.58,cash_withdrawal,0,0
TXN103191,C1630,2699.97,7,1,0,6,2103.93,grocery,0,1
TXN103192,C1823,4385.95,6,0,0,1,3442.52,restaurant,0,0
TXN103193,C1345,18709.2,23,0,0,2,8085.15,jewelry,0,0
TXN103194,C1411,5823.89,10,0,0,1,4449.4,grocery,0,0
TXN103195,C1999,4361.55,21,0,0,1,4195.06,online_services,0,0
TXN103196,C1558,3525.58,4,0,0,2,4787.82,travel,0,0
TXN103197,C1856,1661.87,6,0,0,3,1787.83,cash_withdrawal,0,0
TXN103198,C1046,5051.42,18,0,0,1,4977.31,electronics,0,0
TXN103199,C1343,2365.49,2,0,0,3,1698.81,grocery,0,0
TXN103200,C1280,1223.53,4,0,0,1,1220.17,cash_withdrawal,1,1
TXN103201,C1425,10743.67,5,0,0,1,18237.02,jewelry,0,0
TXN103202,C1378,4660.33,17,0,0,2,2306.91,electronics,0,0
TXN103203,C1449,2479.17,7,0,0,2,2054.63,online_services,0,0
TXN103204,C1041,2263.06,4,0,0,2,3032.66,grocery,0,0
TXN103205,C1810,10033.34,20,0,0,1,4714.91,online_services,0,0
TXN103206,C1385,7635.8,5,0,0,1,3957.92,grocery,0,0
TXN103207,C1900,1663.19,15,1,0,3,1280.8,grocery,0,1
TXN103208,C1006,3430.39,0,0,0,1,3458.07,electronics,0,0
TXN103209,C1948,2503.6,2,0,0,1,2053.58,jewelry,0,0
TXN103210,C1667,890.5,18,1,0,5,1966.7,travel,0,1
TXN103211,C1426,6654.28,22,0,1,7,4497.46,cash_withdrawal,0,0
TXN103212,C1811,3976.11,15,0,0,3,5148.4,jewelry,0,1
TXN103213,C1129,3485.27,6,0,0,3,2016.67,electronics,2,0
TXN103214,C1655,3620.04,8,1,0,2,4639.7,online_services,0,0
TXN103215,C1461,1724.43,13,0,0,2,3190.17,electronics,0,0
TXN103216,C1960,2438.57,5,0,0,1,3639.04,online_services,0,0
TXN103217,C1708,12406.19,1,0,0,1,6029.59,online_services,0,0
TXN103218,C1184,2272.15,22,0,0,1,3305.67,restaurant,0,0
TXN103219,C1626,2142.54,2,1,0,4,1809.35,jewelry,0,0
TXN103220,C1846,1044.7,9,0,0,1,1700.17,travel,0,1
TXN103221,C1428,612.84,0,0,0,1,460.8,online_services,2,0
TXN103222,C1241,4358.81,6,0,0,1,3387.17,grocery,0,0
TXN103223,C1542,2474.51,3,1,0,1,1626.64,online_services,0,1
TXN103224,C1370,26388.37,17,0,1,1,10910.49,online_services,0,0
TXN103225,C1224,9171.94,14,0,0,3,8582.54,cash_withdrawal,0,0
TXN103226,C1641,2765.19,21,0,0,1,2020.29,electronics,0,0
TXN103227,C1283,2909.49,1,0,0,3,3416.81,electronics,0,0
TXN103228,C1115,5861.83,4,0,0,1,3192.87,jewelry,0,1
TXN103229,C1864,834.52,15,0,0,4,2157.18,restaurant,2,0
TXN103230,C1180,860.04,5,0,0,1,1124.34,jewelry,0,0
TXN103231,C1944,5614.12,1,0,0,2,13672.86,grocery,1,0
TXN103232,C1660,2644.07,11,0,0,3,3233.78,travel,1,0
TXN103233,C1214,2919.44,13,0,0,4,3396.9,travel,0,0
TXN103234,C1342,3307.04,19,0,0,4,2602.69,cash_withdrawal,0,1
TXN103235,C1911,2979.42,14,0,0,1,4188.63,grocery,0,0
TXN103236,C1106,7232.98,23,0,0,6,2783.01,grocery,1,0
TXN103237,C1947,4422.8,17,0,0,1,3837.98,electronics,1,0
TXN103238,C1161,3075.14,0,0,0,1,2533.47,restaurant,0,0
TXN103239,C1527,5301.45,3,0,0,2,2655.51,grocery,0,0
TXN103240,C1916,2980.68,7,0,0,1,4836.14,jewelry,0,0
TXN103241,C1455,9812.17,18,0,0,1,6706.15,online_services,2,0
TXN103242,C1333,4318.36,13,0,0,1,4334.0,electronics,0,0
TXN103243,C1765,5711.98,21,0,0,3,3640.3,travel,1,0
TXN103244,C1235,3926.15,3,0,0,4,3512.21,travel,0,1
TXN103245,C1233,2654.26,3,0,0,1,4016.59,electronics,0,0
TXN103246,C1755,12699.45,13,0,0,5,9283.68,cash_withdrawal,0,0
TXN103247,C1204,1026.1,12,0,0,1,2636.3,electronics,1,0
TXN103248,C1075,7748.92,15,0,0,1,6163.35,online_services,0,0
TXN103249,C1496,2332.09,1,0,0,2,2982.01,restaurant,0,0
TXN103250,C1148,7340.64,6,0,0,1,5844.18,online_services,0,0
TXN103251,C1465,1064.69,5,0,0,2,1862.32,restaurant,0,0
TXN103252,C1382,3087.34,4,0,0,3,1677.75,restaurant,0,0
TXN103253,C1737,711.94,6,1,0,7,1572.9,jewelry,2,1
TXN103254,C1367,8392.54,8,0,0,2,7336.28,electronics,1,0
TXN103255,C1343,3359.96,4,0,0,2,6559.74,grocery,0,0
TXN103256,C1708,5222.39,18,1,0,3,4082.56,grocery,0,0
TXN103257,C1287,5224.11,4,0,0,3,6772.99,grocery,1,0
TXN103258,C1872,2217.1,14,0,0,2,3078.58,restaurant,0,1
TXN103259,C1428,3714.53,5,0,0,3,6285.06,cash_withdrawal,2,1
TXN103260,C1351,3614.48,7,0,0,1,7780.89,travel,0,0
TXN103261,C1618,4163.76,5,0,0,2,4089.76,cash_withdrawal,0,0
TXN103262,C1813,645.63,20,0,0,2,1565.29,online_services,1,0
TXN103263,C1927,3145.05,5,0,0,2,2876.17,online_services,2,0
TXN103264,C1993,6931.58,17,0,0,3,14017.04,cash_withdrawal,1,0
TXN103265,C1235,5774.24,2,0,1,4,3070.1,restaurant,0,0
TXN103266,C1877,3807.45,16,0,1,3,4288.41,restaurant,0,1
TXN103267,C1882,14269.93,6,0,0,2,11477.56,online_services,0,0
TXN103268,C1484,2627.03,14,0,0,1,3689.24,travel,0,0
TXN103269,C1014,2893.26,23,0,0,3,3036.7,restaurant,0,0
TXN103270,C1753,1146.93,7,0,0,3,3301.7,electronics,0,0
TXN103271,C1335,8884.16,13,0,0,1,9010.22,online_services,0,0
TXN103272,C1227,5687.13,18,1,0,1,6633.91,electronics,0,0
TXN103273,C1935,6781.07,18,0,0,3,4093.77,grocery,0,1
TXN103274,C1427,4178.14,1,0,0,1,3194.15,grocery,0,0
TXN103275,C1481,2889.33,23,0,0,2,4705.53,cash_withdrawal,0,0
TXN103276,C1516,1412.91,1,1,0,1,2367.69,restaurant,0,0
TXN103277,C1543,3751.52,12,0,0,1,2753.83,restaurant,0,0
TXN103278,C1829,822.98,22,0,0,2,1446.83,cash_withdrawal,3,0
TXN103279,C1100,11055.16,14,0,0,1,7250.13,restaurant,0,0
TXN103280,C1246,2262.36,2,0,0,1,6605.52,online_services,0,0
TXN103281,C1771,11566.9,0,0,0,3,7135.51,jewelry,0,0
TXN103282,C1749,1469.88,13,0,0,5,3564.81,electronics,1,0
TXN103283,C1135,12406.83,11,0,0,2,8305.61,travel,0,0
TXN103284,C1244,605.92,20,0,0,3,1005.13,grocery,0,0
TXN103285,C1016,8055.79,15,0,0,1,2672.89,jewelry,2,0
TXN103286,C1312,10461.31,5,0,0,1,7467.75,jewelry,0,0
TXN103287,C1470,5812.18,18,0,0,1,3534.79,jewelry,0,0
TXN103288,C1597,1403.83,0,0,0,1,1314.05,restaurant,2,0
TXN103289,C1474,2808.76,4,0,0,1,3536.19,cash_withdrawal,0,0
TXN103290,C1720,3327.69,12,0,0,3,3247.36,electronics,0,0
TXN103291,C1808,4638.87,11,0,0,4,3137.97,jewelry,0,0
TXN103292,C1475,2797.66,22,0,0,2,2382.16,jewelry,0,0
TXN103293,C1001,5092.06,20,0,0,6,4098.74,grocery,0,0
TXN103294,C1394,4274.49,22,0,0,2,2353.18,travel,2,0
TXN103295,C1543,5871.56,1,0,0,1,3374.93,travel,1,0
TXN103296,C1436,525.55,8,0,0,2,963.03,jewelry,0,0
TXN103297,C1968,8638.06,19,0,0,2,3590.62,online_services,2,0
TXN103298,C1589,1647.42,6,0,0,1,2927.86,cash_withdrawal,0,0
TXN103299,C1701,433.84,2,0,0,3,547.77,online_services,0,1
TXN103300,C1901,1052.97,10,0,1,2,1123.12,jewelry,1,0
TXN103301,C1954,12062.0,1,0,0,2,10555.72,online_services,1,0
TXN103302,C1968,675.94,21,0,0,2,735.69,travel,0,0
TXN103303,C1909,1131.57,1,1,0,4,2295.5,grocery,0,0
TXN103304,C1392,2519.56,11,0,0,1,4550.59,restaurant,1,0
TXN103305,C1633,1631.84,1,0,0,2,2752.22,travel,3,1
TXN103306,C1375,1022.51,5,0,0,2,2015.2,jewelry,0,0
TXN103307,C1572,1780.9,22,0,0,2,2793.36,grocery,0,0
TXN103308,C1574,5201.02,22,0,0,2,3409.21,cash_withdrawal,2,1
TXN103309,C1209,2508.25,4,0,0,2,3117.85,travel,0,1
TXN103310,C1244,2060.54,17,0,0,3,5245.89,grocery,0,0
TXN103311,C1664,1625.72,15,0,0,1,4616.71,jewelry,0,0
TXN103312,C1961,2889.52,18,1,0,3,5067.58,cash_withdrawal,3,0
TXN103313,C1982,3777.05,22,0,0,5,2866.56,electronics,0,1
TXN103314,C1771,8416.47,23,0,0,4,6516.29,cash_withdrawal,0,0
TXN103315,C1230,2380.63,10,0,0,4,1461.21,travel,0,0
TXN103316,C1919,2432.68,8,0,0,1,1304.26,online_services,0,0
TXN103317,C1696,748.17,13,0,1,3,883.48,travel,0,0
TXN103318,C1055,5877.39,2,0,0,1,9827.02,travel,2,1
TXN103319,C1353,2876.71,14,0,0,1,4043.64,restaurant,2,0
TXN103320,C1513,1305.54,16,0,0,2,2357.72,cash_withdrawal,0,0
TXN103321,C1125,4370.13,15,0,0,1,1716.41,jewelry,0,0
TXN103322,C1544,1085.23,21,0,0,3,1236.1,cash_withdrawal,3,0
TXN103323,C1545,4938.41,9,0,1,3,2962.72,restaurant,0,0
TXN103324,C1635,3750.43,11,0,0,1,5170.58,cash_withdrawal,0,0
TXN103325,C1689,2925.04,22,0,0,1,2117.05,cash_withdrawal,0,0
TXN103326,C1963,2717.84,2,0,0,1,2309.74,electronics,0,1
TXN103327,C1913,2290.27,14,0,0,2,2892.01,grocery,1,0
TXN103328,C1082,532.09,12,0,0,1,1226.06,electronics,0,0
TXN103329,C1295,3007.8,2,0,0,1,3945.54,grocery,3,0
TXN103330,C1168,24082.67,8,0,1,4,10762.25,grocery,1,0
TXN103331,C1713,1520.21,4,1,0,2,2829.14,restaurant,1,1
TXN103332,C1154,893.77,6,0,0,1,1457.21,online_services,0,0
TXN103333,C1974,592.68,20,0,0,4,906.88,grocery,0,0
TXN103334,C1300,9182.0,13,0,0,1,6093.36,jewelry,2,0
TXN103335,C1554,6183.37,4,0,0,1,2420.64,restaurant,0,1
TXN103336,C1355,2245.72,13,1,0,2,2107.53,restaurant,0,0
TXN103337,C1755,1474.15,20,0,0,2,1530.75,grocery,0,0
TXN103338,C1298,5596.28,6,0,0,2,5802.8,grocery,0,0
TXN103339,C1022,2445.25,7,1,0,1,4104.0,cash_withdrawal,1,0
TXN103340,C1970,7813.83,16,0,0,2,5623.94,jewelry,0,0
TXN103341,C1343,13196.86,13,0,0,3,7429.56,online_services,0,0
TXN103342,C1351,1466.14,20,0,0,1,1440.0,jewelry,0,0
TXN103343,C1805,3594.67,10,0,0,3,3415.65,restaurant,0,0
TXN103344,C1607,840.37,21,0,0,1,1290.84,jewelry,1,0
TXN103345,C1542,4873.58,17,0,0,2,4026.13,restaurant,0,0
TXN103346,C1468,2455.48,9,0,1,2,3035.19,online_services,0,0
TXN103347,C1135,1177.59,9,0,0,4,1217.4,electronics,0,1
TXN103348,C1808,2034.75,8,0,1,1,1556.62,electronics,2,0
TXN103349,C1495,763.45,11,0,0,1,983.93,travel,0,0
TXN103350,C1788,1503.79,1,0,1,1,2398.65,electronics,0,0
TXN103351,C1361,2305.02,9,0,0,2,2077.12,restaurant,0,0
TXN103352,C1979,1283.43,5,1,0,4,2468.62,online_services,3,0
TXN103353,C1946,1307.66,5,0,0,2,970.82,jewelry,0,0
TXN103354,C1548,6713.29,9,0,0,3,7524.9,electronics,1,1
TXN103355,C1996,5313.96,5,0,0,5,2560.69,cash_withdrawal,0,0
TXN103356,C1725,1834.03,22,0,0,5,1516.49,jewelry,1,1
TXN103357,C1813,707.39,4,0,0,2,609.54,electronics,0,1
TXN103358,C1243,2496.21,3,0,0,1,2167.35,grocery,0,0
TXN103359,C1324,3690.52,18,0,0,2,2560.42,electronics,0,0
TXN103360,C1451,12337.01,8,0,0,2,8497.43,travel,0,0
TXN103361,C1188,3866.55,6,0,0,2,4002.04,online_services,0,0
TXN103362,C1724,7628.98,1,0,0,4,4712.48,jewelry,0,0
TXN103363,C1324,1720.94,11,0,0,1,1210.69,electronics,0,0
TXN103364,C1381,9836.31,14,0,0,2,12229.77,online_services,0,0
TXN103365,C1998,1843.36,5,0,1,2,2314.36,online_services,1,0
TXN103366,C1308,7430.35,3,1,0,2,6723.72,grocery,0,1
TXN103367,C1414,4159.47,15,0,0,4,2373.63,cash_withdrawal,0,0
TXN103368,C1148,2119.57,14,0,0,1,3586.8,travel,0,0
TXN103369,C1159,777.74,0,0,0,1,1202.9,jewelry,2,1
TXN103370,C1559,1389.96,16,0,0,1,2814.18,travel,0,0
TXN103371,C1662,6287.43,22,0,0,1,6570.06,travel,0,0
TXN103372,C1485,1121.37,9,0,0,1,1948.2,cash_withdrawal,2,0
TXN103373,C1587,7532.84,21,0,0,3,5768.5,electronics,0,0
TXN103374,C1818,2991.47,18,0,1,3,4573.84,jewelry,0,0
TXN103375,C1928,7789.63,14,0,0,2,14917.87,travel,1,0
TXN103376,C1705,1651.08,3,0,0,3,1869.28,jewelry,0,0
TXN103377,C1490,7374.47,1,0,0,3,4389.05,electronics,0,0
TXN103378,C1694,1853.21,17,0,0,2,2774.0,grocery,0,0
TXN103379,C1315,3759.02,0,0,0,3,2666.81,restaurant,0,0
TXN103380,C1632,3832.06,7,0,0,2,5473.78,restaurant,0,0
TXN103381,C1365,3528.92,2,0,0,2,4321.37,travel,0,0
TXN103382,C1056,1946.68,19,0,0,1,1310.22,jewelry,0,0
TXN103383,C1199,2355.17,18,0,0,2,2626.42,online_services,2,0
TXN103384,C1227,5185.33,8,0,0,1,4621.99,electronics,0,0
TXN103385,C1023,6294.18,2,0,0,2,4459.06,online_services,0,0
TXN103386,C1869,2070.88,14,0,0,3,2398.16,jewelry,2,0
TXN103387,C1687,11376.81,2,0,0,1,4608.87,online_services,2,1
TXN103388,C1403,3411.79,6,0,0,3,3430.93,restaurant,0,0
TXN103389,C1325,1556.49,19,0,0,6,2054.37,online_services,0,0
TXN103390,C1523,1476.28,1,0,0,2,1774.29,jewelry,1,0
TXN103391,C1369,3979.4,12,0,0,8,7764.12,electronics,1,0
TXN103392,C1733,2363.43,13,0,0,1,1519.53,travel,0,0
TXN103393,C1395,1254.81,11,0,0,1,3179.69,grocery,0,0
TXN103394,C1291,1457.54,11,0,1,1,2300.66,travel,0,0
TXN103395,C1315,1405.76,14,0,0,6,2903.17,cash_withdrawal,0,0
TXN103396,C1574,1028.24,2,0,0,3,1005.88,electronics,3,0
TXN103397,C1745,5049.36,14,0,0,1,2135.65,jewelry,1,0
TXN103398,C1425,9133.71,14,0,0,5,9748.8,travel,3,0
TXN103399,C1167,5641.51,23,1,0,3,6305.08,restaurant,0,0
TXN103400,C1746,6499.72,13,0,0,3,5603.03,electronics,0,0
TXN103401,C1855,967.96,18,0,1,2,1520.75,online_services,0,0
TXN103402,C1088,1155.81,4,0,0,4,1720.22,electronics,0,0
TXN103403,C1310,5198.12,15,0,0,1,4297.27,cash_withdrawal,0,0
TXN103404,C1537,7307.36,10,0,0,1,7649.14,grocery,0,0
TXN103405,C1955,2262.71,18,0,0,1,1574.09,cash_withdrawal,0,0
TXN103406,C1384,18372.48,2,0,0,3,4322.94,grocery,0,1
TXN103407,C1419,2627.03,20,0,0,1,2708.78,travel,0,0
TXN103408,C1424,1771.6,5,0,0,1,1994.48,online_services,0,0
TXN103409,C1473,5350.18,22,0,0,3,7942.2,online_services,0,0
TXN103410,C1773,2475.13,4,0,0,1,1720.66,electronics,0,0
TXN103411,C1190,1893.52,12,1,0,2,2806.45,travel,2,1
TXN103412,C1567,2162.71,15,0,0,1,1894.11,grocery,0,0
TXN103413,C1842,3382.24,9,0,0,1,4140.83,cash_withdrawal,3,0
TXN103414,C1599,1502.75,9,0,0,4,1619.95,restaurant,0,0
TXN103415,C1572,3518.55,23,0,0,1,1945.92,restaurant,0,0
TXN103416,C1229,3554.53,0,0,0,1,1971.23,cash_withdrawal,1,1
TXN103417,C1002,1585.44,4,1,0,3,1580.43,travel,0,0
TXN103418,C1307,6512.18,20,0,0,3,3659.92,cash_withdrawal,0,1
TXN103419,C1651,4094.25,15,0,0,3,6969.28,grocery,0,1
TXN103420,C1669,4216.17,21,0,1,1,5453.28,travel,1,0
TXN103421,C1427,1328.4,5,0,0,1,2577.53,restaurant,0,0
TXN103422,C1928,12714.79,22,0,0,1,11727.22,jewelry,0,0
TXN103423,C1250,12914.81,0,0,0,2,11688.85,grocery,0,0
TXN103424,C1783,2356.44,8,1,0,1,2271.9,restaurant,0,0
TXN103425,C1993,1006.56,2,0,0,3,1398.84,online_services,0,0
TXN103426,C1763,25097.58,11,0,0,1,14164.71,online_services,0,0
TXN103427,C1492,10560.69,18,0,0,2,10406.91,restaurant,0,0
TXN103428,C1889,5739.32,8,0,0,4,6748.48,jewelry,0,0
TXN103429,C1702,4721.88,15,0,0,1,7630.58,jewelry,0,0
TXN103430,C1837,2596.51,3,0,0,1,1988.98,travel,0,0
TXN103431,C1524,1553.24,23,0,0,1,786.3,online_services,0,0
TXN103432,C1017,1740.81,8,0,0,3,1749.56,electronics,0,0
TXN103433,C1595,11432.01,1,0,0,2,5113.46,electronics,1,0
TXN103434,C1327,1048.16,14,1,0,2,1134.22,jewelry,2,0
TXN103435,C1138,2275.37,11,0,0,2,1268.33,electronics,2,0
TXN103436,C1054,5578.43,8,0,0,1,3920.68,travel,0,0
TXN103437,C1429,7495.87,20,0,0,6,4763.6,travel,0,0
TXN103438,C1049,4485.87,9,0,0,2,8251.25,travel,2,0
TXN103439,C1542,4536.13,20,1,0,2,3488.2,grocery,0,0
TXN103440,C1526,813.56,6,0,0,2,1560.62,cash_withdrawal,0,0
TXN103441,C1643,20953.96,5,0,0,1,12916.44,cash_withdrawal,0,0
TXN103442,C1096,2573.83,19,0,0,2,2455.04,cash_withdrawal,0,0
TXN103443,C1171,2221.8,17,0,0,2,4401.97,travel,0,0
TXN103444,C1893,2088.69,10,0,0,4,1823.86,cash_withdrawal,0,0
TXN103445,C1865,1255.63,21,0,1,4,1772.08,cash_withdrawal,0,1
TXN103446,C1308,995.99,8,0,0,2,4255.3,jewelry,0,0
TXN103447,C1714,12965.54,22,0,0,1,10672.77,travel,0,0
TXN103448,C1098,1906.35,17,0,0,1,1414.02,online_services,0,0
TXN103449,C1360,725.66,4,1,0,1,1201.46,grocery,0,0
TXN103450,C1140,748.11,16,0,0,2,1373.74,travel,0,0
TXN103451,C1381,10725.31,15,0,0,1,6152.33,restaurant,0,0
TXN103452,C1348,2879.38,5,0,0,3,3312.96,grocery,0,0
TXN103453,C1223,2930.14,4,0,1,4,2741.35,online_services,1,1
TXN103454,C1226,17363.14,6,0,0,1,17133.51,cash_withdrawal,0,0
TXN103455,C1918,9864.33,17,0,0,3,6288.95,online_services,1,0
TXN103456,C1706,2682.97,16,0,0,5,2630.16,cash_withdrawal,2,1
TXN103457,C1544,6453.07,22,0,0,1,3586.71,online_services,0,0
TXN103458,C1719,4585.72,3,0,0,1,3213.1,restaurant,1,0
TXN103459,C1471,14546.34,2,0,0,1,7014.08,grocery,0,0
TXN103460,C1838,986.95,4,0,0,1,1137.79,grocery,0,0
TXN103461,C1491,796.34,11,1,0,2,764.59,travel,0,0
TXN103462,C1707,2472.04,11,1,0,3,3621.13,electronics,0,0
TXN103463,C1836,5918.81,14,0,0,1,6397.65,online_services,0,0
TXN103464,C1535,584.01,10,1,0,5,720.31,electronics,0,0
TXN103465,C1726,2823.99,9,0,0,2,3447.37,grocery,0,0
TXN103466,C1762,1201.62,3,0,0,1,2953.24,electronics,0,0
TXN103467,C1131,1022.92,22,0,0,3,569.46,electronics,0,0
TXN103468,C1704,1139.42,7,0,0,1,1392.95,travel,0,0
TXN103469,C1128,2561.96,6,0,1,1,3825.33,electronics,0,0
TXN103470,C1080,19019.81,13,0,0,2,14553.75,jewelry,0,0
TXN103471,C1781,1840.61,3,0,0,1,4202.61,grocery,0,1
TXN103472,C1019,24057.38,15,0,0,1,7903.06,cash_withdrawal,2,0
TXN103473,C1441,1493.35,1,1,0,1,2623.62,electronics,0,0
TXN103474,C1110,3427.42,1,1,0,1,3291.6,cash_withdrawal,0,1
TXN103475,C1675,6631.87,16,0,0,1,6314.66,online_services,0,0
TXN103476,C1060,3622.23,15,0,0,3,2700.25,grocery,0,0
TXN103477,C1930,3103.86,8,0,0,1,2626.25,grocery,0,0
TXN103478,C1067,761.24,9,0,0,3,1291.98,jewelry,1,0
TXN103479,C1010,1817.2,3,1,0,1,2116.89,cash_withdrawal,1,1
TXN103480,C1126,2412.98,19,0,0,1,2399.99,electronics,1,0
TXN103481,C1601,1152.52,6,0,0,3,1722.54,electronics,0,0
TXN103482,C1686,3037.13,11,0,0,2,3772.96,grocery,0,0
TXN103483,C1092,3961.39,4,0,0,1,3279.4,cash_withdrawal,0,0
TXN103484,C1764,4885.82,8,1,0,5,3723.16,online_services,0,0
TXN103485,C1356,1864.66,11,0,0,1,1390.07,electronics,0,0
TXN103486,C1875,5113.65,16,0,0,1,7203.09,cash_withdrawal,0,0
TXN103487,C1746,4656.81,19,0,0,1,3161.36,electronics,0,0
TXN103488,C1517,2584.17,18,0,0,1,1992.52,grocery,2,0
TXN103489,C1101,3040.58,18,0,0,2,1863.66,cash_withdrawal,1,1
TXN103490,C1014,4723.12,16,0,0,2,7365.96,electronics,0,0
TXN103491,C1732,6071.6,6,0,0,1,6451.3,travel,0,0
TXN103492,C1175,5399.18,17,1,0,2,4051.95,grocery,3,1
TXN103493,C1996,5441.85,23,0,0,4,3914.7,grocery,2,0
TXN103494,C1946,1819.3,6,1,0,1,2165.64,online_services,0,1
TXN103495,C1871,18014.79,22,1,0,3,13961.35,restaurant,0,0
TXN103496,C1375,1262.95,22,0,0,4,2189.51,online_services,0,0
TXN103497,C1189,1752.34,14,0,0,2,4370.33,jewelry,2,0
TXN103498,C1980,5225.66,3,0,0,1,5338.06,electronics,0,0
TXN103499,C1854,4733.03,11,0,0,2,6061.36,restaurant,0,0
TXN103500,C1434,18333.65,6,0,0,4,8647.41,online_services,0,0
TXN103501,C1233,1529.35,13,0,0,2,1426.94,grocery,2,1
TXN103502,C1779,4562.95,10,0,0,1,5799.87,grocery,1,0
TXN103503,C1477,3866.2,3,0,0,4,4760.2,online_services,0,1
TXN103504,C1139,3081.36,15,0,0,1,2423.03,cash_withdrawal,0,0
TXN103505,C1369,2603.99,22,0,1,4,6370.66,travel,0,0
TXN103506,C1570,1226.91,23,1,0,2,3076.5,grocery,2,0
TXN103507,C1084,3370.39,10,0,0,2,3581.06,restaurant,1,1
TXN103508,C1118,14470.47,12,0,0,4,10698.88,travel,0,0
TXN103509,C1467,8995.07,19,0,0,5,7854.94,jewelry,0,0
TXN103510,C1319,2031.25,21,0,0,1,4053.45,cash_withdrawal,0,0
TXN103511,C1454,4518.28,7,0,0,1,9495.82,online_services,0,0
TXN103512,C1417,1249.42,9,0,0,1,2060.36,cash_withdrawal,0,0
TXN103513,C1438,1075.45,6,0,0,1,2645.99,cash_withdrawal,0,0
TXN103514,C1071,1595.14,15,0,0,1,2211.1,jewelry,0,0
TXN103515,C1376,8220.72,5,0,0,3,4695.02,grocery,0,0
TXN103516,C1690,1717.04,15,0,0,1,1942.73,jewelry,0,0
TXN103517,C1107,988.75,12,0,0,1,1336.2,restaurant,0,0
TXN103518,C1535,19495.49,21,0,0,3,11363.53,jewelry,1,0
TXN103519,C1087,3430.02,3,0,0,2,3666.86,electronics,0,0
TXN103520,C1404,1446.47,12,0,0,1,4004.91,jewelry,1,0
TXN103521,C1604,3243.67,3,0,0,2,4650.46,jewelry,3,0
TXN103522,C1947,6146.18,5,0,0,3,5419.99,grocery,1,0
TXN103523,C1372,4027.69,6,0,0,1,1943.52,travel,0,0
TXN103524,C1205,2567.42,19,0,0,3,2355.88,cash_withdrawal,0,0
TXN103525,C1413,1045.84,3,0,0,1,1298.91,electronics,0,1
TXN103526,C1858,2626.98,13,0,0,2,2010.04,jewelry,0,0
TXN103527,C1511,323.55,8,0,1,2,846.24,cash_withdrawal,0,0
TXN103528,C1730,1278.8,18,0,0,2,1888.09,online_services,0,0
TXN103529,C1279,3325.45,20,0,0,3,4030.04,restaurant,1,0
TXN103530,C1364,1035.93,15,0,0,4,1258.93,jewelry,0,0
TXN103531,C1617,7672.22,12,0,0,2,10085.87,restaurant,2,0
TXN103532,C1523,10755.3,8,1,0,2,8221.86,electronics,0,1
TXN103533,C1786,2102.1,14,0,0,4,3356.25,grocery,0,0
TXN103534,C1125,7213.89,8,0,0,2,5016.74,restaurant,1,1
TXN103535,C1509,5157.02,7,0,0,3,3115.14,jewelry,1,0
TXN103536,C1965,6598.64,4,0,0,2,6617.7,grocery,2,1
TXN103537,C1101,2246.81,23,0,0,2,1725.99,grocery,0,0
TXN103538,C1850,2847.61,2,0,0,1,4180.3,restaurant,2,0
TXN103539,C1694,4077.74,0,0,0,1,6868.93,electronics,0,1
TXN103540,C1391,21952.08,19,0,0,1,13167.1,jewelry,1,0
TXN103541,C1334,4083.6,4,0,0,1,3834.43,travel,0,1
TXN103542,C1636,1041.81,19,1,0,3,1617.32,grocery,1,0
TXN103543,C1778,1138.49,2,0,0,1,2212.49,jewelry,0,0
TXN103544,C1769,2576.61,16,0,0,1,5168.09,cash_withdrawal,0,0
TXN103545,C1504,1914.14,14,0,1,1,1535.02,electronics,0,0
TXN103546,C1300,3688.08,21,0,0,1,2205.1,restaurant,0,0
TXN103547,C1502,6181.69,16,0,0,1,2793.29,travel,0,0
TXN103548,C1555,1509.63,10,0,0,2,1062.37,cash_withdrawal,1,0
TXN103549,C1880,6519.39,17,0,0,1,6197.06,online_services,0,0
TXN103550,C1018,16811.53,1,0,0,1,12988.96,restaurant,0,0
TXN103551,C1901,6529.93,3,0,0,2,8194.87,restaurant,0,0
TXN103552,C1460,6953.61,10,0,0,2,6284.18,cash_withdrawal,0,0
TXN103553,C1385,2578.15,14,1,0,3,3659.5,restaurant,0,0
TXN103554,C1036,669.32,1,0,0,2,1066.64,electronics,0,0
TXN103555,C1570,1590.53,21,0,0,2,1288.08,cash_withdrawal,0,0
TXN103556,C1798,2184.91,9,0,0,1,2783.96,jewelry,0,0
TXN103557,C1168,17283.77,15,0,0,2,11462.39,restaurant,0,0
TXN103558,C1137,6567.1,9,0,0,2,4220.19,jewelry,0,0
TXN103559,C1398,5912.06,15,0,0,4,3358.84,cash_withdrawal,2,0
TXN103560,C1112,5897.0,18,0,0,2,4959.93,jewelry,0,0
TXN103561,C1502,11441.86,21,1,0,3,11918.69,online_services,3,0
TXN103562,C1701,737.02,17,0,0,3,1136.6,online_services,0,0
TXN103563,C1481,339.7,15,0,0,1,653.14,online_services,0,0
TXN103564,C1874,679.57,5,0,0,2,1854.37,online_services,0,0
TXN103565,C1057,4301.08,12,1,0,1,4073.9,travel,0,0
TXN103566,C1506,1395.3,18,0,0,2,1365.82,restaurant,0,0
TXN103567,C1631,991.72,21,0,0,3,1606.12,travel,1,0
TXN103568,C1784,5658.01,9,1,0,4,8337.69,travel,0,0
TXN103569,C1062,6230.91,0,0,0,3,4831.63,online_services,0,0
TXN103570,C1046,5461.03,4,0,0,3,3035.42,cash_withdrawal,0,0
TXN103571,C1375,2302.13,11,0,0,2,1863.47,cash_withdrawal,0,0
TXN103572,C1759,1566.88,18,0,0,1,1736.2,grocery,0,0
TXN103573,C1783,5070.43,20,1,0,2,2868.96,travel,0,0
TXN103574,C1389,4406.82,3,1,0,2,3288.2,restaurant,1,1
TXN103575,C1353,3429.09,11,0,0,4,4759.39,restaurant,0,1
TXN103576,C1359,673.28,1,0,0,1,675.15,jewelry,0,0
TXN103577,C1250,4908.53,7,0,0,4,4775.08,electronics,0,0
TXN103578,C1663,820.0,9,1,0,3,1181.13,online_services,1,0
TXN103579,C1086,14907.39,22,0,0,1,17788.16,grocery,2,1
TXN103580,C1889,1467.6,9,0,0,2,1242.01,grocery,0,0
TXN103581,C1345,3082.13,5,0,0,1,2748.06,grocery,0,0
TXN103582,C1551,2732.38,10,1,0,2,1201.53,grocery,0,0
TXN103583,C1471,3611.48,21,0,0,1,2754.4,cash_withdrawal,0,0
TXN103584,C1432,1285.1,18,0,0,1,2332.19,online_services,2,1
TXN103585,C1923,3231.94,13,0,0,1,2775.17,travel,0,0
TXN103586,C1020,18882.2,22,0,0,4,7437.34,restaurant,0,0
TXN103587,C1602,9761.06,0,0,0,1,10161.7,travel,1,0
TXN103588,C1386,10691.85,18,0,0,1,11567.49,restaurant,0,0
TXN103589,C1330,1065.7,18,1,0,2,2700.7,grocery,0,1
TXN103590,C1827,1990.94,15,0,1,2,2479.62,grocery,0,0
TXN103591,C1707,7460.46,21,0,0,2,6482.17,electronics,0,0
TXN103592,C1344,2065.82,15,1,1,2,2190.66,online_services,0,1
TXN103593,C1830,14460.97,21,0,0,1,11001.42,travel,0,0
TXN103594,C1170,941.23,19,0,0,2,1085.85,travel,0,0
TXN103595,C1372,719.2,13,0,0,1,1061.72,electronics,0,0
TXN103596,C1508,1742.05,20,0,0,2,1410.29,cash_withdrawal,0,0
TXN103597,C1997,666.93,2,0,0,2,1405.55,cash_withdrawal,0,0
TXN103598,C1870,1005.73,17,0,0,1,979.17,electronics,0,1
TXN103599,C1294,1983.27,8,0,0,1,1104.47,grocery,0,0
TXN103600,C1304,7566.48,18,0,0,1,6651.49,restaurant,0,0
TXN103601,C1823,3171.78,7,0,0,3,2063.99,online_services,0,0
TXN103602,C1760,3070.03,2,0,0,2,2146.47,jewelry,0,0
TXN103603,C1864,1574.78,18,0,0,3,1684.8,grocery,0,0
TXN103604,C1606,10615.49,10,0,0,2,13455.12,travel,1,0
TXN103605,C1068,2995.05,18,1,0,2,2971.12,cash_withdrawal,0,0
TXN103606,C1543,5411.12,15,1,0,2,3318.96,restaurant,0,0
TXN103607,C1214,3071.82,11,0,0,3,4713.89,cash_withdrawal,0,0
TXN103608,C1078,4814.44,20,0,0,1,4192.59,cash_withdrawal,0,0
TXN103609,C1309,5577.82,16,0,0,1,4373.97,cash_withdrawal,1,0
TXN103610,C1307,2640.98,13,0,0,1,5002.39,jewelry,0,0
TXN103611,C1552,3744.38,10,0,0,1,6503.58,electronics,0,0
TXN103612,C1424,2130.48,12,0,0,1,2581.39,travel,0,0
TXN103613,C1639,940.8,16,0,0,1,1533.11,restaurant,0,0
TXN103614,C1687,1480.28,17,0,0,2,1329.19,electronics,0,0
TXN103615,C1902,3579.32,0,0,0,2,4008.48,jewelry,1,0
TXN103616,C1720,1274.17,16,0,0,3,376.71,cash_withdrawal,0,0
TXN103617,C1191,6258.71,18,0,0,1,4151.66,restaurant,0,0
TXN103618,C1218,2264.12,21,0,0,4,3209.89,cash_withdrawal,0,0
TXN103619,C1760,869.14,14,0,0,3,859.16,travel,1,0
TXN103620,C1959,1620.23,20,0,0,1,3295.76,online_services,0,0
TXN103621,C1828,1762.94,19,0,0,1,2230.61,cash_withdrawal,0,0
TXN103622,C1787,1648.83,13,0,0,1,2849.58,online_services,0,0
TXN103623,C1744,3354.18,20,0,0,1,2872.19,grocery,0,0
TXN103624,C1534,19363.18,6,1,0,4,8580.35,travel,0,0
TXN103625,C1473,5361.53,4,1,0,2,6263.05,electronics,0,1
TXN103626,C1154,4070.06,23,0,0,2,1998.29,jewelry,0,0
TXN103627,C1783,1803.3,9,0,0,1,2187.25,cash_withdrawal,0,0
TXN103628,C1445,6970.96,13,0,1,1,3894.47,travel,0,1
TXN103629,C1880,9492.77,2,0,0,1,6412.96,jewelry,3,1
TXN103630,C1208,801.56,13,0,0,4,1248.36,travel,1,0
TXN103631,C1843,606.24,9,0,0,3,696.05,jewelry,1,1
TXN103632,C1164,4917.59,8,0,0,1,4533.45,jewelry,2,0
TXN103633,C1615,9957.11,7,0,0,1,7830.76,restaurant,0,0
TXN103634,C1244,2358.49,3,0,0,6,3659.7,electronics,0,0
TXN103635,C1196,2029.15,0,0,0,4,1689.06,electronics,0,0
TXN103636,C1816,3820.27,9,0,0,3,2395.0,restaurant,0,0
TXN103637,C1497,1479.17,17,0,0,1,1489.83,restaurant,0,0
TXN103638,C1432,6886.04,20,0,0,1,5555.29,grocery,0,0
TXN103639,C1206,5343.64,5,0,1,2,3214.61,travel,1,0
TXN103640,C1139,3055.16,0,0,0,2,4421.83,travel,1,1
TXN103641,C1808,16982.48,8,0,0,1,10848.02,jewelry,0,0
TXN103642,C1563,9424.63,5,1,0,1,4724.1,jewelry,0,0
TXN103643,C1872,5945.39,1,0,0,2,3046.04,jewelry,0,0
TXN103644,C1497,3153.3,0,0,0,1,3987.82,grocery,0,0
TXN103645,C1880,788.69,2,0,0,1,1296.85,travel,0,0
TXN103646,C1616,6874.88,9,0,0,2,8914.37,cash_withdrawal,0,0
TXN103647,C1065,8257.18,13,0,0,1,5566.22,travel,0,0
TXN103648,C1687,3093.46,21,0,0,1,1562.1,grocery,0,0
TXN103649,C1406,2149.54,23,0,0,1,1848.95,cash_withdrawal,1,0
TXN103650,C1143,4915.91,7,0,0,1,4904.9,grocery,0,0
TXN103651,C1584,577.73,23,1,0,3,605.22,online_services,0,1
TXN103652,C1955,2655.97,3,0,0,5,8378.9,online_services,1,0
TXN103653,C1680,2042.85,18,0,0,1,1789.54,cash_withdrawal,0,0
TXN103654,C1953,1179.36,16,0,0,3,2183.75,travel,1,0
TXN103655,C1508,3376.7,2,0,0,1,2445.41,electronics,0,0
TXN103656,C1614,2305.52,3,0,0,1,2955.05,cash_withdrawal,0,0
TXN103657,C1826,1360.96,10,1,0,1,2976.08,travel,0,0
TXN103658,C1852,1146.39,18,1,0,2,3107.66,jewelry,3,1
TXN103659,C1399,5577.67,23,0,0,1,6637.83,jewelry,0,0
TXN103660,C1241,1420.77,13,1,0,6,1742.5,electronics,0,0
TXN103661,C1147,4732.79,3,0,0,3,4926.51,electronics,0,1
TXN103662,C1219,8007.41,8,0,0,1,6695.53,restaurant,0,0
TXN103663,C1418,1529.05,8,0,0,4,2325.46,cash_withdrawal,0,0
TXN103664,C1603,1877.13,1,0,0,2,2442.11,restaurant,1,1
TXN103665,C1546,3794.83,11,0,0,1,2408.81,jewelry,1,1
TXN103666,C1971,6424.0,3,0,0,2,4479.06,travel,0,0
TXN103667,C1558,4164.21,13,0,0,1,4685.91,restaurant,0,0
TXN103668,C1699,3217.94,7,1,0,3,1637.43,travel,1,0
TXN103669,C1900,1488.31,4,0,0,3,1556.62,travel,1,0
TXN103670,C1486,3724.37,22,0,0,1,3735.65,travel,0,0
TXN103671,C1841,1409.5,9,0,0,4,2897.01,grocery,0,1
TXN103672,C1660,3083.66,19,0,0,4,2233.16,grocery,0,0
TXN103673,C1861,9454.78,23,0,0,3,4958.09,jewelry,0,0
TXN103674,C1818,3829.62,1,0,0,9,5275.64,jewelry,0,0
TXN103675,C1939,9106.23,21,0,0,2,6723.35,electronics,0,0
TXN103676,C1259,1330.74,17,0,0,2,2287.77,restaurant,0,0
TXN103677,C1316,771.04,20,0,0,4,1380.92,jewelry,0,0
TXN103678,C1371,2846.44,21,0,0,3,3575.09,grocery,0,1
TXN103679,C1547,1137.85,7,0,0,1,1270.48,cash_withdrawal,0,0
TXN103680,C1453,1972.49,12,0,0,1,1703.91,grocery,0,0
TXN103681,C1931,2272.62,12,0,0,1,3225.4,travel,0,0
TXN103682,C1308,2841.56,2,0,0,2,4176.52,cash_withdrawal,0,0
TXN103683,C1774,4248.29,7,1,0,1,4519.1,travel,0,0
TXN103684,C1215,2716.05,5,0,0,3,3538.59,restaurant,2,0
TXN103685,C1646,2431.06,10,0,0,3,4590.98,cash_withdrawal,0,0
TXN103686,C1785,864.09,20,0,0,2,1914.62,restaurant,0,0
TXN103687,C1808,4917.36,1,0,0,4,3441.91,travel,0,0
TXN103688,C1887,2998.64,2,0,0,4,3024.78,cash_withdrawal,1,0
TXN103689,C1798,1646.91,15,0,0,1,1971.66,restaurant,0,0
TXN103690,C1754,1862.09,13,0,0,2,1887.46,cash_withdrawal,1,0
TXN103691,C1340,18422.88,22,0,0,3,10948.82,restaurant,0,1
TXN103692,C1897,2514.7,3,0,0,2,1275.56,cash_withdrawal,0,1
TXN103693,C1164,10264.99,22,0,0,3,5546.77,travel,1,0
TXN103694,C1518,5117.33,2,0,0,1,3031.02,travel,0,1
TXN103695,C1430,1069.67,19,0,0,3,1778.57,jewelry,0,0
TXN103696,C1832,5338.16,17,0,0,1,6907.52,jewelry,0,0
TXN103697,C1334,1731.62,14,0,0,1,1201.43,jewelry,0,0
TXN103698,C1028,17103.52,1,0,0,2,10472.26,jewelry,0,0
TXN103699,C1656,8929.22,5,0,0,1,9274.15,jewelry,0,0
TXN103700,C1454,8994.84,20,0,0,4,8954.64,electronics,2,0
TXN103701,C1003,10271.43,12,0,0,2,7704.85,electronics,0,0
TXN103702,C1643,6402.23,9,0,0,2,3900.91,travel,0,0
TXN103703,C1589,27950.2,2,0,0,1,22739.42,grocery,0,0
TXN103704,C1161,13275.28,7,0,0,2,6967.04,online_services,0,0
TXN103705,C1730,1549.01,20,1,0,3,1648.28,cash_withdrawal,0,0
TXN103706,C1133,5508.97,19,1,0,1,5228.16,jewelry,0,1
TXN103707,C1420,1904.18,10,0,0,1,1444.66,restaurant,0,0
TXN103708,C1489,5790.42,23,1,0,1,5662.36,electronics,1,0
TXN103709,C1266,2258.68,5,0,0,1,2062.65,jewelry,0,0
TXN103710,C1607,3565.21,10,0,0,1,2036.25,cash_withdrawal,0,0
TXN103711,C1288,3781.83,6,1,0,1,7756.12,grocery,0,1
TXN103712,C1424,7983.85,11,0,0,1,5903.84,electronics,1,0
TXN103713,C1402,9632.24,12,0,0,1,3551.95,cash_withdrawal,3,0
TXN103714,C1905,2317.1,18,0,0,1,2710.54,electronics,0,0
TXN103715,C1021,2966.4,0,0,0,1,4566.46,online_services,0,1
TXN103716,C1662,2553.73,19,0,0,3,2242.41,jewelry,0,0
TXN103717,C1234,3094.15,2,0,0,2,3210.5,restaurant,2,0
TXN103718,C1203,3344.16,8,0,0,2,3353.83,jewelry,3,0
TXN103719,C1872,2806.77,5,0,0,3,2980.41,grocery,0,0
TXN103720,C1410,3366.07,19,0,0,1,4302.17,restaurant,1,0
TXN103721,C1614,1547.99,8,0,0,3,2795.12,electronics,0,0
TXN103722,C1091,1392.81,11,0,0,2,1038.65,electronics,1,0
TXN103723,C1969,7903.74,18,1,0,1,2910.07,grocery,0,0
TXN103724,C1014,4129.34,22,0,0,5,4288.86,online_services,0,1
TXN103725,C1445,985.22,14,0,0,2,906.83,cash_withdrawal,0,0
TXN103726,C1689,2417.58,15,0,0,1,3879.39,grocery,0,0
TXN103727,C1229,5410.0,22,0,0,2,4457.05,electronics,0,0
TXN103728,C1195,2776.12,8,0,0,1,1962.12,travel,0,0
TXN103729,C1764,10692.47,15,0,0,1,8357.43,restaurant,0,0
TXN103730,C1133,2426.59,13,0,0,3,2215.1,cash_withdrawal,0,0
TXN103731,C1211,1535.21,19,0,0,1,1863.55,electronics,0,0
TXN103732,C1843,2759.9,9,0,0,4,3272.24,jewelry,1,0
TXN103733,C1693,6060.68,6,0,0,4,6672.27,restaurant,2,0
TXN103734,C1184,1069.06,13,0,0,1,1835.65,cash_withdrawal,0,0
TXN103735,C1149,1668.46,0,0,0,4,2120.07,travel,0,0
TXN103736,C1999,25147.36,8,0,0,1,14439.97,electronics,0,0
TXN103737,C1632,3994.58,14,0,0,1,4307.61,electronics,0,0
TXN103738,C1378,1693.77,18,1,0,2,2753.15,jewelry,0,0
TXN103739,C1662,4279.57,14,0,0,2,3669.19,grocery,0,0
TXN103740,C1010,1421.11,15,0,0,2,2330.68,electronics,2,0
TXN103741,C1892,11176.12,10,1,0,1,6485.95,jewelry,0,0
TXN103742,C1407,2987.77,21,0,0,1,2091.12,electronics,2,1
TXN103743,C1730,973.6,12,1,0,3,1404.27,jewelry,0,1
TXN103744,C1433,2628.05,23,0,0,1,2887.39,online_services,0,0
TXN103745,C1262,3875.83,2,0,0,2,5101.89,grocery,1,0
TXN103746,C1570,14064.97,1,0,0,1,8440.29,grocery,0,0
TXN103747,C1340,4925.61,7,0,0,3,1273.14,restaurant,0,1
TXN103748,C1930,899.42,11,0,0,2,1292.19,online_services,1,0
TXN103749,C1961,6773.54,21,0,0,1,13148.99,cash_withdrawal,0,0
TXN103750,C1612,6335.26,22,0,0,2,3435.22,jewelry,0,0
TXN103751,C1829,660.55,1,0,0,2,1586.24,grocery,0,1
TXN103752,C1259,1845.1,16,0,0,1,2295.59,online_services,0,0
TXN103753,C1390,1773.86,9,0,0,1,2085.84,restaurant,0,0
TXN103754,C1687,1240.82,11,0,0,1,1144.18,electronics,1,0
TXN103755,C1991,2239.47,17,0,0,2,2330.56,grocery,1,0
TXN103756,C1594,4928.76,5,0,0,4,2679.51,travel,1,0
TXN103757,C1173,1082.88,16,0,0,3,1078.65,restaurant,0,0
TXN103758,C1952,8402.93,10,0,0,2,3758.57,restaurant,0,0
TXN103759,C1135,2819.06,2,0,0,3,1805.94,travel,2,0
TXN103760,C1727,2678.26,16,0,0,3,2544.19,restaurant,0,0
TXN103761,C1145,5438.03,8,0,0,2,3523.38,grocery,1,0
TXN103762,C1320,7822.9,1,1,0,2,6290.44,electronics,0,0
TXN103763,C1511,2182.56,8,0,0,1,3324.18,jewelry,0,0
TXN103764,C1369,7466.04,13,0,0,3,5816.82,travel,0,0
TXN103765,C1924,922.11,8,0,0,3,1604.28,online_services,2,0
TXN103766,C1849,8544.76,8,0,0,1,4246.56,online_services,0,0
TXN103767,C1320,974.75,13,0,0,8,1638.77,electronics,0,0
TXN103768,C1323,7956.4,23,0,0,1,4518.2,restaurant,1,1
TXN103769,C1782,687.8,4,0,0,4,1538.4,online_services,0,0
TXN103770,C1873,8882.15,21,0,0,3,9453.59,jewelry,0,0
TXN103771,C1817,2338.71,14,0,0,1,3762.0,grocery,0,0
TXN103772,C1193,1317.45,4,0,0,2,1745.42,grocery,0,0
TXN103773,C1235,2622.93,5,0,0,1,2782.51,grocery,0,0
TXN103774,C1481,2813.45,8,0,0,1,3113.04,electronics,0,0
TXN103775,C1722,1177.26,14,0,0,2,1032.13,restaurant,0,0
TXN103776,C1118,2016.51,15,0,0,1,1419.66,grocery,0,0
TXN103777,C1452,2116.21,11,1,0,1,3322.08,jewelry,0,0
TXN103778,C1574,4897.29,15,0,0,1,5692.76,restaurant,0,0
TXN103779,C1504,6045.35,3,0,0,2,3267.85,cash_withdrawal,0,1
TXN103780,C1737,349.02,4,1,0,3,518.28,grocery,0,1
TXN103781,C1357,2356.58,2,1,1,1,4391.44,electronics,0,1
TXN103782,C1889,8397.2,9,0,0,2,7803.55,electronics,0,0
TXN103783,C1854,3095.0,5,1,0,1,2454.13,jewelry,0,0
TXN103784,C1520,1261.86,8,0,0,2,1603.41,online_services,0,1
TXN103785,C1912,8059.65,21,0,0,3,3327.79,online_services,0,0
TXN103786,C1217,850.39,18,0,0,4,768.79,grocery,0,0
TXN103787,C1538,4249.7,18,0,0,3,2043.46,electronics,0,1
TXN103788,C1426,738.17,2,0,0,1,1125.96,electronics,0,0
TXN103789,C1786,463.31,15,0,0,1,823.7,jewelry,1,0
TXN103790,C1096,1892.22,10,0,0,1,2138.51,grocery,0,0
TXN103791,C1291,6381.05,21,0,0,1,5257.57,jewelry,2,0
TXN103792,C1124,408.55,12,0,0,3,605.48,travel,0,0
TXN103793,C1604,1381.54,3,0,0,3,1757.03,cash_withdrawal,0,0
TXN103794,C1331,1679.13,4,1,0,2,1166.98,grocery,0,1
TXN103795,C1083,1949.41,14,1,0,2,1528.39,cash_withdrawal,0,1
TXN103796,C1724,3494.82,21,0,0,2,2273.85,restaurant,0,0
TXN103797,C1464,1134.02,20,1,0,2,1246.22,travel,0,0
TXN103798,C1608,1056.58,21,0,0,4,1013.59,grocery,0,0
TXN103799,C1337,493.63,1,0,0,3,516.4,jewelry,0,0
TXN103800,C1637,4984.81,14,0,0,6,3274.31,travel,1,0
TXN103801,C1970,4455.73,23,0,0,1,10373.07,jewelry,0,0
TXN103802,C1928,5151.65,18,0,1,2,7217.97,electronics,0,0
TXN103803,C1216,1949.55,1,0,0,4,2629.27,cash_withdrawal,0,0
TXN103804,C1659,2392.65,9,0,0,3,2286.2,travel,2,1
TXN103805,C1817,10184.59,1,0,0,2,9129.31,jewelry,0,1
TXN103806,C1072,14052.82,17,0,0,1,10843.42,online_services,0,0
TXN103807,C1390,6370.42,2,1,0,3,3671.21,restaurant,0,0
TXN103808,C1261,3678.53,5,0,0,1,1735.84,electronics,0,0
TXN103809,C1988,10603.98,12,0,0,3,9024.23,grocery,0,0
TXN103810,C1021,3868.69,6,0,0,1,2866.08,electronics,0,0
TXN103811,C1397,1672.24,12,0,0,2,1540.15,travel,0,0
TXN103812,C1662,3210.26,20,0,0,1,2672.93,electronics,2,0
TXN103813,C1123,1634.55,9,0,0,1,2501.44,restaurant,0,0
TXN103814,C1820,4784.65,13,0,0,1,4329.76,jewelry,0,0
TXN103815,C1825,3075.32,9,0,0,1,3356.53,jewelry,3,0
TXN103816,C1617,3501.53,4,0,0,2,2954.37,travel,0,0
TXN103817,C1681,2767.03,3,0,0,1,5082.34,cash_withdrawal,0,0
TXN103818,C1376,3210.73,16,0,0,1,4849.1,electronics,0,0
TXN103819,C1501,8212.92,14,0,0,2,5523.06,restaurant,0,0
TXN103820,C1487,2178.19,8,0,0,2,1473.67,online_services,0,0
TXN103821,C1614,3388.68,13,0,0,3,3436.99,grocery,0,0
TXN103822,C1774,6099.33,13,0,0,1,7011.33,cash_withdrawal,0,0
TXN103823,C1377,1308.88,19,0,1,3,3110.2,electronics,0,0
TXN103824,C1444,5290.99,20,0,0,1,2204.89,restaurant,2,0
TXN103825,C1095,6221.34,1,0,0,1,8801.66,online_services,0,0
TXN103826,C1349,1364.04,14,1,0,3,1606.18,jewelry,0,1
TXN103827,C1229,3103.32,20,0,0,2,1378.27,jewelry,0,0
TXN103828,C1730,1084.16,4,0,0,2,1244.32,restaurant,0,0
TXN103829,C1539,8967.76,20,0,0,2,6060.88,jewelry,0,0
TXN103830,C1537,1138.23,2,0,0,3,1691.96,travel,1,0
TXN103831,C1479,3923.31,13,0,0,3,6161.03,grocery,0,0
TXN103832,C1928,10095.43,15,0,0,3,7545.35,travel,0,0
TXN103833,C1152,570.74,4,0,1,2,872.76,jewelry,0,0
TXN103834,C1924,1342.86,9,0,0,2,2101.58,cash_withdrawal,0,0
TXN103835,C1254,3521.15,16,0,0,1,2683.73,restaurant,2,0
TXN103836,C1302,2507.96,18,0,0,3,4681.44,grocery,0,0
TXN103837,C1564,9229.16,2,0,0,1,9077.44,grocery,0,0
TXN103838,C1525,7074.29,3,0,0,3,4994.89,online_services,0,1
TXN103839,C1435,1602.65,13,0,0,3,3405.35,grocery,0,0
TXN103840,C1475,1364.89,21,0,0,1,2254.95,jewelry,1,1
TXN103841,C1582,5434.38,8,0,0,2,2508.41,travel,0,0
TXN103842,C1260,4170.64,18,0,0,3,4393.28,grocery,2,0
TXN103843,C1787,645.35,16,0,0,3,821.16,grocery,1,0
TXN103844,C1116,3342.46,23,0,0,3,2870.22,jewelry,0,1
TXN103845,C1473,2519.63,5,0,0,4,1507.39,cash_withdrawal,1,0
TXN103846,C1186,4781.97,12,0,0,1,2503.78,grocery,0,0
TXN103847,C1085,6557.48,13,0,0,2,5723.35,jewelry,1,0
TXN103848,C1304,2128.99,10,0,0,3,2127.41,online_services,0,0
TXN103849,C1741,2137.26,14,0,0,2,2077.04,cash_withdrawal,0,0
TXN103850,C1686,1309.65,14,1,0,1,1073.3,online_services,1,0
TXN103851,C1827,1732.3,8,0,0,1,1150.89,travel,0,0
TXN103852,C1989,2395.62,5,0,0,3,1534.09,electronics,0,0
TXN103853,C1189,1984.98,2,0,0,1,2418.31,jewelry,0,0
TXN103854,C1618,1620.5,8,0,0,2,2090.43,cash_withdrawal,0,0
TXN103855,C1689,1999.93,3,0,0,2,1121.07,restaurant,0,0
TXN103856,C1547,9170.43,0,0,1,1,7256.83,grocery,0,0
TXN103857,C1404,2776.57,3,0,0,4,1923.32,grocery,0,0
TXN103858,C1175,1439.88,20,0,0,1,1888.24,restaurant,0,0
TXN103859,C1471,2979.98,22,0,0,2,2343.69,restaurant,0,0
TXN103860,C1889,2307.66,21,0,0,1,2531.28,jewelry,0,0
TXN103861,C1616,3628.31,23,0,0,3,2478.06,restaurant,0,0
TXN103862,C1310,18059.16,19,0,0,1,16279.49,cash_withdrawal,1,0
TXN103863,C1997,2314.32,19,0,0,3,1814.28,travel,0,0
TXN103864,C1707,6423.86,21,0,0,1,2716.49,jewelry,0,0
TXN103865,C1691,3591.3,12,0,0,2,5970.95,cash_withdrawal,0,0
TXN103866,C1309,9857.35,2,0,0,1,5664.63,electronics,0,0
TXN103867,C1138,1841.68,0,0,0,7,1346.17,electronics,1,0
TXN103868,C1114,2440.54,0,0,0,5,3017.82,jewelry,0,0
TXN103869,C1993,5648.48,6,0,0,1,1931.5,cash_withdrawal,1,0
TXN103870,C1027,1510.35,6,0,0,1,1685.06,restaurant,0,0
TXN103871,C1664,3003.19,4,0,0,1,2564.12,jewelry,0,0
TXN103872,C1247,4977.27,13,1,0,2,11328.59,cash_withdrawal,0,1
TXN103873,C1641,2892.43,17,0,0,4,3006.36,electronics,1,0
TXN103874,C1088,3222.45,9,1,0,2,3772.76,cash_withdrawal,0,0
TXN103875,C1474,4542.52,4,0,0,1,3381.44,restaurant,0,0
TXN103876,C1432,3813.13,0,0,0,4,3052.87,grocery,0,0
TXN103877,C1170,4059.0,4,0,0,3,4720.25,jewelry,0,0
TXN103878,C1719,3752.87,14,0,0,1,3918.41,restaurant,0,0
TXN103879,C1482,2151.53,0,0,0,2,3215.48,cash_withdrawal,0,0
TXN103880,C1460,1805.71,18,0,0,2,1477.42,electronics,0,0
TXN103881,C1206,4796.2,9,0,0,1,3760.91,online_services,1,0
TXN103882,C1849,3182.76,12,1,0,1,3159.89,grocery,0,1
TXN103883,C1341,2266.5,0,0,0,2,3273.89,grocery,0,0
TXN103884,C1645,4084.98,22,0,0,1,4813.93,restaurant,0,1
TXN103885,C1425,2640.77,15,0,0,2,2797.59,jewelry,0,0
TXN103886,C1592,671.58,19,0,0,1,575.41,jewelry,0,0
TXN103887,C1567,6347.0,9,0,0,3,5655.94,grocery,0,0
TXN103888,C1499,1493.28,12,1,0,1,1690.0,restaurant,1,0
TXN103889,C1525,8196.6,18,0,0,1,4967.23,jewelry,2,1
TXN103890,C1626,2891.27,21,0,0,1,2516.39,cash_withdrawal,0,0
TXN103891,C1888,3946.25,15,0,0,3,3433.47,electronics,1,0
TXN103892,C1731,11964.91,1,0,0,1,9230.25,online_services,0,0
TXN103893,C1019,3633.06,13,0,0,2,5605.38,online_services,1,0
TXN103894,C1323,808.2,17,0,0,2,1396.75,grocery,0,0
TXN103895,C1274,2158.69,20,0,0,3,3262.44,restaurant,1,1
TXN103896,C1910,3010.46,15,1,0,1,1994.57,grocery,0,1
TXN103897,C1506,1788.69,19,0,0,1,2106.43,jewelry,0,0
TXN103898,C1355,5522.55,14,0,0,5,4698.17,jewelry,0,0
TXN103899,C1446,5254.09,0,0,0,1,3210.03,electronics,0,0
TXN103900,C1294,4740.02,23,1,0,4,3081.32,electronics,1,0
TXN103901,C1480,5619.15,11,0,0,1,9749.01,restaurant,0,0
TXN103902,C1237,6564.84,16,0,0,4,7584.2,electronics,0,0
TXN103903,C1601,9121.26,21,0,0,4,9091.41,travel,0,1
TXN103904,C1943,4546.6,19,0,0,1,6376.12,cash_withdrawal,0,0
TXN103905,C1862,650.4,22,0,0,3,1156.16,jewelry,0,0
TXN103906,C1479,713.32,4,0,0,2,1300.68,travel,2,1
TXN103907,C1740,3706.3,22,0,0,1,4878.19,restaurant,0,0
TXN103908,C1982,1188.14,13,0,0,2,2426.27,cash_withdrawal,1,0
TXN103909,C1963,5822.53,21,0,0,3,3926.5,jewelry,1,1
TXN103910,C1752,3637.72,11,0,1,2,4033.75,cash_withdrawal,0,0
TXN103911,C1483,3390.57,5,0,0,4,3178.0,online_services,0,0
TXN103912,C1212,249.78,9,0,0,1,346.23,jewelry,0,0
TXN103913,C1767,2511.16,2,0,0,1,2708.44,jewelry,1,1
TXN103914,C1494,669.58,4,1,0,4,1201.72,electronics,0,1
TXN103915,C1204,6671.46,5,0,0,1,5536.89,online_services,0,0
TXN103916,C1503,5377.87,3,0,0,3,3662.23,cash_withdrawal,0,0
TXN103917,C1425,1460.11,15,0,0,4,1340.66,travel,1,0
TXN103918,C1240,3253.32,6,0,0,4,4579.96,online_services,0,0
TXN103919,C1048,9928.21,0,0,0,3,4666.34,travel,0,0
TXN103920,C1902,2117.77,8,0,0,1,2482.95,travel,3,0
TXN103921,C1693,4926.98,5,0,0,4,4479.23,electronics,1,1
TXN103922,C1847,6099.55,16,0,0,1,3706.45,grocery,1,0
TXN103923,C1826,4629.97,2,0,0,1,5689.3,travel,2,0
TXN103924,C1440,2700.73,3,0,0,3,3679.98,online_services,0,0
TXN103925,C1232,1010.61,3,0,0,3,2207.05,online_services,0,1
TXN103926,C1229,941.31,15,0,0,1,1181.27,travel,0,0
TXN103927,C1348,529.63,11,1,0,2,484.22,cash_withdrawal,0,0
TXN103928,C1047,2638.41,17,1,0,1,3144.37,travel,0,0
TXN103929,C1917,1217.31,4,1,0,2,1380.72,cash_withdrawal,2,0
TXN103930,C1706,4336.16,16,0,0,2,2982.19,online_services,0,0
TXN103931,C1685,24258.01,3,0,0,2,21938.21,jewelry,0,0
TXN103932,C1051,8617.92,14,0,0,2,3635.91,cash_withdrawal,0,0
TXN103933,C1468,3810.63,3,0,0,1,3509.02,grocery,2,1
TXN103934,C1800,961.6,19,0,0,1,681.07,online_services,0,0
TXN103935,C1800,2937.81,3,1,1,5,1946.02,cash_withdrawal,0,1
TXN103936,C1575,9934.37,1,0,0,2,7026.18,online_services,1,0
TXN103937,C1107,3386.69,5,0,0,2,3305.32,jewelry,0,0
TXN103938,C1120,323.49,6,0,0,1,270.62,travel,1,0
TXN103939,C1160,2216.16,23,0,0,3,2685.94,travel,0,0
TXN103940,C1725,12984.13,14,0,0,2,12341.07,cash_withdrawal,0,0
TXN103941,C1518,1871.36,15,0,0,1,1803.98,jewelry,1,0
TXN103942,C1891,2409.54,3,0,0,3,3414.06,electronics,0,0
TXN103943,C1662,9231.11,11,0,0,1,4516.75,travel,0,0
TXN103944,C1838,1955.44,4,0,0,2,2693.54,grocery,1,1
TXN103945,C1868,3869.15,6,0,0,3,3177.74,restaurant,1,0
TXN103946,C1992,2843.3,13,0,0,4,2644.88,cash_withdrawal,0,0
TXN103947,C1787,4395.19,0,0,0,4,3906.69,electronics,0,0
TXN103948,C1854,12922.91,15,0,0,2,12037.36,travel,1,0
TXN103949,C1293,1556.65,16,0,0,2,2282.37,electronics,0,0
TXN103950,C1087,1443.78,8,0,0,2,1064.42,travel,1,0
TXN103951,C1732,1090.52,13,0,0,3,1325.52,travel,1,0
TXN103952,C1644,925.1,21,0,0,3,1078.31,electronics,0,0
TXN103953,C1155,4279.94,16,0,0,1,3060.51,restaurant,0,0
TXN103954,C1806,3406.94,7,0,0,1,3542.26,electronics,2,0
TXN103955,C1821,12582.27,13,1,0,1,8183.37,restaurant,0,0
TXN103956,C1940,10025.21,13,0,1,2,7053.34,restaurant,2,0
TXN103957,C1974,4920.45,16,1,0,2,4717.35,cash_withdrawal,0,0
TXN103958,C1698,13264.3,11,0,0,4,9707.08,grocery,1,1
TXN103959,C1453,2473.06,4,0,0,4,3024.86,cash_withdrawal,0,1
TXN103960,C1010,1462.84,22,0,0,1,3533.9,cash_withdrawal,0,0
TXN103961,C1529,351.79,2,0,0,1,460.0,grocery,1,0
TXN103962,C1346,1546.18,10,1,0,1,2761.41,restaurant,0,0
TXN103963,C1790,1966.73,5,0,1,4,2514.55,restaurant,2,0
TXN103964,C1062,2730.53,12,0,0,1,1923.88,cash_withdrawal,0,0
TXN103965,C1037,2002.66,21,0,0,2,2361.73,jewelry,0,0
TXN103966,C1154,2693.81,18,0,1,1,4146.82,grocery,1,0
TXN103967,C1646,631.77,22,0,0,2,919.72,cash_withdrawal,1,0
TXN103968,C1676,6214.42,16,0,0,1,2663.66,travel,0,0
TXN103969,C1429,3133.79,12,0,0,4,7207.49,jewelry,0,0
TXN103970,C1717,1348.46,17,0,1,2,1577.53,cash_withdrawal,0,0
TXN103971,C1311,7440.91,23,1,0,2,4971.23,jewelry,0,0
TXN103972,C1321,2508.51,11,0,0,1,2547.62,grocery,0,0
TXN103973,C1846,2918.48,8,0,0,1,2901.65,online_services,0,0
TXN103974,C1625,4138.0,4,0,0,1,4740.64,jewelry,3,1
TXN103975,C1413,2179.46,14,0,0,2,2018.58,jewelry,1,0
TXN103976,C1210,9715.47,17,0,0,1,8110.0,online_services,0,0
TXN103977,C1807,700.3,19,0,0,1,1338.21,jewelry,1,0
TXN103978,C1452,4764.58,22,0,0,3,3196.33,travel,0,0
TXN103979,C1908,548.58,20,0,0,1,1826.13,restaurant,0,0
TXN103980,C1794,1704.7,6,0,0,2,2356.06,travel,2,0
TXN103981,C1086,14473.3,1,0,0,3,5245.25,online_services,0,0
TXN103982,C1342,1951.66,12,0,0,3,2048.38,jewelry,0,0
TXN103983,C1736,1715.28,23,0,0,3,2661.71,electronics,1,1
TXN103984,C1532,4211.45,17,0,0,2,2859.0,travel,0,0
TXN103985,C1218,6927.54,2,0,0,2,6245.09,online_services,0,0
TXN103986,C1565,11080.55,9,0,0,3,16509.8,online_services,1,1
TXN103987,C1348,3046.26,20,0,1,2,6126.55,electronics,0,0
TXN103988,C1023,7203.08,0,0,0,3,4886.33,cash_withdrawal,0,0
TXN103989,C1552,1777.97,18,0,0,1,2719.84,travel,0,0
TXN103990,C1247,2540.88,9,0,0,2,2262.37,jewelry,0,0
TXN103991,C1432,1170.81,16,0,0,3,2177.9,grocery,0,0
TXN103992,C1749,2829.42,1,0,0,1,3319.33,cash_withdrawal,0,0
TXN103993,C1381,435.38,8,0,0,2,603.37,jewelry,0,0
TXN103994,C1519,8390.23,11,0,0,4,6005.22,grocery,1,1
TXN103995,C1048,2064.99,20,0,0,5,2742.52,grocery,0,0
TXN103996,C1459,1137.25,9,1,0,1,2351.0,online_services,0,0
TXN103997,C1754,3530.22,0,0,0,1,5990.06,restaurant,0,0
TXN103998,C1347,2854.19,7,0,0,5,4831.41,cash_withdrawal,2,1
TXN103999,C1763,4476.83,18,0,0,3,3992.47,online_services,0,1
TXN104000,C1731,6901.33,20,0,0,1,4821.36,jewelry,0,0
TXN104001,C1546,2819.94,19,0,0,1,1959.83,electronics,0,0
TXN104002,C1358,3329.13,9,0,0,3,2469.03,travel,0,0
TXN104003,C1682,382.41,22,0,0,3,661.34,online_services,2,0
TXN104004,C1688,5898.82,4,0,0,1,6290.56,jewelry,1,0
TXN104005,C1386,14359.4,16,0,0,1,12029.14,jewelry,0,0
TXN104006,C1253,4391.02,3,0,0,2,2934.07,travel,1,0
TXN104007,C1528,9643.4,18,0,0,1,7951.07,electronics,0,0
TXN104008,C1842,1835.68,11,0,0,3,1641.5,restaurant,0,0
TXN104009,C1100,3459.28,4,0,0,1,1790.01,jewelry,2,0
TXN104010,C1435,1546.01,13,0,0,3,2575.63,grocery,0,0
TXN104011,C1094,3367.85,1,0,0,4,2956.01,restaurant,0,1
TXN104012,C1909,4156.5,4,0,0,4,5129.03,restaurant,2,0
TXN104013,C1219,2851.32,14,0,0,2,2298.52,grocery,0,0
TXN104014,C1378,2086.4,21,0,0,1,3923.79,online_services,0,0
TXN104015,C1412,7282.21,18,0,1,4,5276.63,online_services,0,0
TXN104016,C1531,2836.15,12,0,0,5,3187.41,cash_withdrawal,2,0
TXN104017,C1270,4899.3,18,0,0,1,6807.87,restaurant,0,0
TXN104018,C1651,6456.41,13,0,0,2,4047.19,restaurant,0,0
TXN104019,C1705,3385.95,15,0,0,4,2147.01,jewelry,0,0
TXN104020,C1996,222.77,13,0,0,2,251.4,cash_withdrawal,0,0
TXN104021,C1166,2013.32,4,0,0,3,2741.07,online_services,0,0
TXN104022,C1130,3532.13,15,0,0,8,4262.84,jewelry,0,0
TXN104023,C1468,1241.74,4,0,1,2,1019.77,jewelry,0,0
TXN104024,C1525,11951.17,16,0,0,1,3762.34,grocery,2,0
TXN104025,C1711,6957.16,6,0,0,3,8895.57,restaurant,0,0
TXN104026,C1484,3380.46,1,0,0,1,3708.53,jewelry,0,0
TXN104027,C1160,6663.26,17,0,0,1,5214.05,travel,0,0
TXN104028,C1943,2422.36,3,0,0,1,2459.0,online_services,0,0
TXN104029,C1872,2838.34,13,1,0,1,3182.69,grocery,1,0
TXN104030,C1123,5652.18,11,0,0,2,4476.94,online_services,0,0
TXN104031,C1296,1825.31,1,0,1,2,1498.56,online_services,0,0
TXN104032,C1156,3492.09,3,1,0,1,3732.02,travel,0,0
TXN104033,C1312,7453.77,11,0,0,2,10166.87,travel,0,0
TXN104034,C1301,1954.14,15,0,1,2,2185.74,grocery,0,0
TXN104035,C1810,4011.67,4,0,0,2,7374.05,electronics,0,0
TXN104036,C1802,745.57,18,0,1,1,1022.88,restaurant,1,0
TXN104037,C1049,4468.48,9,0,0,1,4406.75,travel,0,0
TXN104038,C1220,2759.29,5,0,0,1,2245.54,cash_withdrawal,0,0
TXN104039,C1757,6255.03,15,1,0,4,4993.73,grocery,0,1
TXN104040,C1125,6268.59,17,0,0,3,4391.15,travel,0,0
TXN104041,C1069,3930.7,1,0,1,1,3207.98,restaurant,0,0
TXN104042,C1492,766.36,18,0,0,1,1384.99,travel,0,0
TXN104043,C1579,1357.22,14,0,0,1,1230.91,travel,0,0
TXN104044,C1800,1303.95,12,1,0,2,3353.27,restaurant,0,0
TXN104045,C1854,1865.39,23,0,0,1,3652.75,cash_withdrawal,1,0
TXN104046,C1620,8331.07,4,1,0,1,5094.17,cash_withdrawal,0,0
TXN104047,C1141,2130.29,16,0,0,1,3139.6,jewelry,0,0
TXN104048,C1471,7301.89,14,0,0,1,3230.41,jewelry,0,0
TXN104049,C1459,1933.31,4,0,0,2,2075.48,cash_withdrawal,0,0
TXN104050,C1745,2268.78,10,0,0,1,946.21,grocery,2,0
TXN104051,C1819,1201.21,19,0,0,1,1578.64,jewelry,0,0
TXN104052,C1638,4103.98,13,1,0,2,2254.73,restaurant,2,0
TXN104053,C1238,9411.09,12,0,0,1,6463.67,travel,0,0
TXN104054,C1553,19320.33,1,1,0,1,12431.5,jewelry,1,0
TXN104055,C1911,668.44,14,0,0,3,711.67,jewelry,0,1
TXN104056,C1284,3872.05,20,0,0,1,4906.32,grocery,0,0
TXN104057,C1886,1897.48,5,0,0,4,2179.01,jewelry,0,0
TXN104058,C1025,3602.48,18,1,0,3,2842.25,jewelry,0,1
TXN104059,C1815,5853.91,22,0,0,4,4512.43,travel,0,0
TXN104060,C1574,15287.32,20,0,0,1,4433.09,grocery,1,0
TXN104061,C1659,3396.09,17,0,0,1,1541.98,grocery,0,0
TXN104062,C1197,1014.27,19,0,0,1,2057.06,online_services,2,0
TXN104063,C1590,13312.95,1,0,0,2,7118.21,online_services,0,0
TXN104064,C1534,5476.83,6,1,0,1,5147.29,cash_withdrawal,2,0
TXN104065,C1487,7059.18,16,0,0,3,7825.95,grocery,0,0
TXN104066,C1123,5226.08,21,0,0,2,4458.06,online_services,0,0
TXN104067,C1184,4332.93,0,0,0,2,1683.53,travel,2,0
TXN104068,C1805,1141.32,6,0,1,4,2031.47,electronics,0,1
TXN104069,C1849,6180.39,22,0,0,2,4184.53,cash_withdrawal,0,0
TXN104070,C1908,6235.65,18,0,0,2,4157.46,restaurant,0,0
TXN104071,C1086,1182.84,17,0,0,2,1914.59,online_services,0,0
TXN104072,C1328,2105.01,12,0,0,3,4782.17,online_services,0,0
TXN104073,C1046,7791.21,15,0,0,3,2859.89,cash_withdrawal,2,1
TXN104074,C1956,5810.28,0,0,0,2,5323.23,travel,0,0
TXN104075,C1447,16726.52,5,0,0,3,12091.75,restaurant,0,0
TXN104076,C1024,5623.67,16,0,0,3,6872.18,travel,0,0
TXN104077,C1391,578.62,8,0,0,2,747.11,grocery,0,0
TXN104078,C1117,663.59,3,0,0,1,1481.99,online_services,0,0
TXN104079,C1172,1455.68,9,0,0,4,1262.67,electronics,0,0
TXN104080,C1187,1632.2,8,0,1,2,3492.39,cash_withdrawal,1,1
TXN104081,C1091,4730.72,4,0,0,1,3118.34,travel,0,1
TXN104082,C1975,4422.61,13,0,0,4,3701.69,jewelry,0,0
TXN104083,C1173,1292.25,1,0,0,1,1559.36,online_services,1,0
TXN104084,C1984,11852.66,10,0,0,4,12543.52,electronics,0,0
TXN104085,C1027,4085.34,22,0,0,1,1856.85,grocery,0,0
TXN104086,C1305,613.67,12,0,0,2,1036.97,grocery,0,0
TXN104087,C1327,1698.53,4,0,0,2,1350.78,restaurant,0,1
TXN104088,C1914,6099.0,10,0,0,3,2867.23,travel,2,1
TXN104089,C1384,971.31,3,0,0,2,849.41,grocery,1,0
TXN104090,C1207,4416.99,7,0,0,2,5237.28,cash_withdrawal,0,0
TXN104091,C1611,4230.98,18,0,0,2,3263.24,electronics,1,1
TXN104092,C1504,2312.08,16,0,0,4,1813.19,cash_withdrawal,0,0
TXN104093,C1516,3721.13,12,0,0,4,4068.14,grocery,2,1
TXN104094,C1275,5385.83,1,0,0,1,6748.58,travel,0,0
TXN104095,C1475,4204.07,17,0,0,1,2910.93,restaurant,0,0
TXN104096,C1067,5127.94,15,0,0,4,4745.13,grocery,0,0
TXN104097,C1417,1114.36,20,0,0,3,1528.91,electronics,0,0
TXN104098,C1935,5420.58,0,1,0,4,2681.23,travel,0,1
TXN104099,C1567,583.24,18,0,0,1,694.11,jewelry,1,0
TXN104100,C1103,1512.89,7,0,0,1,1437.25,cash_withdrawal,0,0
TXN104101,C1568,5113.51,20,1,0,1,4087.51,cash_withdrawal,0,0
TXN104102,C1128,2236.07,9,0,0,2,3849.79,online_services,1,0
TXN104103,C1416,1504.51,14,0,0,2,1866.94,grocery,0,0
TXN104104,C1866,4533.25,20,0,0,1,2653.83,online_services,1,0
TXN104105,C1208,5016.68,4,0,0,3,5742.65,travel,0,1
TXN104106,C1553,10618.45,5,0,0,2,7191.94,cash_withdrawal,0,0
TXN104107,C1251,1419.6,17,0,0,2,2114.47,restaurant,0,0
TXN104108,C1984,12438.86,17,0,0,2,9104.51,restaurant,0,0
TXN104109,C1042,2419.55,0,0,0,3,2577.69,cash_withdrawal,2,0
TXN104110,C1475,1506.86,19,0,0,2,1087.25,travel,0,0
TXN104111,C1668,2506.41,5,0,0,1,2862.51,grocery,0,0
TXN104112,C1061,1363.98,15,0,0,2,1058.84,travel,2,1
TXN104113,C1612,15064.17,8,0,0,2,18563.87,cash_withdrawal,0,0
TXN104114,C1696,1546.92,12,0,0,4,1321.91,travel,0,0
TXN104115,C1862,857.41,20,0,0,4,803.21,electronics,0,0
TXN104116,C1599,2000.2,16,0,0,3,2113.15,travel,0,0
TXN104117,C1046,4550.54,5,0,0,1,6049.35,jewelry,0,0
TXN104118,C1546,11455.75,18,0,0,1,10396.75,grocery,0,0
TXN104119,C1307,8998.5,2,0,0,2,4860.01,restaurant,0,0
TXN104120,C1715,2695.85,3,0,0,1,3498.53,cash_withdrawal,0,0
TXN104121,C1143,5998.94,23,0,0,1,8060.01,online_services,0,0
TXN104122,C1286,604.89,13,1,0,3,753.04,electronics,0,0
TXN104123,C1625,1683.08,16,0,0,1,1587.25,cash_withdrawal,0,0
TXN104124,C1325,1873.11,21,0,0,4,1962.23,travel,0,0
TXN104125,C1650,988.14,8,0,0,2,357.77,cash_withdrawal,0,0
TXN104126,C1724,5574.78,14,0,0,1,5460.17,travel,0,0
TXN104127,C1251,2594.6,21,0,0,1,3952.55,travel,0,0
TXN104128,C1349,18044.38,6,0,0,1,10682.56,restaurant,2,1
TXN104129,C1982,7602.48,19,0,0,3,3315.42,travel,0,0
TXN104130,C1016,3037.19,22,0,0,1,1801.68,electronics,0,0
TXN104131,C1661,5282.41,0,0,0,3,3184.58,online_services,0,0
TXN104132,C1487,885.1,0,0,0,5,1276.84,grocery,0,0
TXN104133,C1688,5123.07,5,0,0,1,8778.85,restaurant,0,0
TXN104134,C1569,3924.21,22,0,0,2,3796.31,jewelry,0,0
TXN104135,C1500,1143.69,12,1,0,1,966.48,online_services,0,0
TXN104136,C1083,18216.31,20,0,0,2,9610.26,jewelry,0,0
TXN104137,C1079,3528.05,17,0,0,2,7277.8,grocery,0,0
TXN104138,C1913,1392.4,21,0,0,2,1616.11,restaurant,0,0
TXN104139,C1688,2615.84,3,0,0,1,2571.69,travel,2,0
TXN104140,C1995,15602.0,12,0,0,2,10856.05,cash_withdrawal,1,0
TXN104141,C1615,1978.13,11,0,0,3,3268.19,restaurant,0,0
TXN104142,C1181,1315.28,22,0,0,1,2866.8,grocery,0,0
TXN104143,C1127,2469.55,14,0,0,1,1894.53,travel,0,0
TXN104144,C1958,2784.11,6,1,0,1,3224.29,restaurant,0,0
TXN104145,C1009,3286.07,7,0,0,2,2840.46,jewelry,0,0
TXN104146,C1020,1133.29,8,0,0,1,979.25,jewelry,2,0
TXN104147,C1943,15497.55,22,0,0,3,7433.98,travel,0,0
TXN104148,C1196,2679.24,2,0,0,1,4016.15,cash_withdrawal,1,1
TXN104149,C1628,4958.19,20,0,1,1,4418.9,travel,2,0
TXN104150,C1827,2207.04,22,0,0,1,2539.48,electronics,0,0
TXN104151,C1239,16595.28,15,0,0,1,14662.36,travel,0,0
TXN104152,C1037,761.53,8,0,0,1,1455.12,restaurant,0,0
TXN104153,C1926,3711.54,22,0,0,3,3200.21,jewelry,2,0
TXN104154,C1620,1973.83,6,0,0,2,1410.48,grocery,0,0
TXN104155,C1200,3266.12,20,0,0,3,4629.87,restaurant,2,0
TXN104156,C1113,2671.42,8,0,0,1,1879.24,online_services,3,1
TXN104157,C1512,11572.01,15,0,0,2,10679.12,electronics,0,0
TXN104158,C1565,5440.82,6,0,0,2,4743.33,jewelry,1,0
TXN104159,C1756,2718.81,18,0,1,4,5512.98,jewelry,0,1
TXN104160,C1698,2330.26,19,0,0,2,1612.02,online_services,0,0
TXN104161,C1179,3012.96,2,1,0,1,2755.28,online_services,0,0
TXN104162,C1131,4404.63,23,0,0,3,4778.2,grocery,0,0
TXN104163,C1130,751.61,8,0,0,2,1941.39,online_services,2,1
TXN104164,C1876,1908.03,7,0,0,1,1792.45,online_services,0,0
TXN104165,C1746,5148.54,8,0,1,3,4619.23,electronics,1,0
TXN104166,C1868,2667.76,21,0,0,2,2757.24,grocery,2,0
TXN104167,C1993,2848.93,22,0,0,1,3342.97,jewelry,0,0
TXN104168,C1545,580.88,19,0,0,2,674.5,travel,0,0
TXN104169,C1697,7563.55,17,0,0,1,4807.14,restaurant,1,0
TXN104170,C1002,1843.63,13,0,0,4,2393.58,jewelry,0,1
TXN104171,C1689,1733.09,20,0,0,2,3200.24,grocery,0,0
TXN104172,C1874,2930.52,10,0,0,5,2585.14,restaurant,0,0
TXN104173,C1864,7311.73,13,0,0,3,6881.11,travel,1,0
TXN104174,C1124,628.87,21,0,0,2,1104.47,online_services,0,0
TXN104175,C1477,4682.6,15,0,0,1,1926.06,travel,0,0
TXN104176,C1529,4116.92,1,0,0,1,5090.69,jewelry,0,0
TXN104177,C1229,2885.56,1,0,0,2,7076.44,travel,0,0
TXN104178,C1940,727.55,13,0,0,2,804.0,online_services,0,0
TXN104179,C1459,1245.12,10,0,0,6,2236.97,grocery,0,0
TXN104180,C1401,1540.12,6,0,0,7,1562.95,travel,0,0
TXN104181,C1083,1171.95,18,0,0,1,2739.74,cash_withdrawal,3,0
TXN104182,C1025,4353.43,23,0,0,1,2724.27,electronics,2,0
TXN104183,C1706,3792.24,13,0,0,1,4364.08,grocery,0,0
TXN104184,C1939,918.66,7,0,0,3,1757.27,electronics,0,0
TXN104185,C1168,739.17,10,0,0,1,1611.36,travel,1,0
TXN104186,C1064,4295.34,20,0,0,1,2368.34,jewelry,0,0
TXN104187,C1099,2842.25,0,0,0,2,4056.47,restaurant,0,0
TXN104188,C1442,7585.43,0,0,0,4,3879.89,online_services,0,0
TXN104189,C1816,9217.69,20,0,0,1,9308.7,travel,1,0
TXN104190,C1860,1978.01,8,0,0,4,1711.95,electronics,0,0
TXN104191,C1110,2643.97,15,0,0,1,3711.38,electronics,2,1
TXN104192,C1981,8563.21,10,0,0,5,8820.65,cash_withdrawal,0,0
TXN104193,C1055,16222.38,10,0,0,2,12358.71,online_services,1,0
TXN104194,C1813,8619.53,7,0,0,1,9387.49,grocery,1,0
TXN104195,C1794,3325.1,19,0,0,1,2200.62,online_services,0,0
TXN104196,C1449,1788.06,3,0,0,1,1956.18,jewelry,0,0
TXN104197,C1457,2079.53,18,1,1,1,2566.31,grocery,0,0
TXN104198,C1087,3467.92,1,0,0,2,3206.48,grocery,0,0
TXN104199,C1386,1638.72,10,0,0,2,2093.36,cash_withdrawal,2,0
TXN104200,C1710,1456.76,2,0,0,1,2492.66,cash_withdrawal,1,0
TXN104201,C1130,1509.29,1,0,0,2,1339.84,cash_withdrawal,0,1
TXN104202,C1452,2366.69,1,0,0,4,3388.52,travel,0,0
TXN104203,C1625,7737.04,20,0,0,1,6312.26,restaurant,2,0
TXN104204,C1067,2753.84,3,0,0,1,8081.79,jewelry,0,0
TXN104205,C1057,1754.34,17,0,1,8,1054.66,grocery,2,1
TXN104206,C1301,7015.02,12,0,0,2,7993.33,restaurant,0,0
TXN104207,C1098,1005.37,19,0,0,1,2332.28,cash_withdrawal,0,0
TXN104208,C1420,15096.4,7,0,0,3,17365.87,cash_withdrawal,0,1
TXN104209,C1613,3169.6,21,0,0,1,2822.36,online_services,1,1
TXN104210,C1010,1863.28,14,0,1,1,2662.18,restaurant,0,1
TXN104211,C1475,4059.78,13,0,1,3,4590.65,online_services,1,0
TXN104212,C1634,6086.23,3,0,1,2,6206.83,travel,0,1
TXN104213,C1666,3230.55,21,0,0,2,2561.41,cash_withdrawal,2,0
TXN104214,C1026,4052.46,14,1,0,1,5051.76,online_services,0,0
TXN104215,C1336,10640.88,18,0,0,1,11390.78,electronics,0,0
TXN104216,C1110,2534.51,3,0,0,3,2481.2,grocery,1,0
TXN104217,C1609,3225.31,22,0,1,1,4362.55,grocery,0,0
TXN104218,C1607,3085.65,6,0,1,2,3666.55,online_services,0,1
TXN104219,C1129,3107.35,20,0,0,2,2935.78,online_services,0,0
TXN104220,C1262,1336.11,11,0,0,4,2945.43,restaurant,0,0
TXN104221,C1492,2363.46,23,0,0,1,2222.61,online_services,2,1
TXN104222,C1455,1168.26,5,1,0,2,1007.24,electronics,0,1
TXN104223,C1140,4170.91,1,0,0,3,2630.16,grocery,0,0
TXN104224,C1130,2747.39,9,0,0,2,2526.43,online_services,1,0
TXN104225,C1446,1700.25,16,0,0,2,3758.24,jewelry,0,0
TXN104226,C1772,2734.38,11,0,0,3,3604.78,travel,0,0
TXN104227,C1597,2299.63,17,0,0,5,2212.76,cash_withdrawal,0,0
TXN104228,C1149,4498.81,4,0,0,2,6183.29,restaurant,0,0
TXN104229,C1316,4170.76,19,0,1,4,2759.12,travel,0,0
TXN104230,C1298,3288.65,11,0,0,1,1298.88,grocery,3,1
TXN104231,C1530,7832.47,18,0,1,2,6560.1,jewelry,2,1
TXN104232,C1694,4865.18,4,0,0,2,2538.75,grocery,3,0
TXN104233,C1243,3913.21,16,0,0,3,3368.75,cash_withdrawal,0,0
TXN104234,C1855,3362.66,17,0,0,3,4951.08,cash_withdrawal,0,0
TXN104235,C1055,9035.44,13,0,0,2,8586.34,travel,0,0
TXN104236,C1200,1719.93,6,0,0,3,1466.73,jewelry,1,0
TXN104237,C1930,5051.04,6,0,0,1,3009.18,cash_withdrawal,0,0
TXN104238,C1070,6180.56,10,0,0,2,4929.05,electronics,1,0
TXN104239,C1683,8285.36,15,0,1,3,5136.01,jewelry,3,1
TXN104240,C1708,9533.21,14,1,0,3,8159.35,online_services,0,0
TXN104241,C1709,14506.11,10,0,0,1,12193.15,cash_withdrawal,0,0
TXN104242,C1592,10625.21,18,0,0,2,13982.34,travel,0,0
TXN104243,C1630,472.98,9,1,0,1,750.56,restaurant,0,0
TXN104244,C1336,882.97,5,0,0,4,1154.22,grocery,0,0
TXN104245,C1465,3058.46,1,0,0,3,4059.56,restaurant,0,0
TXN104246,C1224,6450.8,0,0,0,1,9296.09,jewelry,0,0
TXN104247,C1228,4470.16,22,0,0,3,4653.27,electronics,0,0
TXN104248,C1477,455.96,19,0,0,5,654.45,electronics,0,0
TXN104249,C1244,2475.77,15,1,0,1,2843.86,jewelry,0,0
TXN104250,C1786,2077.3,10,0,0,1,2357.95,cash_withdrawal,0,0
TXN104251,C1757,1823.01,12,0,0,2,3363.34,electronics,0,0
TXN104252,C1409,1659.45,5,0,0,1,2946.66,cash_withdrawal,0,0
TXN104253,C1006,4533.09,11,0,0,2,2050.4,grocery,0,0
TXN104254,C1075,1570.24,11,0,0,2,1687.23,grocery,0,0
TXN104255,C1568,1398.16,3,0,0,2,2408.46,electronics,0,0
TXN104256,C1297,3699.6,14,0,0,1,4528.93,electronics,0,0
TXN104257,C1646,1082.04,18,0,0,2,1326.3,cash_withdrawal,0,0
TXN104258,C1368,1269.34,1,0,0,1,604.08,grocery,0,0
TXN104259,C1203,583.9,6,0,0,1,850.46,travel,0,0
TXN104260,C1178,1931.44,7,0,0,1,2013.46,travel,2,1
TXN104261,C1736,3658.69,5,0,0,1,3391.84,travel,0,0
TXN104262,C1867,2827.1,17,0,0,1,2063.94,electronics,0,0
TXN104263,C1182,5310.25,6,0,0,4,3087.8,grocery,0,0
TXN104264,C1180,5371.96,8,0,0,3,6224.83,grocery,0,0
TXN104265,C1021,4567.26,21,0,0,1,5009.84,electronics,0,0
TXN104266,C1388,5029.04,20,0,0,1,4540.12,cash_withdrawal,3,0
TXN104267,C1906,1480.28,3,0,0,2,1854.08,travel,1,0
TXN104268,C1958,2950.11,6,0,0,1,3006.32,travel,2,0
TXN104269,C1467,5435.22,7,0,1,3,5768.04,travel,3,0
TXN104270,C1828,2943.67,11,0,0,2,1844.64,jewelry,0,0
TXN104271,C1175,566.07,16,0,0,3,544.35,cash_withdrawal,1,0
TXN104272,C1638,44597.29,13,0,0,1,14281.1,jewelry,0,0
TXN104273,C1066,975.01,3,0,0,1,1283.95,electronics,0,0
TXN104274,C1903,972.03,4,1,1,1,1586.22,cash_withdrawal,0,0
TXN104275,C1194,531.05,6,0,0,4,507.32,online_services,0,0
TXN104276,C1387,3310.19,22,0,0,3,3122.74,travel,0,0
TXN104277,C1325,6738.32,19,0,0,1,6102.8,restaurant,0,0
TXN104278,C1651,2705.48,7,0,0,1,7497.58,grocery,0,0
TXN104279,C1781,1515.2,19,0,0,2,1364.92,online_services,1,0
TXN104280,C1193,566.9,17,0,0,1,989.95,travel,0,0
TXN104281,C1808,4312.0,4,0,0,1,2726.71,travel,0,0
TXN104282,C1253,2997.06,1,0,0,1,3176.47,jewelry,1,0
TXN104283,C1814,7462.26,8,0,0,2,8749.84,cash_withdrawal,0,0
TXN104284,C1129,3485.66,16,0,0,3,4355.16,online_services,1,0
TXN104285,C1907,1283.85,15,0,0,2,1639.34,electronics,0,0
TXN104286,C1744,1111.06,2,0,0,3,1493.79,cash_withdrawal,0,0
TXN104287,C1481,1267.69,21,1,0,2,1818.48,online_services,1,0
TXN104288,C1066,3802.37,5,0,0,1,2664.15,online_services,3,0
TXN104289,C1397,1315.52,20,0,0,3,1611.0,cash_withdrawal,0,1
TXN104290,C1521,1008.0,11,0,0,4,1553.97,restaurant,0,0
TXN104291,C1531,1522.39,14,0,0,4,2769.57,electronics,0,0
TXN104292,C1329,2758.68,22,0,0,1,2312.82,travel,0,0
TXN104293,C1538,6147.52,22,0,0,2,7607.51,restaurant,0,0
TXN104294,C1732,12615.46,15,1,0,2,12147.47,restaurant,0,0
TXN104295,C1274,2135.83,18,0,0,1,1496.18,restaurant,0,0
TXN104296,C1653,11890.25,18,1,0,1,6000.66,jewelry,0,0
TXN104297,C1037,1858.0,6,0,0,1,2435.56,electronics,0,0
TXN104298,C1916,10858.62,6,1,0,1,4478.88,restaurant,0,1
TXN104299,C1883,3709.5,7,0,0,1,2599.81,restaurant,1,0
TXN104300,C1223,1683.45,9,0,0,1,1839.33,restaurant,0,0
TXN104301,C1910,3358.44,12,0,0,2,3401.3,online_services,2,0
TXN104302,C1160,3014.2,11,0,0,4,3439.01,travel,0,0
TXN104303,C1563,2981.39,2,0,0,1,3326.05,electronics,0,1
TXN104304,C1769,2180.66,2,1,0,3,1592.18,travel,0,0
TXN104305,C1455,10676.23,16,0,0,5,8425.56,travel,0,1
TXN104306,C1235,2659.39,18,1,1,1,3122.51,grocery,3,1
TXN104307,C1476,2949.09,16,0,0,2,4842.13,online_services,2,1
TXN104308,C1344,606.76,13,0,0,4,1060.19,restaurant,0,0
TXN104309,C1478,2076.78,13,0,0,1,2273.31,restaurant,0,0
TXN104310,C1376,2224.34,15,0,0,2,2879.54,travel,1,1
TXN104311,C1279,4464.51,12,0,0,3,2865.73,grocery,0,0
TXN104312,C1183,2177.21,14,0,0,2,2568.33,electronics,0,0
TXN104313,C1271,4081.44,20,0,0,1,2468.17,grocery,0,0
TXN104314,C1367,3418.56,2,0,0,3,5699.07,travel,1,0
TXN104315,C1862,13197.3,16,0,0,2,7354.5,online_services,0,0
TXN104316,C1559,1404.66,20,0,0,4,3070.94,grocery,0,0
TXN104317,C1804,844.9,8,0,0,2,748.9,electronics,2,0
TXN104318,C1100,1831.94,3,0,0,1,3814.55,grocery,0,0
TXN104319,C1368,5402.4,1,0,0,1,6117.78,online_services,0,1
TXN104320,C1205,2291.64,10,0,0,2,2999.92,electronics,0,0
TXN104321,C1691,382.94,10,0,0,2,884.91,travel,0,0
TXN104322,C1309,2968.16,23,0,0,3,2435.23,cash_withdrawal,2,0
TXN104323,C1786,1277.92,21,0,0,1,1469.07,cash_withdrawal,3,0
TXN104324,C1281,3145.89,6,0,0,3,1495.21,jewelry,0,0
TXN104325,C1618,3982.42,4,0,0,1,1398.79,cash_withdrawal,0,1
TXN104326,C1770,1117.72,22,0,1,1,1542.01,jewelry,2,0
TXN104327,C1556,8193.97,8,0,0,4,6058.03,grocery,0,0
TXN104328,C1788,1917.09,9,0,0,1,4723.1,travel,0,0
TXN104329,C1842,860.4,11,1,0,5,1623.56,cash_withdrawal,0,0
TXN104330,C1413,4558.66,12,0,0,5,3352.87,cash_withdrawal,1,1
TXN104331,C1593,2381.95,20,0,0,4,2190.01,grocery,0,0
TXN104332,C1483,9948.02,20,0,0,1,12713.73,online_services,0,0
TXN104333,C1779,12375.15,4,1,0,3,6447.57,cash_withdrawal,3,1
TXN104334,C1407,1726.27,7,0,0,1,1588.29,electronics,0,0
TXN104335,C1740,2965.26,23,1,0,1,2108.5,electronics,0,0
TXN104336,C1485,4322.63,7,0,0,3,3590.31,online_services,0,1
TXN104337,C1601,720.22,17,0,0,1,1067.04,cash_withdrawal,2,0
TXN104338,C1479,2679.87,23,0,0,1,2744.75,cash_withdrawal,0,0
TXN104339,C1472,4599.06,10,0,0,2,2379.26,cash_withdrawal,3,0
TXN104340,C1087,1880.78,10,0,0,2,2260.09,cash_withdrawal,0,0
TXN104341,C1192,10574.36,13,0,0,2,9785.78,cash_withdrawal,0,0
TXN104342,C1964,5255.2,22,0,0,1,6008.3,restaurant,0,0
TXN104343,C1214,3046.03,14,0,0,1,2012.82,restaurant,0,0
TXN104344,C1873,1337.81,17,0,1,1,988.83,grocery,0,1
TXN104345,C1383,1694.82,4,0,0,3,2161.85,online_services,1,0
TXN104346,C1894,1597.37,4,0,0,1,1770.66,travel,0,0
TXN104347,C1965,2996.25,23,0,0,2,3550.22,grocery,0,0
TXN104348,C1511,3478.94,21,0,0,3,2491.77,cash_withdrawal,0,0
TXN104349,C1363,3821.6,10,0,0,1,2432.0,electronics,0,0
TXN104350,C1429,6856.52,13,0,0,2,6934.96,jewelry,0,0
TXN104351,C1770,27912.54,12,0,0,1,20545.72,cash_withdrawal,0,0
TXN104352,C1797,4487.72,22,0,0,1,2802.9,online_services,0,0
TXN104353,C1306,2224.05,10,0,0,2,4321.73,online_services,0,0
TXN104354,C1023,1999.1,18,0,0,1,1827.74,cash_withdrawal,0,0
TXN104355,C1032,2617.64,4,0,0,2,1624.57,electronics,0,0
TXN104356,C1975,2737.45,10,0,0,3,4291.52,online_services,0,0
TXN104357,C1644,2627.52,19,0,0,1,1828.45,online_services,1,0
TXN104358,C1587,3841.26,12,0,0,1,7106.88,restaurant,0,0
TXN104359,C1209,12536.34,12,0,0,4,13936.58,grocery,0,1
TXN104360,C1547,6934.1,12,0,0,2,4018.65,electronics,0,0
TXN104361,C1486,2607.0,3,0,0,3,2882.96,travel,0,0
TXN104362,C1583,1015.18,14,0,0,3,1054.59,jewelry,1,1
TXN104363,C1916,9061.91,9,1,0,1,5948.82,grocery,3,0
TXN104364,C1175,5819.82,3,0,0,1,4543.17,jewelry,0,0
TXN104365,C1566,1625.65,5,0,0,4,2358.04,grocery,0,0
TXN104366,C1846,929.99,22,0,0,2,1252.32,online_services,0,0
TXN104367,C1500,5069.48,0,0,0,3,2735.08,electronics,0,0
TXN104368,C1203,5239.67,2,0,0,1,3311.45,restaurant,0,0
TXN104369,C1290,2323.43,6,0,0,3,1410.66,electronics,1,0
TXN104370,C1298,7594.2,21,0,0,1,4452.85,online_services,1,0
TXN104371,C1071,8364.67,14,0,0,2,2946.42,grocery,1,1
TXN104372,C1377,1407.49,16,0,1,1,2096.49,grocery,0,0
TXN104373,C1175,3757.56,10,0,0,1,2507.71,cash_withdrawal,1,0
TXN104374,C1931,3568.68,13,0,0,1,2931.56,restaurant,0,0
TXN104375,C1160,2276.48,3,0,0,2,1897.2,electronics,0,0
TXN104376,C1549,1293.39,13,0,0,2,1261.52,restaurant,0,0
TXN104377,C1760,2275.41,2,0,0,1,3168.1,restaurant,3,0
TXN104378,C1978,1682.81,6,0,0,2,2325.0,electronics,1,1
TXN104379,C1891,8570.41,6,0,0,3,6944.96,travel,0,0
TXN104380,C1442,1219.64,22,0,0,1,2466.84,jewelry,0,0
TXN104381,C1486,6575.01,5,0,0,2,8746.0,online_services,2,0
TXN104382,C1588,961.12,9,0,0,2,2359.94,online_services,1,0
TXN104383,C1207,1260.69,16,0,0,3,1281.94,jewelry,0,0
TXN104384,C1701,7136.91,14,0,0,2,5946.32,travel,0,0
TXN104385,C1206,6015.32,0,0,0,2,5236.85,electronics,0,0
TXN104386,C1456,3804.43,2,0,0,1,2921.16,cash_withdrawal,0,1
TXN104387,C1408,5277.0,19,0,0,5,4279.15,cash_withdrawal,0,0
TXN104388,C1252,4980.75,16,0,0,3,2933.31,travel,2,0
TXN104389,C1932,9593.19,18,0,0,1,8171.06,restaurant,0,0
TXN104390,C1471,3122.14,14,0,0,2,2712.81,online_services,0,0
TXN104391,C1040,3122.59,23,0,0,1,4114.34,grocery,0,0
TXN104392,C1294,5656.63,20,0,0,1,3424.66,restaurant,2,0
TXN104393,C1355,1698.84,22,0,0,1,1715.95,cash_withdrawal,1,0
TXN104394,C1728,14687.91,9,0,0,3,6187.06,restaurant,0,0
TXN104395,C1627,4187.29,5,0,0,2,6114.61,restaurant,0,0
TXN104396,C1255,6308.39,5,0,0,1,5574.59,online_services,2,0
TXN104397,C1750,2950.1,13,0,0,2,3839.84,restaurant,0,0
TXN104398,C1393,3866.42,21,0,0,1,4618.21,electronics,0,0
TXN104399,C1715,11043.05,18,0,0,2,15734.82,grocery,0,0
TXN104400,C1402,18073.46,22,0,1,3,7833.96,grocery,0,0
TXN104401,C1245,13622.21,5,0,0,4,6072.04,travel,0,0
TXN104402,C1903,2952.37,20,0,0,4,1991.09,online_services,0,0
TXN104403,C1298,3019.66,21,0,1,2,4272.79,grocery,1,0
TXN104404,C1714,6555.1,23,0,0,3,4165.61,jewelry,0,0
TXN104405,C1923,1985.98,6,0,0,5,1206.33,restaurant,0,1
TXN104406,C1421,2343.7,17,0,0,2,2195.16,grocery,2,0
TXN104407,C1377,13686.16,2,0,0,1,3543.77,cash_withdrawal,0,0
TXN104408,C1107,9537.46,16,0,0,1,4100.33,cash_withdrawal,2,0
TXN104409,C1798,6871.41,10,0,1,1,8942.37,restaurant,0,0
TXN104410,C1461,6008.83,5,0,0,1,5711.19,travel,2,0
TXN104411,C1212,3848.84,16,1,0,3,3356.6,grocery,0,0
TXN104412,C1473,4608.62,0,0,0,1,4606.89,grocery,0,1
TXN104413,C1654,2400.21,22,0,0,3,6401.66,jewelry,0,0
TXN104414,C1767,4034.41,14,0,0,4,5261.41,restaurant,1,1
TXN104415,C1351,4708.64,23,1,0,2,3815.05,restaurant,1,0
TXN104416,C1876,4053.08,6,0,0,1,2458.62,restaurant,0,0
TXN104417,C1038,1023.85,0,0,0,1,1773.39,travel,1,0
TXN104418,C1117,2015.7,22,1,0,2,1713.75,electronics,0,0
TXN104419,C1334,10685.23,21,0,0,2,5953.16,jewelry,0,0
TXN104420,C1475,1866.25,15,1,0,2,1895.91,restaurant,2,0
TXN104421,C1069,1628.67,2,1,0,2,1723.77,online_services,0,1
TXN104422,C1672,8951.15,7,0,0,3,5427.25,jewelry,3,0
TXN104423,C1972,1942.36,14,0,0,1,1158.56,electronics,0,0
TXN104424,C1482,2066.54,8,0,0,3,2458.2,cash_withdrawal,1,0
TXN104425,C1165,2363.01,5,0,0,1,2550.81,cash_withdrawal,0,0
TXN104426,C1018,7764.13,19,0,0,1,6580.79,grocery,2,1
TXN104427,C1181,971.48,9,0,0,1,1164.62,grocery,0,0
TXN104428,C1547,965.15,23,0,1,1,731.37,restaurant,0,0
TXN104429,C1172,4741.58,2,0,0,2,4618.25,jewelry,0,0
TXN104430,C1781,3354.65,0,0,0,2,3343.37,jewelry,0,0
TXN104431,C1279,1432.51,4,0,0,1,1627.05,restaurant,0,0
TXN104432,C1366,9837.86,5,0,0,2,5949.9,electronics,1,0
TXN104433,C1731,5426.91,1,0,0,3,4149.28,jewelry,0,1
TXN104434,C1545,6106.05,6,0,0,4,4588.42,restaurant,0,0
TXN104435,C1713,3083.99,1,0,0,1,2423.22,cash_withdrawal,0,0
TXN104436,C1650,6847.25,16,0,0,1,3598.21,jewelry,0,0
TXN104437,C1678,7198.51,22,0,0,1,3555.0,jewelry,0,0
TXN104438,C1918,17861.18,3,0,0,2,7158.15,restaurant,0,0
TXN104439,C1706,3510.04,9,0,0,3,2970.37,restaurant,0,0
TXN104440,C1053,2637.73,19,0,0,2,6585.92,grocery,0,0
TXN104441,C1049,7089.49,12,0,0,2,5494.61,cash_withdrawal,0,0
TXN104442,C1206,2055.17,7,0,0,4,2992.21,travel,0,0
TXN104443,C1930,1694.88,7,0,0,1,1755.33,electronics,0,0
TXN104444,C1093,11356.45,0,0,0,2,5810.47,restaurant,0,0
TXN104445,C1028,3304.85,0,0,0,2,3552.66,travel,1,0
TXN104446,C1840,7379.47,6,0,0,2,11729.16,jewelry,1,0
TXN104447,C1685,1864.09,2,0,0,3,2628.79,electronics,0,0
TXN104448,C1981,2498.1,3,0,0,2,4498.32,cash_withdrawal,0,1
TXN104449,C1855,888.35,21,0,0,1,1769.87,electronics,0,0
TXN104450,C1741,704.33,5,0,0,3,924.49,grocery,0,0
TXN104451,C1425,11721.29,16,0,0,2,13080.38,grocery,0,0
TXN104452,C1835,1304.09,10,0,0,1,2003.12,travel,0,0
TXN104453,C1575,626.16,20,1,0,1,694.94,electronics,0,0
TXN104454,C1639,1245.65,6,0,1,3,2554.15,online_services,0,0
TXN104455,C1404,7146.81,13,0,0,2,8157.42,grocery,0,0
TXN104456,C1237,781.0,6,0,0,1,1129.04,grocery,0,0
TXN104457,C1365,10084.58,10,0,0,2,6337.1,electronics,1,0
TXN104458,C1015,568.59,12,0,0,1,933.8,jewelry,1,0
TXN104459,C1323,1764.82,0,0,1,1,1741.88,restaurant,0,0
TXN104460,C1217,2825.44,14,0,0,1,922.37,electronics,0,1
TXN104461,C1067,2372.68,21,0,0,2,1554.01,cash_withdrawal,0,1
TXN104462,C1285,2938.19,20,0,0,5,2761.2,online_services,2,0
TXN104463,C1377,1796.68,1,0,0,5,2584.29,grocery,0,0
TXN104464,C1906,3205.3,6,0,1,3,3755.36,restaurant,0,0
TXN104465,C1308,973.07,19,0,0,4,1443.55,restaurant,0,0
TXN104466,C1104,3165.98,22,0,1,7,4321.68,online_services,1,0
TXN104467,C1810,1339.95,18,0,0,5,727.02,electronics,0,0
TXN104468,C1257,3343.88,3,1,0,1,2619.24,online_services,0,0
TXN104469,C1332,9420.48,20,0,0,5,3537.51,jewelry,0,0
TXN104470,C1397,5858.17,21,0,0,3,5587.99,cash_withdrawal,0,1
TXN104471,C1710,3274.92,4,1,0,3,2265.26,travel,0,1
TXN104472,C1179,2505.52,20,0,0,5,3578.09,cash_withdrawal,1,0
TXN104473,C1905,14646.15,22,0,0,1,7277.87,travel,1,0
TXN104474,C1871,2315.02,21,0,0,3,2674.49,restaurant,0,0
TXN104475,C1069,2314.31,10,0,0,2,1314.36,grocery,0,0
TXN104476,C1623,2533.08,18,0,0,1,2076.36,restaurant,0,0
TXN104477,C1391,1113.23,16,0,0,2,1759.53,jewelry,0,0
TXN104478,C1759,16567.93,7,0,0,1,12743.51,online_services,0,0
TXN104479,C1601,1397.32,22,0,0,2,2017.81,grocery,1,0
TXN104480,C1238,11155.02,0,0,0,1,14368.75,online_services,0,1
TXN104481,C1777,1683.91,3,0,0,1,1880.36,travel,0,0
TXN104482,C1242,16222.19,23,0,0,2,10659.08,restaurant,0,0
TXN104483,C1775,2569.2,7,0,0,4,2680.4,online_services,0,1
TXN104484,C1081,4459.52,1,0,0,1,2827.54,electronics,0,0
TXN104485,C1383,2985.49,15,0,0,3,4454.27,travel,0,0
TXN104486,C1206,3111.03,4,0,0,2,2992.4,restaurant,0,0
TXN104487,C1209,664.03,20,0,0,3,740.42,grocery,0,1
TXN104488,C1243,5637.94,23,0,0,2,2797.74,online_services,0,0
TXN104489,C1968,8811.77,14,0,0,2,3445.92,jewelry,0,0
TXN104490,C1898,4938.02,10,0,0,5,5358.79,electronics,0,0
TXN104491,C1284,2177.17,10,0,0,2,4203.07,jewelry,0,0
TXN104492,C1805,891.33,1,0,0,1,845.53,online_services,2,1
TXN104493,C1810,2584.15,13,1,0,2,1051.06,jewelry,0,0
TXN104494,C1832,4101.09,9,0,0,2,6102.16,cash_withdrawal,0,0
TXN104495,C1024,7389.74,7,0,0,2,9140.3,cash_withdrawal,3,0
TXN104496,C1750,9888.94,10,0,1,1,5826.68,travel,0,0
TXN104497,C1248,5292.62,6,0,0,1,3638.11,online_services,2,0
TXN104498,C1055,1853.4,21,0,0,4,2035.17,electronics,0,0
TXN104499,C1820,1985.82,21,0,0,2,2623.72,jewelry,0,0
TXN104500,C1736,1258.17,7,0,0,3,1198.45,online_services,0,0
TXN104501,C1893,1949.8,12,0,0,2,2505.23,online_services,0,0
TXN104502,C1329,3927.4,5,0,0,2,2306.84,restaurant,0,0
TXN104503,C1644,2114.03,0,0,0,2,2106.15,grocery,3,1
TXN104504,C1890,3332.77,15,0,0,1,4711.99,grocery,2,0
TXN104505,C1976,8520.24,6,0,0,1,5105.71,grocery,2,0
TXN104506,C1649,620.06,4,0,0,2,1002.51,electronics,0,0
TXN104507,C1128,2969.19,2,0,0,1,1763.86,electronics,0,0
TXN104508,C1606,1405.57,17,0,0,1,1291.31,cash_withdrawal,1,0
TXN104509,C1814,792.54,6,0,0,2,1008.1,electronics,0,0
TXN104510,C1519,627.67,2,0,0,1,907.8,restaurant,1,0
TXN104511,C1742,3185.36,14,0,0,3,2753.96,travel,1,0
TXN104512,C1168,2048.16,23,0,0,1,2124.54,electronics,0,0
TXN104513,C1250,1618.31,13,0,0,4,1306.91,electronics,1,0
TXN104514,C1620,1744.73,7,0,0,2,1950.99,travel,0,0
TXN104515,C1292,4166.45,18,0,1,1,2795.76,restaurant,0,0
TXN104516,C1990,2427.26,20,0,0,3,2385.65,electronics,0,0
TXN104517,C1278,1536.03,15,0,0,2,1834.0,grocery,0,0
TXN104518,C1973,5134.12,11,0,0,2,4827.09,restaurant,0,0
TXN104519,C1386,3180.79,5,1,0,1,3075.69,restaurant,0,0
TXN104520,C1451,391.75,13,1,0,1,869.37,online_services,1,1
TXN104521,C1624,2159.76,23,0,0,2,2099.23,restaurant,0,0
TXN104522,C1778,5754.0,4,0,0,1,3388.94,cash_withdrawal,2,0
TXN104523,C1976,2198.48,15,0,0,2,2483.51,grocery,0,0
TXN104524,C1780,5884.68,12,0,0,1,6556.25,restaurant,0,0
TXN104525,C1874,1573.51,2,0,0,1,1819.9,cash_withdrawal,0,0
TXN104526,C1928,752.12,9,0,0,2,1059.37,online_services,1,1
TXN104527,C1550,4761.37,4,0,0,2,5941.53,online_services,0,0
TXN104528,C1744,8146.88,5,0,0,6,3587.64,travel,0,0
TXN104529,C1389,7936.98,14,0,0,2,8631.23,travel,0,0
TXN104530,C1464,1968.07,9,0,0,1,1483.71,restaurant,0,0
TXN104531,C1575,406.81,19,1,0,2,1013.81,restaurant,3,0
TXN104532,C1073,935.2,10,0,0,3,888.23,electronics,0,0
TXN104533,C1732,2814.45,15,0,0,1,3836.63,electronics,0,0
TXN104534,C1158,6598.52,6,0,0,1,8489.13,grocery,1,0
TXN104535,C1013,6137.55,16,0,0,1,5297.04,jewelry,1,1
TXN104536,C1742,3779.05,11,0,0,3,2240.47,restaurant,2,0
TXN104537,C1414,2820.19,13,0,0,2,2285.62,restaurant,3,0
TXN104538,C1993,2147.18,23,0,0,2,960.27,travel,0,0
TXN104539,C1393,2115.24,15,0,0,1,1206.6,travel,1,0
TXN104540,C1656,15579.75,18,0,0,2,6838.44,grocery,0,0
TXN104541,C1418,6957.47,1,0,0,1,3658.64,grocery,0,0
TXN104542,C1394,6902.69,18,0,1,1,6673.7,electronics,0,0
TXN104543,C1198,1023.43,13,0,0,1,901.53,travel,0,0
TXN104544,C1789,4425.74,23,0,0,2,3800.6,travel,0,0
TXN104545,C1521,1864.58,22,0,0,5,2107.53,restaurant,0,0
TXN104546,C1650,13239.01,22,0,0,1,10024.79,travel,0,0
TXN104547,C1713,2372.06,1,0,0,2,3018.1,jewelry,0,0
TXN104548,C1394,3347.34,13,0,0,1,3176.7,jewelry,0,0
TXN104549,C1252,3408.37,7,0,0,3,2492.35,restaurant,1,0
TXN104550,C1035,6128.24,11,0,0,1,3228.66,jewelry,0,0
TXN104551,C1723,1479.31,21,0,0,2,1820.13,grocery,0,0
TXN104552,C1714,3454.29,21,0,0,3,5280.86,jewelry,0,1
TXN104553,C1151,3892.13,8,0,0,3,2380.69,online_services,2,1
TXN104554,C1466,2935.91,21,0,0,3,1884.4,electronics,0,0
TXN104555,C1260,1048.1,7,0,0,3,1238.77,online_services,1,0
TXN104556,C1592,4749.53,21,0,0,4,5102.56,cash_withdrawal,0,0
TXN104557,C1165,1407.52,0,0,0,3,2275.9,grocery,0,0
TXN104558,C1789,1702.47,2,1,0,3,2882.09,jewelry,0,0
TXN104559,C1728,1975.37,12,0,0,1,2501.58,restaurant,2,0
TXN104560,C1723,809.16,18,0,0,4,1089.19,grocery,0,0
TXN104561,C1530,3200.15,6,0,0,2,2839.94,restaurant,0,0
TXN104562,C1169,1884.53,13,0,0,2,1574.71,travel,1,0
TXN104563,C1708,3066.74,9,0,0,3,3156.17,online_services,0,0
TXN104564,C1990,372.71,17,0,0,3,881.64,jewelry,1,0
TXN104565,C1907,5874.07,12,0,0,1,5573.04,online_services,0,0
TXN104566,C1315,4761.91,23,0,0,4,3868.98,restaurant,0,0
TXN104567,C1770,2891.69,23,0,0,1,3664.88,cash_withdrawal,0,0
TXN104568,C1091,3506.29,3,0,0,1,1570.18,jewelry,0,1
TXN104569,C1586,3221.42,11,0,0,4,3740.93,cash_withdrawal,0,0
TXN104570,C1146,5693.91,8,0,0,2,8383.86,jewelry,0,0
TXN104571,C1214,696.85,23,0,0,2,1350.07,restaurant,1,0
TXN104572,C1715,3157.44,9,0,0,3,3417.09,grocery,0,0
TXN104573,C1172,3834.17,15,0,0,1,2551.47,grocery,0,0
TXN104574,C1099,2193.99,2,0,0,2,3214.08,cash_withdrawal,1,0
TXN104575,C1713,8358.36,13,0,0,2,4189.86,online_services,3,0
TXN104576,C1426,8117.11,20,0,1,2,2525.38,travel,0,0
TXN104577,C1750,1491.82,13,0,0,2,2652.97,electronics,1,0
TXN104578,C1180,3480.02,11,0,0,1,2942.62,electronics,0,0
TXN104579,C1720,1518.73,4,0,0,2,1415.62,electronics,0,0
TXN104580,C1498,6191.27,5,0,0,5,2220.71,online_services,0,0
TXN104581,C1971,6674.02,3,0,0,3,3864.45,restaurant,0,0
TXN104582,C1580,1400.7,6,0,1,3,1440.09,electronics,0,0
TXN104583,C1205,5330.25,1,1,0,2,6219.42,jewelry,0,0
TXN104584,C1187,2936.16,6,0,0,1,3478.19,travel,0,0
TXN104585,C1923,3121.66,13,0,0,1,1758.06,restaurant,1,0
TXN104586,C1641,801.79,19,0,0,6,1280.74,grocery,1,0
TXN104587,C1889,1994.72,20,0,1,3,2929.29,electronics,0,0
TXN104588,C1081,7326.35,9,1,0,1,5840.03,grocery,0,1
TXN104589,C1386,1863.24,3,0,0,2,3477.06,travel,0,0
TXN104590,C1065,4151.9,10,0,0,4,3927.67,grocery,1,0
TXN104591,C1599,4388.02,7,0,0,1,3233.03,restaurant,0,0
TXN104592,C1496,501.18,21,0,0,1,668.07,cash_withdrawal,0,0
TXN104593,C1103,2089.97,0,0,0,2,2510.67,grocery,1,1
TXN104594,C1272,26907.85,0,1,0,2,17414.65,jewelry,0,1
TXN104595,C1596,2670.54,1,0,0,1,1922.4,grocery,0,0
TXN104596,C1216,2728.34,16,1,0,1,955.3,cash_withdrawal,0,1
TXN104597,C1007,9509.69,12,0,0,2,4709.52,online_services,2,0
TXN104598,C1532,2208.52,8,0,0,2,2252.51,restaurant,0,0
TXN104599,C1484,1649.03,10,0,0,2,2492.48,online_services,0,0
TXN104600,C1439,1669.58,10,0,0,3,1708.4,travel,0,0
TXN104601,C1698,6572.51,10,0,0,2,5411.25,travel,2,0
TXN104602,C1836,11636.14,7,0,0,2,8918.04,travel,0,0
TXN104603,C1681,5286.57,12,0,0,1,3852.79,restaurant,0,0
TXN104604,C1625,5415.55,1,0,0,2,2560.45,travel,0,0
TXN104605,C1894,8572.7,10,0,0,1,7205.04,cash_withdrawal,0,0
TXN104606,C1102,3351.49,0,0,0,1,3145.49,restaurant,0,0
TXN104607,C1891,2320.88,22,0,0,1,2188.67,restaurant,0,0
TXN104608,C1742,2056.87,4,0,0,1,2779.86,grocery,1,0
TXN104609,C1616,4932.65,3,0,1,2,5157.77,cash_withdrawal,0,1
TXN104610,C1543,12776.94,8,1,1,1,6369.22,jewelry,0,0
TXN104611,C1769,3132.06,7,0,0,1,1582.1,travel,0,0
TXN104612,C1462,25776.45,19,0,0,1,19417.74,jewelry,0,0
TXN104613,C1674,955.44,15,0,0,2,1326.15,online_services,0,0
TXN104614,C1423,410.4,21,0,0,5,438.71,electronics,0,0
TXN104615,C1003,4637.62,20,0,0,1,1885.39,cash_withdrawal,0,0
TXN104616,C1329,3622.19,0,0,0,5,1793.89,jewelry,0,1
TXN104617,C1368,1741.31,1,0,0,1,1658.37,cash_withdrawal,0,1
TXN104618,C1753,1490.24,10,0,0,1,2162.16,jewelry,2,0
TXN104619,C1454,1785.58,7,0,0,1,2809.86,online_services,0,0
TXN104620,C1496,6098.4,12,0,0,2,9115.14,jewelry,0,0
TXN104621,C1627,5495.67,2,0,0,3,3117.34,travel,0,0
TXN104622,C1438,4381.41,15,0,0,4,2653.06,jewelry,0,0
TXN104623,C1877,4750.49,22,0,0,3,4797.1,grocery,2,1
TXN104624,C1751,1880.34,12,0,0,2,2719.05,travel,1,0
TXN104625,C1621,665.78,6,0,0,3,585.77,jewelry,0,1
TXN104626,C1146,1606.75,16,0,0,1,1110.01,online_services,0,0
TXN104627,C1803,1872.01,22,0,0,2,4166.16,online_services,0,0
TXN104628,C1032,3876.66,4,0,0,2,4811.36,restaurant,0,0
TXN104629,C1815,4331.34,2,0,0,3,4645.0,travel,0,0
TXN104630,C1852,1492.74,21,0,0,3,2459.15,online_services,1,0
TXN104631,C1895,4359.34,14,0,0,1,1260.4,electronics,0,0
TXN104632,C1917,5121.21,14,0,0,1,2159.94,grocery,0,0
TXN104633,C1493,7986.94,21,0,0,2,5250.94,online_services,1,0
TXN104634,C1246,2375.99,7,0,0,3,1149.27,electronics,0,0
TXN104635,C1174,2200.77,21,0,0,2,985.66,jewelry,0,0
TXN104636,C1091,2739.29,3,0,1,4,2449.26,restaurant,0,1
TXN104637,C1732,7176.45,0,0,0,1,4154.24,electronics,0,0
TXN104638,C1951,6517.27,10,0,1,1,7291.83,restaurant,0,0
TXN104639,C1784,1086.53,8,0,0,5,2142.09,electronics,1,0
TXN104640,C1736,4509.8,8,0,0,2,2717.89,jewelry,0,0
TXN104641,C1487,2383.26,21,0,0,1,1855.66,grocery,0,0
TXN104642,C1681,2618.75,4,0,0,4,2589.12,online_services,0,0
TXN104643,C1648,4025.44,23,0,0,3,3349.51,restaurant,0,0
TXN104644,C1092,2162.23,22,0,0,1,2820.13,travel,0,0
TXN104645,C1892,2153.6,7,0,0,1,7414.2,online_services,0,0
TXN104646,C1784,2761.18,19,1,0,2,1862.64,grocery,0,1
TXN104647,C1659,2416.96,10,0,0,1,3187.28,restaurant,1,0
TXN104648,C1932,1547.01,22,0,0,1,2155.94,jewelry,1,0
TXN104649,C1753,2006.89,23,0,0,1,3431.52,restaurant,0,0
TXN104650,C1669,3322.47,20,0,0,1,4079.54,cash_withdrawal,3,0
TXN104651,C1575,3245.95,13,0,0,1,3264.33,cash_withdrawal,2,1
TXN104652,C1238,4411.56,7,0,0,2,6354.76,travel,0,0
TXN104653,C1118,2548.37,9,0,0,2,2627.2,grocery,0,0
TXN104654,C1114,1376.9,2,0,0,1,1680.39,travel,0,0
TXN104655,C1758,1699.59,18,0,0,2,3358.61,electronics,2,0
TXN104656,C1762,1382.28,3,0,0,3,1593.81,online_services,2,0
TXN104657,C1376,5670.41,4,0,0,3,4259.2,cash_withdrawal,0,1
TXN104658,C1320,1824.1,12,0,0,1,1904.11,online_services,0,0
TXN104659,C1754,7127.74,0,0,0,2,4986.24,travel,0,0
TXN104660,C1063,985.96,18,0,0,2,2852.24,online_services,0,0
TXN104661,C1194,6465.91,12,0,0,1,7379.32,restaurant,0,0
TXN104662,C1327,1203.77,11,0,0,4,2593.79,cash_withdrawal,0,0
TXN104663,C1695,1701.6,4,0,0,1,1514.46,online_services,0,0
TXN104664,C1679,2227.05,19,0,0,1,1975.41,online_services,0,0
TXN104665,C1227,1979.34,3,0,0,1,3130.98,restaurant,1,0
TXN104666,C1009,15319.99,17,0,1,5,7985.34,cash_withdrawal,0,0
TXN104667,C1471,5112.98,10,0,0,1,6253.61,electronics,0,0
TXN104668,C1835,2660.28,9,0,0,4,3499.23,cash_withdrawal,0,0
TXN104669,C1224,524.99,15,0,0,1,1234.44,jewelry,0,0
TXN104670,C1466,14261.12,4,0,0,1,5612.59,online_services,0,0
TXN104671,C1290,11741.54,4,0,0,1,5652.59,jewelry,0,0
TXN104672,C1681,4695.07,22,0,0,1,5681.84,grocery,0,0
TXN104673,C1613,1482.64,10,0,1,3,1787.34,travel,0,0
TXN104674,C1514,4537.68,22,0,1,1,5795.98,grocery,1,0
TXN104675,C1280,1500.15,22,0,1,3,2518.7,online_services,0,0
TXN104676,C1489,841.93,20,0,0,2,1512.21,cash_withdrawal,2,0
TXN104677,C1220,9609.6,15,1,0,1,4703.0,travel,0,0
TXN104678,C1721,2272.17,12,0,0,2,3803.94,grocery,0,0
TXN104679,C1829,2841.94,10,0,0,2,4762.42,electronics,2,0
TXN104680,C1847,2185.51,22,0,0,4,2957.53,electronics,1,0
TXN104681,C1868,6081.33,23,1,0,1,5764.91,cash_withdrawal,3,0
TXN104682,C1230,13083.28,22,0,0,4,8641.29,jewelry,0,0
TXN104683,C1053,1088.84,5,0,0,1,1312.12,cash_withdrawal,0,0
TXN104684,C1499,1224.37,23,0,1,1,1236.86,restaurant,0,1
TXN104685,C1306,5883.08,21,0,0,3,5012.49,cash_withdrawal,2,0
TXN104686,C1163,232.1,0,0,0,2,429.1,online_services,1,1
TXN104687,C1401,5245.29,10,1,0,7,4324.84,restaurant,2,1
TXN104688,C1694,3229.45,15,0,0,1,3996.12,travel,0,0
TXN104689,C1775,4369.68,12,0,0,2,2678.45,restaurant,0,0
TXN104690,C1073,837.29,16,0,0,1,820.46,jewelry,0,0
TXN104691,C1289,3533.58,9,0,0,2,4865.71,jewelry,0,0
TXN104692,C1945,3238.31,6,0,0,1,2070.28,jewelry,0,0
TXN104693,C1876,378.79,17,0,0,2,595.13,restaurant,1,0
TXN104694,C1099,4413.57,4,0,0,2,1717.44,travel,0,1
TXN104695,C1770,1628.25,18,0,0,2,2127.77,cash_withdrawal,0,0
TXN104696,C1824,23189.95,1,0,0,1,9392.02,cash_withdrawal,0,1
TXN104697,C1957,6738.07,22,0,0,1,5090.66,travel,1,0
TXN104698,C1468,3923.52,20,0,0,1,3253.92,electronics,0,0
TXN104699,C1591,3584.31,4,1,1,3,3731.12,restaurant,0,0
TXN104700,C1712,5223.35,15,0,0,3,3845.86,travel,0,0
TXN104701,C1918,2575.18,4,0,0,2,4858.75,electronics,1,0
TXN104702,C1223,3043.62,23,0,0,3,2516.45,electronics,0,0
TXN104703,C1752,3274.55,20,0,0,1,4502.58,grocery,0,0
TXN104704,C1370,4322.67,23,0,0,3,3801.22,cash_withdrawal,3,0
TXN104705,C1589,3510.22,3,1,0,3,1614.5,jewelry,0,0
TXN104706,C1804,3854.2,4,0,0,1,4988.11,restaurant,0,1
TXN104707,C1973,1358.94,13,0,0,3,1452.65,jewelry,0,0
TXN104708,C1861,4182.97,5,0,0,4,2793.45,grocery,0,1
TXN104709,C1098,1453.38,11,0,0,1,2943.61,restaurant,0,0
TXN104710,C1183,774.0,1,0,0,2,1132.49,grocery,1,0
TXN104711,C1527,2767.7,20,1,0,1,4145.59,travel,2,0
TXN104712,C1607,3168.52,13,0,0,2,3285.98,electronics,0,0
TXN104713,C1642,3140.67,23,0,0,1,3126.56,restaurant,0,0
TXN104714,C1250,1079.41,1,0,0,2,799.86,grocery,0,1
TXN104715,C1246,813.04,12,0,0,1,1563.86,restaurant,0,0
TXN104716,C1309,3107.1,22,0,0,1,3059.35,online_services,0,0
TXN104717,C1977,664.27,5,0,0,3,734.61,jewelry,0,0
TXN104718,C1763,3929.19,12,0,0,1,7218.21,cash_withdrawal,0,0
TXN104719,C1708,2871.24,21,1,0,1,4547.68,jewelry,0,1
TXN104720,C1091,747.45,14,0,0,4,1377.4,cash_withdrawal,0,0
TXN104721,C1837,2528.88,20,0,0,2,2099.29,restaurant,0,0
TXN104722,C1281,828.49,20,0,0,1,1367.4,jewelry,0,0
TXN104723,C1455,8509.27,11,0,0,2,8337.37,grocery,2,0
TXN104724,C1122,1204.9,3,0,0,4,1229.66,grocery,0,0
TXN104725,C1124,4036.72,15,0,1,2,3221.65,jewelry,0,0
TXN104726,C1684,1135.42,16,0,0,1,1230.69,electronics,1,0
TXN104727,C1023,2426.98,18,0,0,3,2477.28,online_services,0,0
TXN104728,C1586,876.9,15,0,0,1,1486.71,travel,2,0
TXN104729,C1710,6859.34,23,0,0,4,3584.6,grocery,0,1
TXN104730,C1813,2809.84,18,0,0,4,2869.1,electronics,1,0
TXN104731,C1393,1335.56,15,0,0,1,1414.93,jewelry,0,0
TXN104732,C1719,3240.97,13,0,0,2,3076.41,travel,0,0
TXN104733,C1585,5136.93,4,0,0,3,2221.91,grocery,0,1
TXN104734,C1333,637.66,2,0,0,2,707.06,jewelry,3,0
TXN104735,C1930,2917.93,17,0,0,4,4500.68,electronics,0,0
TXN104736,C1415,1577.14,22,0,0,1,1036.43,grocery,2,0
TXN104737,C1403,2623.82,17,0,0,3,4345.43,cash_withdrawal,1,0
TXN104738,C1549,5394.36,16,1,0,5,3246.0,restaurant,0,1
TXN104739,C1065,934.73,16,0,0,3,1484.42,cash_withdrawal,1,0
TXN104740,C1598,464.42,17,0,0,1,549.05,jewelry,1,0
TXN104741,C1838,1049.42,20,1,0,3,1896.17,grocery,2,0
TXN104742,C1771,7677.4,6,0,0,4,2858.89,jewelry,0,0
TXN104743,C1919,2313.91,3,0,0,2,1909.9,electronics,2,0
TXN104744,C1882,911.39,19,1,0,1,982.95,jewelry,3,0
TXN104745,C1184,704.8,0,0,0,4,834.37,online_services,1,0
TXN104746,C1457,10641.4,10,0,0,1,17157.37,grocery,0,0
TXN104747,C1040,3806.39,4,0,0,3,3226.51,online_services,0,0
TXN104748,C1211,6620.7,20,0,0,3,3281.12,electronics,0,0
TXN104749,C1089,3842.36,17,0,0,3,2474.58,travel,0,0
TXN104750,C1871,1307.52,1,0,0,1,3276.08,grocery,0,0
TXN104751,C1127,1480.83,16,0,0,1,1391.35,travel,0,0
TXN104752,C1372,5375.8,17,0,0,3,4143.45,electronics,0,1
TXN104753,C1433,1429.67,21,0,0,2,1230.8,grocery,0,1
TXN104754,C1254,6730.2,9,0,0,2,6198.97,grocery,0,0
TXN104755,C1968,19024.33,16,0,0,2,5843.24,cash_withdrawal,0,0
TXN104756,C1300,4515.06,21,1,0,1,5258.25,online_services,0,0
TXN104757,C1455,3299.98,4,0,0,2,4067.75,online_services,0,0
TXN104758,C1502,3244.19,22,0,0,1,1450.72,travel,0,0
TXN104759,C1535,9332.94,11,0,0,1,7429.84,online_services,0,0
TXN104760,C1551,1231.8,16,0,0,1,1012.92,electronics,0,0
TXN104761,C1704,4943.3,3,0,0,4,2581.96,jewelry,0,0
TXN104762,C1839,1121.49,1,0,0,1,1564.08,electronics,0,0
TXN104763,C1037,3986.48,6,1,0,2,2657.97,electronics,0,0
TXN104764,C1306,1876.29,6,1,0,1,1864.85,electronics,0,0
TXN104765,C1616,1088.18,17,0,0,2,1646.95,electronics,0,0
TXN104766,C1605,2178.24,11,1,0,2,2017.87,travel,3,0
TXN104767,C1131,2636.59,23,0,0,1,4088.38,online_services,2,0
TXN104768,C1432,4020.0,2,0,0,2,2551.21,online_services,0,0
TXN104769,C1261,4266.35,8,0,0,4,6365.82,restaurant,2,0
TXN104770,C1665,4502.86,5,0,0,3,3165.84,restaurant,1,0
TXN104771,C1467,7655.75,2,0,0,6,3469.82,travel,0,0
TXN104772,C1692,10949.32,13,1,0,3,8852.98,jewelry,1,0
TXN104773,C1146,2778.18,17,0,0,2,4927.12,electronics,0,0
TXN104774,C1072,2498.95,20,0,0,1,2475.05,jewelry,0,0
TXN104775,C1275,2382.58,20,0,0,1,2436.95,jewelry,0,0
TXN104776,C1661,2902.06,6,0,0,1,3127.22,jewelry,0,0
TXN104777,C1381,2847.54,18,0,1,1,2661.04,jewelry,0,0
TXN104778,C1663,1621.26,16,0,0,5,1846.09,online_services,0,0
TXN104779,C1167,43782.81,13,0,0,1,13012.18,cash_withdrawal,0,0
TXN104780,C1157,5112.56,10,1,0,2,3945.98,cash_withdrawal,0,0
TXN104781,C1444,5058.08,12,0,0,4,5364.15,grocery,0,0
TXN104782,C1987,5321.87,19,0,0,5,2305.29,electronics,0,0
TXN104783,C1079,1684.54,8,0,0,1,3613.0,grocery,0,0
TXN104784,C1544,2743.07,3,1,0,2,3307.74,jewelry,0,0
TXN104785,C1561,1345.05,13,0,0,3,1768.14,grocery,1,0
TXN104786,C1337,1598.96,20,0,0,1,3694.55,grocery,0,0
TXN104787,C1371,9339.95,10,0,0,1,5605.24,cash_withdrawal,0,0
TXN104788,C1279,2452.76,4,0,0,6,2854.19,cash_withdrawal,0,0
TXN104789,C1817,3387.04,7,0,0,4,4131.92,travel,0,0
TXN104790,C1010,1184.81,3,0,1,3,1977.4,restaurant,0,0
TXN104791,C1992,5630.59,7,0,0,2,8214.94,restaurant,0,0
TXN104792,C1974,17828.43,3,0,0,1,13878.28,cash_withdrawal,1,0
TXN104793,C1947,1809.61,3,0,0,3,2152.17,electronics,2,0
TXN104794,C1539,4565.81,23,0,0,1,4254.28,travel,2,0
TXN104795,C1602,4393.09,15,0,0,3,3514.66,grocery,0,0
TXN104796,C1541,1956.0,11,0,0,1,1734.84,jewelry,0,0
TXN104797,C1585,1015.63,9,0,0,3,1388.41,online_services,0,0
TXN104798,C1277,4724.43,19,0,0,1,6894.38,grocery,0,0
TXN104799,C1918,4061.73,1,0,0,3,7060.42,electronics,0,0
TXN104800,C1325,3998.36,12,0,0,2,3143.9,electronics,0,0
TXN104801,C1353,4041.18,23,0,0,1,2448.74,jewelry,1,0
TXN104802,C1991,2102.69,17,0,0,2,2051.88,online_services,0,0
TXN104803,C1608,6592.43,12,0,0,4,11539.6,restaurant,0,0
TXN104804,C1606,5634.46,4,0,0,1,5755.32,travel,0,0
TXN104805,C1009,1961.06,21,1,0,7,3244.62,online_services,0,1
TXN104806,C1730,1090.68,4,0,0,1,800.21,jewelry,0,0
TXN104807,C1129,3264.82,4,0,0,1,3194.69,restaurant,0,0
TXN104808,C1581,1753.46,23,0,1,1,1294.25,travel,0,0
TXN104809,C1054,9880.74,23,0,0,3,7368.45,jewelry,0,0
TXN104810,C1997,6318.7,11,0,0,1,2999.88,jewelry,1,0
TXN104811,C1796,1881.31,7,0,0,1,3288.77,jewelry,0,0
TXN104812,C1623,1067.37,13,0,0,1,1468.62,jewelry,0,0
TXN104813,C1468,2421.92,5,0,0,1,2998.11,restaurant,1,0
TXN104814,C1362,512.46,14,0,0,1,969.63,online_services,0,0
TXN104815,C1293,603.05,8,0,0,4,764.99,restaurant,1,1
TXN104816,C1533,2620.2,22,0,0,1,2629.69,cash_withdrawal,0,0
TXN104817,C1234,3788.9,9,0,0,3,2152.65,jewelry,0,0
TXN104818,C1878,1539.67,2,0,0,1,4653.78,travel,0,0
TXN104819,C1416,1743.7,10,0,0,1,1807.08,cash_withdrawal,2,0
TXN104820,C1092,2357.36,20,0,0,2,2539.07,grocery,0,0
TXN104821,C1078,3114.67,23,0,0,2,3587.03,electronics,2,1
TXN104822,C1967,18633.76,2,0,0,1,12800.33,electronics,2,1
TXN104823,C1589,2381.08,1,0,0,2,3120.69,grocery,0,0
TXN104824,C1761,2390.18,9,0,1,5,3920.25,online_services,2,0
TXN104825,C1951,2386.31,15,0,0,1,2135.96,cash_withdrawal,1,0
TXN104826,C1895,451.7,0,0,0,1,1084.63,restaurant,0,1
TXN104827,C1693,4300.12,16,0,0,3,3562.94,jewelry,2,0
TXN104828,C1139,2344.43,15,0,0,1,2728.96,restaurant,0,0
TXN104829,C1527,1967.95,21,0,0,6,1763.63,jewelry,0,0
TXN104830,C1909,1336.67,17,1,0,1,1795.54,jewelry,0,0
TXN104831,C1127,1400.62,12,0,0,4,1854.88,grocery,0,0
TXN104832,C1631,1864.34,6,0,0,2,1411.22,cash_withdrawal,0,0
TXN104833,C1763,1752.89,0,0,0,3,2183.23,jewelry,1,1
TXN104834,C1435,2582.92,22,0,0,3,3771.59,online_services,0,0
TXN104835,C1767,4225.73,11,0,0,3,4985.96,electronics,0,0
TXN104836,C1756,3197.43,21,0,0,2,2904.54,cash_withdrawal,0,0
TXN104837,C1901,872.76,16,0,0,1,1571.74,jewelry,1,0
TXN104838,C1623,801.01,1,0,0,3,825.03,online_services,0,1
TXN104839,C1459,3049.63,5,0,0,2,1787.86,jewelry,0,0
TXN104840,C1952,3299.73,16,0,0,1,2488.3,electronics,0,0
TXN104841,C1179,1265.23,2,0,0,1,2308.14,travel,0,1
TXN104842,C1859,5604.25,4,1,0,2,3522.33,online_services,3,0
TXN104843,C1361,998.84,1,0,0,1,1314.91,restaurant,1,0
TXN104844,C1507,2933.71,12,0,0,4,2075.13,electronics,0,1
TXN104845,C1382,3902.63,3,0,0,5,2230.98,travel,0,0
TXN104846,C1935,4493.31,21,0,0,1,3403.79,electronics,2,1
TXN104847,C1851,943.47,17,0,0,1,1079.1,cash_withdrawal,0,1
TXN104848,C1784,1293.34,3,0,0,2,1180.24,travel,0,0
TXN104849,C1306,2280.68,15,0,0,1,1959.35,travel,1,0
TXN104850,C1271,5322.31,6,1,0,2,3400.91,grocery,0,0
TXN104851,C1755,1581.61,20,0,0,3,1878.01,online_services,0,0
TXN104852,C1403,6950.11,6,0,0,1,4115.36,travel,0,0
TXN104853,C1951,5009.95,20,0,0,1,3279.07,online_services,0,0
TXN104854,C1845,19767.7,1,0,0,4,10543.99,restaurant,0,1
TXN104855,C1913,6900.08,19,0,0,1,6887.57,cash_withdrawal,0,0
TXN104856,C1499,1209.41,1,1,0,1,1263.31,travel,0,0
TXN104857,C1006,28873.65,19,0,0,3,13033.65,restaurant,0,0
TXN104858,C1336,1813.24,9,0,0,1,3668.81,travel,1,1
TXN104859,C1109,946.65,0,0,0,2,1396.83,travel,0,0
TXN104860,C1911,2806.37,23,0,0,2,3802.26,electronics,0,0
TXN104861,C1411,986.96,11,0,0,5,1872.79,grocery,0,0
TXN104862,C1103,798.54,13,0,0,1,684.62,restaurant,0,0
TXN104863,C1202,2393.76,2,0,0,3,1831.93,online_services,0,1
TXN104864,C1526,4443.87,4,0,0,3,3341.77,restaurant,1,0
TXN104865,C1126,10209.09,15,0,0,4,10116.77,grocery,2,0
TXN104866,C1159,2298.97,21,0,0,3,2081.89,travel,1,0
TXN104867,C1231,4285.94,15,1,0,2,5853.97,restaurant,1,0
TXN104868,C1383,1780.87,9,0,0,1,2996.17,travel,0,0
TXN104869,C1438,1340.77,5,0,0,2,1330.98,online_services,2,0
TXN104870,C1831,6273.9,8,0,1,1,2169.82,grocery,0,0
TXN104871,C1449,3620.49,21,0,0,1,2524.44,cash_withdrawal,0,0
TXN104872,C1449,8888.92,5,1,0,3,7060.05,electronics,0,1
TXN104873,C1362,6833.98,23,0,0,3,3668.93,restaurant,0,0
TXN104874,C1005,1243.62,11,0,0,1,2301.83,cash_withdrawal,1,0
TXN104875,C1726,3273.67,6,0,0,3,3424.02,grocery,1,0
TXN104876,C1194,3486.51,9,0,0,1,3892.12,grocery,2,1
TXN104877,C1136,2042.36,12,0,0,1,845.08,restaurant,2,0
TXN104878,C1761,2674.55,10,0,0,2,1646.39,grocery,0,0
TXN104879,C1164,9177.04,21,0,0,2,5833.79,electronics,0,0
TXN104880,C1971,2494.34,15,0,1,1,2915.63,jewelry,0,0
TXN104881,C1272,7843.35,3,0,1,2,14179.89,restaurant,0,0
TXN104882,C1500,3950.9,17,0,0,3,3354.51,restaurant,0,0
TXN104883,C1819,1862.9,21,1,0,1,1453.61,jewelry,0,0
TXN104884,C1130,2313.24,10,1,0,4,2879.08,cash_withdrawal,0,1
TXN104885,C1782,1898.72,12,0,0,3,2147.82,online_services,0,0
TXN104886,C1743,1276.14,23,0,0,1,1070.72,cash_withdrawal,0,0
TXN104887,C1845,5749.74,12,1,0,1,2240.47,electronics,0,1
TXN104888,C1112,945.9,3,1,0,5,1191.11,cash_withdrawal,0,1
TXN104889,C1021,2329.13,4,0,0,3,3854.76,electronics,0,1
TXN104890,C1352,2353.0,16,0,0,3,4574.19,grocery,0,0
TXN104891,C1785,628.0,21,0,0,1,1029.12,electronics,1,0
TXN104892,C1053,4448.3,21,0,0,2,3772.35,cash_withdrawal,0,0
TXN104893,C1350,980.09,13,0,0,3,2104.53,online_services,0,0
TXN104894,C1755,2164.1,0,0,0,1,2182.46,restaurant,0,0
TXN104895,C1491,7045.58,9,0,0,3,4681.18,travel,0,0
TXN104896,C1497,7467.18,2,0,0,1,3498.4,cash_withdrawal,0,1
TXN104897,C1439,1077.42,7,0,0,1,1811.41,online_services,0,0
TXN104898,C1156,2991.51,23,0,0,2,3927.22,online_services,0,0
TXN104899,C1191,9832.76,7,0,0,3,4367.06,travel,0,0
TXN104900,C1785,2603.51,3,0,0,1,2666.28,cash_withdrawal,0,0
TXN104901,C1269,4544.31,22,1,0,1,2801.64,electronics,0,1
TXN104902,C1682,2120.8,13,0,0,5,3522.58,electronics,3,1
TXN104903,C1485,5535.63,22,0,0,1,2849.15,cash_withdrawal,0,0
TXN104904,C1829,2103.42,3,0,0,3,3083.53,jewelry,3,1
TXN104905,C1747,2325.42,16,0,0,5,2703.68,online_services,0,0
TXN104906,C1185,2762.08,6,0,0,1,2331.89,cash_withdrawal,1,0
TXN104907,C1605,2894.14,20,0,0,1,4133.76,jewelry,0,0
TXN104908,C1152,4034.17,7,0,1,2,3457.91,grocery,0,1
TXN104909,C1135,2835.73,12,0,0,1,1842.67,grocery,0,0
TXN104910,C1280,3235.23,6,0,0,2,3604.93,electronics,2,0
TXN104911,C1436,1043.04,0,0,0,1,695.54,online_services,0,0
TXN104912,C1204,2445.97,2,0,0,2,2942.69,cash_withdrawal,0,1
TXN104913,C1052,8296.38,12,0,0,3,8477.56,restaurant,0,0
TXN104914,C1537,6212.35,9,0,0,1,4994.62,jewelry,0,0
TXN104915,C1648,1209.83,7,0,0,1,473.17,electronics,0,0
TXN104916,C1344,4581.2,13,0,0,2,3461.13,restaurant,0,0
TXN104917,C1062,934.1,16,0,0,1,1447.23,restaurant,3,0
TXN104918,C1659,5502.21,1,0,0,1,4354.72,travel,3,0
TXN104919,C1112,6448.09,8,0,0,1,4902.75,travel,0,0
TXN104920,C1287,1368.2,11,0,0,2,2271.36,jewelry,1,0
TXN104921,C1428,2655.41,7,0,0,4,3062.7,travel,0,0
TXN104922,C1916,2504.48,1,0,0,3,4572.93,electronics,0,1
TXN104923,C1041,4646.86,0,0,0,2,4676.54,grocery,0,1
TXN104924,C1676,9947.81,23,0,0,2,10556.26,travel,0,0
TXN104925,C1217,4582.07,9,0,0,2,6223.7,restaurant,0,0
TXN104926,C1286,3204.85,19,0,0,1,1672.73,grocery,1,0
TXN104927,C1441,1732.55,5,0,0,3,1347.9,travel,0,0
TXN104928,C1971,4800.32,15,0,0,3,6261.97,travel,0,0
TXN104929,C1342,1308.69,9,0,0,1,3170.38,grocery,0,0
TXN104930,C1099,909.43,21,0,0,2,2396.1,grocery,0,0
TXN104931,C1699,12197.91,17,0,0,3,5059.55,cash_withdrawal,2,1
TXN104932,C1882,2392.68,4,0,0,3,1601.79,travel,0,1
TXN104933,C1369,1731.82,23,0,0,1,1363.64,cash_withdrawal,0,0
TXN104934,C1370,7595.15,23,0,0,1,8873.2,cash_withdrawal,0,0
TXN104935,C1603,1891.64,16,0,0,3,2915.11,online_services,0,0
TXN104936,C1380,965.2,7,0,0,2,2648.71,jewelry,0,0
TXN104937,C1282,9748.01,6,1,0,1,7004.02,online_services,2,1
TXN104938,C1393,7396.37,2,0,0,1,4903.57,grocery,0,0
TXN104939,C1133,258.49,20,0,0,2,637.17,jewelry,0,0
TXN104940,C1616,1876.24,3,0,0,2,1829.62,grocery,0,1
TXN104941,C1600,4083.45,20,0,1,1,2319.86,cash_withdrawal,0,0
TXN104942,C1195,1012.7,6,0,0,1,1256.95,jewelry,0,0
TXN104943,C1456,9082.47,3,0,0,1,8756.54,grocery,0,1
TXN104944,C1964,3361.49,17,0,0,1,5274.65,online_services,0,0
TXN104945,C1351,4783.28,9,0,0,1,6244.2,jewelry,0,0
TXN104946,C1485,4758.0,6,0,0,1,6015.56,online_services,1,0
TXN104947,C1738,3530.2,4,0,0,1,2440.05,grocery,0,1
TXN104948,C1130,5988.21,6,0,0,1,8694.09,restaurant,0,0
TXN104949,C1563,1167.18,22,0,0,2,1236.73,travel,1,0
TXN104950,C1912,1600.01,17,0,0,2,1452.6,travel,0,0
TXN104951,C1916,2521.7,11,1,0,4,1791.1,restaurant,0,0
TXN104952,C1644,3406.49,22,0,0,5,1464.36,grocery,0,1
TXN104953,C1932,5133.4,13,0,0,2,3185.08,grocery,1,0
TXN104954,C1494,2637.0,13,0,0,1,2842.65,online_services,2,0
TXN104955,C1953,1004.64,16,0,0,3,1285.21,cash_withdrawal,0,0
TXN104956,C1022,2150.93,5,0,0,3,1870.86,online_services,0,0
TXN104957,C1280,2238.58,22,0,0,2,2536.12,electronics,0,0
TXN104958,C1296,3949.54,1,0,0,2,2121.52,online_services,0,0
TXN104959,C1062,964.62,22,0,1,4,859.73,electronics,0,0
TXN104960,C1758,2302.12,12,0,1,1,1952.62,restaurant,2,0
TXN104961,C1701,1616.33,17,0,0,4,1765.48,cash_withdrawal,2,0
TXN104962,C1525,2992.45,2,0,0,2,2659.72,electronics,0,0
TXN104963,C1448,1353.39,16,0,0,2,2666.62,restaurant,2,0
TXN104964,C1575,1509.7,12,1,0,1,1598.74,restaurant,2,1
TXN104965,C1621,8064.7,8,1,0,1,10814.5,electronics,1,0
TXN104966,C1188,3465.86,0,0,0,1,3044.45,electronics,0,0
TXN104967,C1585,4149.47,6,0,0,2,3925.9,online_services,1,0
TXN104968,C1713,2910.61,0,0,0,3,2822.68,cash_withdrawal,0,1
TXN104969,C1525,4230.3,14,0,0,1,2998.56,online_services,0,0
TXN104970,C1724,2162.7,23,0,0,1,1344.49,online_services,0,0
TXN104971,C1265,2329.41,9,0,1,5,2568.96,cash_withdrawal,0,1
TXN104972,C1225,2349.42,9,1,0,1,2637.03,jewelry,0,0
TXN104973,C1274,2603.26,17,0,0,1,4443.07,grocery,0,0
TXN104974,C1175,8523.98,7,0,0,1,5031.81,grocery,1,0
TXN104975,C1546,9274.24,7,0,0,2,5158.96,travel,0,0
TXN104976,C1040,1604.57,20,1,0,3,1498.97,electronics,1,0
TXN104977,C1964,706.14,8,0,0,1,792.51,electronics,0,0
TXN104978,C1276,5272.0,1,0,0,3,4103.44,jewelry,3,1
TXN104979,C1254,3071.11,6,0,0,2,3530.21,online_services,1,1
TXN104980,C1118,2193.8,0,1,0,2,2382.99,jewelry,0,0
TXN104981,C1355,3878.69,20,0,0,1,2931.73,online_services,0,0
TXN104982,C1995,1595.43,11,0,0,1,1714.89,travel,1,0
TXN104983,C1085,2647.89,22,0,0,1,3110.47,online_services,0,0
TXN104984,C1270,1447.46,23,1,0,1,1609.09,electronics,0,0
TXN104985,C1418,2737.49,19,0,0,1,4748.19,travel,0,0
TXN104986,C1332,1955.97,1,0,0,1,2459.19,jewelry,1,1
TXN104987,C1835,2496.19,0,0,0,1,3231.3,cash_withdrawal,1,0
TXN104988,C1364,3026.35,7,0,0,5,2954.79,jewelry,0,0
TXN104989,C1988,4034.22,8,1,0,1,3259.54,electronics,0,0
TXN104990,C1262,1846.63,0,1,0,1,1190.79,online_services,0,0
TXN104991,C1673,2492.58,18,0,0,3,2149.62,grocery,0,1
TXN104992,C1739,2243.65,23,0,1,2,2969.17,jewelry,0,1
TXN104993,C1391,6492.95,20,0,0,1,5454.25,travel,1,1
TXN104994,C1890,2982.64,20,0,0,2,2492.19,jewelry,1,0
TXN104995,C1618,2073.81,17,0,0,2,1987.69,electronics,0,0
TXN104996,C1836,2710.05,14,0,0,1,1990.89,electronics,0,0
TXN104997,C1332,3079.92,8,0,1,4,4079.71,electronics,0,1
TXN104998,C1595,2476.1,20,0,0,2,2222.46,cash_withdrawal,0,0
TXN104999,C1878,4859.3,12,0,0,2,3082.56,electronics,0,0
TXN105000,C1456,1933.17,7,0,0,5,2295.93,jewelry,0,0
TXN105001,C1743,1694.18,13,0,0,2,1382.59,travel,0,0
TXN105002,C1151,2533.09,15,0,0,3,3524.24,grocery,1,0
TXN105003,C1507,1458.19,5,0,0,4,2238.64,restaurant,0,0
TXN105004,C1189,1060.92,5,0,0,2,872.9,electronics,1,0
TXN105005,C1583,1226.58,15,0,0,1,1605.14,jewelry,0,0
TXN105006,C1184,1482.39,20,0,0,3,1615.8,travel,0,0
TXN105007,C1021,6796.09,9,0,0,4,7432.46,electronics,2,0
TXN105008,C1906,1495.44,5,0,0,5,1601.95,cash_withdrawal,2,1
TXN105009,C1403,3967.21,21,0,0,2,6823.32,online_services,0,0
TXN105010,C1192,17599.38,2,0,0,1,9480.32,electronics,0,0
TXN105011,C1073,2502.11,13,0,0,4,5116.02,electronics,0,0
TXN105012,C1465,4441.59,20,0,0,3,4760.63,restaurant,0,0
TXN105013,C1102,3870.47,23,0,0,2,2266.86,online_services,0,0
TXN105014,C1140,7251.71,23,1,0,5,3927.51,cash_withdrawal,0,1
TXN105015,C1827,3310.87,0,0,0,1,2141.22,online_services,1,0
TXN105016,C1102,1983.49,12,0,0,2,1750.02,restaurant,3,0
TXN105017,C1021,2540.59,3,0,0,1,2112.42,cash_withdrawal,0,0
TXN105018,C1013,695.51,20,0,1,7,1431.53,grocery,0,0
TXN105019,C1135,3561.19,7,0,0,3,2997.53,cash_withdrawal,0,0
TXN105020,C1085,4464.62,8,0,0,1,3374.99,electronics,2,0
TXN105021,C1961,9675.5,20,0,0,2,5496.86,online_services,0,0
TXN105022,C1013,721.13,0,0,1,1,1026.06,cash_withdrawal,2,0
TXN105023,C1108,6856.22,17,0,0,1,5656.3,jewelry,0,0
TXN105024,C1837,654.34,10,0,0,2,873.6,cash_withdrawal,0,0
TXN105025,C1724,4175.15,2,0,1,3,4045.32,electronics,1,1
TXN105026,C1142,738.86,15,0,1,3,1251.78,cash_withdrawal,0,0
TXN105027,C1576,2922.58,14,0,0,1,1610.75,cash_withdrawal,0,0
TXN105028,C1167,2047.5,9,0,0,3,2253.71,travel,0,0
TXN105029,C1490,1134.23,4,0,0,2,1821.33,electronics,1,0
TXN105030,C1057,1741.49,17,0,0,1,2393.36,jewelry,1,0
TXN105031,C1273,1436.6,20,0,0,2,2838.49,online_services,1,0
TXN105032,C1126,4296.65,0,0,1,3,4381.64,cash_withdrawal,0,1
TXN105033,C1045,11036.19,3,0,0,1,5527.7,online_services,1,1
TXN105034,C1303,1342.29,3,0,0,1,1013.45,online_services,0,0
TXN105035,C1907,3475.61,13,1,0,4,5599.18,electronics,0,0
TXN105036,C1001,563.39,7,0,0,2,710.37,grocery,0,0
TXN105037,C1232,1396.4,13,0,0,1,2024.73,restaurant,0,0
TXN105038,C1150,4393.68,11,0,0,2,7213.64,jewelry,0,0
TXN105039,C1293,5476.86,7,0,0,1,4861.12,jewelry,0,0
TXN105040,C1393,1514.56,21,0,1,1,1927.42,jewelry,0,0
TXN105041,C1842,9919.04,3,1,0,1,5484.18,restaurant,0,1
TXN105042,C1173,3341.54,3,0,1,1,4970.24,electronics,1,1
TXN105043,C1104,2693.1,9,0,0,3,2306.55,travel,0,0
TXN105044,C1078,2331.67,19,0,0,1,1890.62,travel,1,0
TXN105045,C1121,698.97,11,0,0,3,1628.87,grocery,0,0
TXN105046,C1917,8342.54,1,0,0,1,6039.93,online_services,1,0
TXN105047,C1154,2976.89,5,0,0,1,4211.14,restaurant,2,0
TXN105048,C1543,4783.85,10,0,0,2,4575.58,online_services,0,0
TXN105049,C1185,4612.32,21,0,0,5,3144.86,restaurant,0,1
TXN105050,C1153,4076.74,21,0,0,1,2468.73,jewelry,0,0
TXN105051,C1308,3088.39,19,0,0,2,2732.25,cash_withdrawal,0,0
TXN105052,C1293,5866.12,11,0,0,1,4917.2,grocery,0,0
TXN105053,C1277,666.06,15,0,0,1,1640.72,jewelry,0,0
TXN105054,C1377,3044.13,8,0,0,3,3281.01,cash_withdrawal,0,0
TXN105055,C1928,418.14,22,0,0,2,978.51,cash_withdrawal,2,0
TXN105056,C1078,1913.54,0,0,0,1,2371.63,cash_withdrawal,0,0
TXN105057,C1955,3378.96,4,0,0,1,3638.15,cash_withdrawal,0,1
TXN105058,C1671,4891.87,4,0,0,3,3215.36,travel,1,0
TXN105059,C1151,2754.95,12,0,0,4,1766.75,restaurant,0,1
TXN105060,C1738,7321.09,15,0,0,2,7613.4,cash_withdrawal,0,0
TXN105061,C1068,2422.62,3,0,0,3,1519.58,online_services,0,0
TXN105062,C1437,815.86,23,0,0,2,1408.23,travel,0,0
TXN105063,C1148,3128.55,2,0,0,1,2747.44,travel,0,1
TXN105064,C1130,2710.18,5,0,0,2,2801.05,cash_withdrawal,2,0
TXN105065,C1394,12110.92,11,0,0,1,6982.99,travel,2,0
TXN105066,C1506,2379.44,13,0,0,2,3687.64,restaurant,1,0
TXN105067,C1710,4456.38,13,0,0,2,7119.07,online_services,0,1
TXN105068,C1812,2429.63,20,0,0,2,1590.01,travel,0,1
TXN105069,C1141,959.99,20,0,0,2,1266.59,electronics,0,0
TXN105070,C1392,878.33,13,0,0,1,747.66,online_services,0,0
TXN105071,C1509,15116.3,17,0,0,2,7950.6,online_services,0,0
TXN105072,C1504,650.29,17,0,0,2,914.74,online_services,0,0
TXN105073,C1841,2959.6,7,0,0,2,3257.1,restaurant,0,0
TXN105074,C1085,2938.91,18,0,0,2,2401.83,jewelry,0,0
TXN105075,C1431,4096.53,16,0,0,2,5538.95,online_services,0,0
TXN105076,C1795,1393.83,22,0,0,1,2162.16,cash_withdrawal,0,0
TXN105077,C1766,2549.52,7,0,0,3,2963.79,jewelry,0,0
TXN105078,C1089,1815.09,7,0,0,1,2273.34,travel,1,0
TXN105079,C1002,4580.95,6,0,0,2,4185.76,cash_withdrawal,0,0
TXN105080,C1017,4886.36,11,0,0,4,12005.44,online_services,0,0
TXN105081,C1485,2117.91,4,0,0,6,1530.7,grocery,0,0
TXN105082,C1061,2134.14,11,0,0,1,1501.98,travel,0,0
TXN105083,C1869,2316.35,4,1,1,1,2283.26,travel,0,1
TXN105084,C1471,19296.77,4,0,0,6,10293.7,cash_withdrawal,0,0
TXN105085,C1873,2703.67,17,0,0,2,1437.93,restaurant,1,0
TXN105086,C1248,3066.53,6,1,0,1,2124.32,cash_withdrawal,2,0
TXN105087,C1229,1913.01,1,0,0,3,2765.02,jewelry,0,0
TXN105088,C1141,2978.19,3,0,1,4,4341.83,jewelry,0,0
TXN105089,C1720,423.02,4,0,0,1,644.89,restaurant,0,0
TXN105090,C1750,1693.02,0,0,1,3,2268.1,jewelry,0,0
TXN105091,C1988,7112.72,13,1,0,1,7931.64,travel,0,1
TXN105092,C1055,963.47,22,0,0,3,1197.1,grocery,0,0
TXN105093,C1678,2850.33,18,0,0,1,2401.01,grocery,0,0
TXN105094,C1488,3086.69,19,0,0,1,4225.67,cash_withdrawal,3,0
TXN105095,C1161,6514.7,0,0,0,1,9743.35,electronics,2,1
TXN105096,C1374,3509.71,4,1,0,2,3080.44,grocery,1,0
TXN105097,C1250,3863.51,2,0,0,3,1920.89,grocery,0,0
TXN105098,C1582,2226.33,13,0,0,2,3734.21,electronics,0,0
TXN105099,C1783,1195.17,5,0,1,1,1453.37,restaurant,0,0
TXN105100,C1761,1811.09,4,0,0,4,2950.99,jewelry,0,0
TXN105101,C1540,1564.94,22,0,0,1,2116.12,travel,2,0
TXN105102,C1481,1533.23,13,0,0,4,1575.23,jewelry,1,0
TXN105103,C1345,3152.02,14,0,0,1,3129.58,cash_withdrawal,1,1
TXN105104,C1660,5305.9,22,0,0,1,5486.21,grocery,0,0
TXN105105,C1293,4772.38,3,0,0,4,2443.99,electronics,1,1
TXN105106,C1061,3046.33,20,1,0,1,1896.64,grocery,0,0
TXN105107,C1618,12291.47,5,0,0,1,4327.15,online_services,3,1
TXN105108,C1164,2505.58,0,0,0,4,5299.83,restaurant,0,0
TXN105109,C1852,1010.31,13,1,0,3,1252.05,jewelry,0,0
TXN105110,C1970,2478.66,14,0,0,1,3774.16,online_services,0,1
TXN105111,C1728,5983.41,8,0,0,2,4822.92,online_services,0,0
TXN105112,C1513,4389.18,9,0,0,4,4422.46,jewelry,0,0
TXN105113,C1232,1277.12,13,0,0,2,1893.9,electronics,0,0
TXN105114,C1278,1759.34,2,1,1,1,1180.76,online_services,0,0
TXN105115,C1386,2403.5,4,0,0,1,1404.38,jewelry,1,1
TXN105116,C1216,6357.37,12,0,0,4,2062.85,online_services,1,0
TXN105117,C1057,1118.07,7,0,0,1,1902.18,restaurant,1,0
TXN105118,C1188,3316.47,23,0,0,2,3370.95,online_services,0,0
TXN105119,C1619,3688.95,2,0,0,2,3658.29,cash_withdrawal,1,0
TXN105120,C1709,6655.63,14,0,1,1,10283.48,restaurant,0,1
TXN105121,C1320,7191.82,20,1,0,1,6695.09,jewelry,0,0
TXN105122,C1414,1749.14,12,0,0,1,1591.54,electronics,0,0
TXN105123,C1055,9092.97,11,0,0,2,7886.18,jewelry,0,0
TXN105124,C1434,4896.52,6,0,0,1,5681.47,travel,2,1
TXN105125,C1111,6840.66,3,1,0,1,10597.59,grocery,1,0
TXN105126,C1371,3760.47,19,0,0,2,4442.5,cash_withdrawal,0,0
TXN105127,C1866,1024.37,10,0,1,2,1683.44,grocery,3,0
TXN105128,C1245,2398.63,9,0,0,3,1437.93,electronics,0,0
TXN105129,C1554,1747.69,3,0,0,3,4145.08,grocery,0,0
TXN105130,C1216,10056.07,19,0,0,1,9151.49,grocery,0,0
TXN105131,C1774,3613.18,9,0,0,3,5095.07,electronics,0,0
TXN105132,C1564,1537.08,6,0,0,2,1958.01,jewelry,0,0
TXN105133,C1951,891.86,1,0,0,3,1253.24,electronics,0,0
TXN105134,C1275,3583.55,2,0,0,1,1809.11,online_services,0,0
TXN105135,C1578,4180.87,1,0,0,1,3777.21,online_services,0,0
TXN105136,C1809,8148.02,15,0,0,1,6489.55,grocery,2,0
TXN105137,C1049,8573.56,10,0,0,1,5917.24,grocery,0,0
TXN105138,C1966,1020.47,9,0,0,2,854.62,grocery,0,1
TXN105139,C1365,3889.72,9,0,0,5,5401.65,restaurant,0,0
TXN105140,C1512,568.02,6,0,0,1,1379.93,travel,1,0
TXN105141,C1769,5455.7,12,0,0,1,8913.91,jewelry,1,0
TXN105142,C1364,1439.55,4,0,0,2,2021.45,jewelry,0,0
TXN105143,C1690,1107.83,3,0,0,1,1449.85,travel,0,0
TXN105144,C1417,7147.38,23,0,0,1,4569.29,online_services,0,0
TXN105145,C1103,3123.08,16,0,0,1,2871.88,cash_withdrawal,0,0
TXN105146,C1793,4182.81,4,0,0,1,3582.69,grocery,0,0
TXN105147,C1601,5097.13,12,1,0,3,3318.57,restaurant,0,0
TXN105148,C1600,4208.68,1,0,0,3,4633.81,travel,0,0
TXN105149,C1165,2931.61,4,0,0,3,3314.57,jewelry,1,0
TXN105150,C1474,1675.3,2,0,0,2,3200.92,jewelry,0,0
TXN105151,C1095,325.87,22,0,0,3,573.99,electronics,1,0
TXN105152,C1905,4344.96,6,0,0,1,2042.88,cash_withdrawal,0,0
TXN105153,C1697,2936.3,20,0,0,2,3863.76,electronics,0,0
TXN105154,C1787,7059.47,22,0,0,2,9278.1,electronics,0,0
TXN105155,C1986,9803.36,16,0,0,4,11050.42,online_services,0,0
TXN105156,C1746,6428.67,19,1,0,5,5054.16,jewelry,0,1
TXN105157,C1535,2954.46,10,0,0,1,3442.48,restaurant,0,0
TXN105158,C1804,1429.24,4,0,0,1,1457.18,travel,0,0
TXN105159,C1297,4071.37,11,0,0,2,3919.33,online_services,0,0
TXN105160,C1876,4413.12,13,1,0,4,3877.5,grocery,0,0
TXN105161,C1912,6011.16,22,0,1,1,5472.33,cash_withdrawal,0,0
TXN105162,C1699,2882.87,12,0,0,1,2303.46,electronics,0,0
TXN105163,C1213,1027.51,19,0,0,3,853.83,online_services,1,0
TXN105164,C1076,984.09,4,0,0,2,1875.25,online_services,0,0
TXN105165,C1642,1113.73,15,0,0,2,1907.34,grocery,0,0
TXN105166,C1824,5248.03,0,0,0,3,2114.03,electronics,0,0
TXN105167,C1784,4200.21,9,0,0,4,6020.02,online_services,0,0
TXN105168,C1888,2667.23,2,0,0,4,3446.88,restaurant,2,0
TXN105169,C1096,5169.4,14,0,0,2,3415.48,travel,0,0
TXN105170,C1173,1236.79,9,0,0,3,2832.83,electronics,1,0
TXN105171,C1069,871.39,8,0,0,4,1000.53,online_services,1,0
TXN105172,C1372,9980.18,11,0,0,3,10156.09,grocery,0,0
TXN105173,C1072,6006.8,5,0,0,2,4479.72,jewelry,0,0
TXN105174,C1790,553.82,14,0,1,1,808.49,travel,0,0
TXN105175,C1484,2698.88,8,0,0,2,1473.51,cash_withdrawal,0,0
TXN105176,C1897,5629.76,14,0,0,2,7314.56,jewelry,0,0
TXN105177,C1946,1899.99,4,0,0,1,3201.04,grocery,2,1
TXN105178,C1995,15253.77,18,0,1,1,8590.63,restaurant,0,0
TXN105179,C1040,5082.88,11,0,1,1,3830.73,cash_withdrawal,0,0
TXN105180,C1293,3870.18,12,0,0,1,2723.69,restaurant,0,0
TXN105181,C1877,4124.16,19,0,0,2,2929.32,jewelry,0,0
TXN105182,C1132,2544.48,14,0,0,1,3946.81,travel,0,0
TXN105183,C1524,2495.34,19,0,0,1,2446.28,travel,0,0
TXN105184,C1382,11989.75,2,0,0,1,11665.24,jewelry,0,0
TXN105185,C1423,4224.12,16,1,1,1,4151.73,restaurant,0,0
TXN105186,C1269,902.06,21,0,0,4,778.4,grocery,2,1
TXN105187,C1635,13988.08,20,0,0,1,12086.93,grocery,0,0
TXN105188,C1758,1119.18,7,0,0,1,945.66,jewelry,0,0
TXN105189,C1840,1050.3,17,0,0,3,1540.74,grocery,0,0
TXN105190,C1158,17820.02,3,0,0,3,18714.74,travel,0,0
TXN105191,C1384,12157.67,5,0,0,1,12977.43,online_services,0,0
TXN105192,C1408,6095.26,2,0,0,2,3521.58,electronics,1,0
TXN105193,C1397,17280.64,14,0,0,2,6961.26,jewelry,0,1
TXN105194,C1095,10884.81,11,0,0,1,6503.42,restaurant,3,0
TXN105195,C1479,1375.49,20,0,0,2,2063.99,online_services,0,0
TXN105196,C1921,1067.41,14,0,0,2,1274.14,grocery,1,0
TXN105197,C1087,2621.93,5,0,0,3,5684.66,jewelry,0,0
TXN105198,C1110,4348.04,12,0,0,3,3522.13,cash_withdrawal,0,0
TXN105199,C1443,6563.8,6,0,0,1,7934.81,restaurant,0,0
TXN105200,C1336,8574.38,2,0,0,5,3671.67,travel,0,0
TXN105201,C1350,1418.78,19,0,1,1,2618.85,restaurant,0,0
TXN105202,C1217,3138.35,22,0,0,1,4101.35,jewelry,0,0
TXN105203,C1487,11467.9,3,0,0,2,10779.48,travel,0,0
TXN105204,C1465,2691.85,1,1,0,2,1724.61,online_services,0,0
TXN105205,C1159,9767.39,15,0,0,2,4992.69,electronics,0,0
TXN105206,C1655,1043.13,6,0,0,3,1105.36,travel,0,0
TXN105207,C1581,1830.29,1,0,1,3,996.06,online_services,0,1
TXN105208,C1792,808.94,12,0,0,1,1383.84,grocery,0,0
TXN105209,C1958,1544.76,11,0,0,3,1752.06,cash_withdrawal,1,1
TXN105210,C1440,11403.51,15,0,0,3,4203.17,electronics,0,0
TXN105211,C1055,2058.49,6,0,0,1,1889.53,cash_withdrawal,0,0
TXN105212,C1023,1748.59,21,0,0,1,5210.41,restaurant,0,0
TXN105213,C1276,11261.07,8,0,0,2,7136.32,jewelry,0,0
TXN105214,C1180,5236.24,2,0,0,2,4409.01,electronics,0,1
TXN105215,C1070,5697.38,8,0,0,1,6268.35,restaurant,0,1
TXN105216,C1083,1993.31,9,0,0,3,2836.96,cash_withdrawal,0,0
TXN105217,C1729,769.4,14,0,0,2,1090.26,cash_withdrawal,1,0
TXN105218,C1429,1768.53,16,0,0,1,2069.04,electronics,0,0
TXN105219,C1685,8211.22,8,0,0,2,4089.81,electronics,0,0
TXN105220,C1850,7855.17,1,0,0,1,4074.7,grocery,0,0
TXN105221,C1916,9139.42,13,0,0,1,5797.27,travel,0,0
TXN105222,C1986,2038.69,9,0,0,2,1783.04,electronics,0,0
TXN105223,C1203,4185.8,11,0,0,1,4519.42,restaurant,0,0
TXN105224,C1493,2597.88,15,0,0,1,2335.78,online_services,0,0
TXN105225,C1705,6148.33,5,0,0,1,8935.28,jewelry,1,1
TXN105226,C1447,2624.69,11,0,0,5,4765.76,jewelry,0,0
TXN105227,C1584,8780.45,12,0,0,1,3395.74,cash_withdrawal,1,0
TXN105228,C1010,9851.88,17,0,0,5,2980.63,cash_withdrawal,0,1
TXN105229,C1915,3439.78,19,0,0,3,3313.58,electronics,0,0
TXN105230,C1079,10631.13,23,0,0,1,9757.18,jewelry,0,0
TXN105231,C1592,6159.55,19,0,0,1,4816.76,electronics,2,1
TXN105232,C1331,2059.1,21,0,0,1,1934.29,cash_withdrawal,0,0
TXN105233,C1961,1452.37,23,0,0,3,2004.27,jewelry,0,0
TXN105234,C1845,3698.12,23,0,0,3,2630.89,jewelry,1,0
TXN105235,C1324,6380.22,0,0,0,2,10813.09,electronics,0,0
TXN105236,C1918,4785.29,14,0,0,1,3252.01,electronics,0,0
TXN105237,C1511,1295.9,10,0,0,1,3081.13,grocery,1,0
TXN105238,C1811,22073.94,21,0,0,2,8081.65,restaurant,0,0
TXN105239,C1269,1988.25,16,0,0,3,2059.35,jewelry,0,0
TXN105240,C1003,944.71,14,0,0,2,1602.3,cash_withdrawal,2,0
TXN105241,C1877,2336.19,4,0,0,5,2220.27,jewelry,0,0
TXN105242,C1460,1395.09,20,0,0,3,3370.59,online_services,1,0
TXN105243,C1099,3722.72,1,0,0,2,1962.12,electronics,0,0
TXN105244,C1763,2171.75,6,0,0,4,1878.62,restaurant,0,0
TXN105245,C1713,491.19,17,0,0,1,627.57,cash_withdrawal,0,0
TXN105246,C1170,3268.46,19,0,0,1,3316.52,restaurant,0,0
TXN105247,C1221,3297.21,11,0,0,1,5017.21,electronics,0,0
TXN105248,C1975,6248.06,6,0,0,1,3755.09,jewelry,0,0
TXN105249,C1590,2990.61,0,0,0,4,2979.27,travel,0,0
TXN105250,C1833,6889.67,11,0,0,2,6064.14,grocery,0,0
TXN105251,C1309,2770.32,9,0,0,2,7043.66,online_services,0,0
TXN105252,C1838,5064.11,3,0,0,2,2941.44,jewelry,0,0
TXN105253,C1511,7881.35,20,0,0,3,10786.1,restaurant,0,0
TXN105254,C1423,8234.81,13,0,0,3,3849.73,travel,0,0
TXN105255,C1360,3868.72,17,0,0,1,4544.09,restaurant,0,0
TXN105256,C1535,8824.59,10,0,0,3,11269.67,grocery,0,0
TXN105257,C1948,3708.62,5,0,0,4,2039.8,restaurant,0,0
TXN105258,C1438,1032.37,11,0,0,4,1377.52,electronics,3,1
TXN105259,C1566,1859.45,19,0,1,4,1733.15,electronics,2,0
TXN105260,C1555,5820.59,13,1,0,4,3948.68,restaurant,0,0
TXN105261,C1291,3121.48,21,0,1,1,2917.8,jewelry,0,0
TXN105262,C1696,1527.52,13,0,1,1,3702.23,jewelry,0,0
TXN105263,C1290,421.97,22,0,0,2,869.99,online_services,0,0
TXN105264,C1960,2133.54,3,0,0,4,1286.33,grocery,0,0
TXN105265,C1825,2077.12,3,0,0,1,1977.05,grocery,2,1
TXN105266,C1665,403.61,0,0,0,1,525.14,online_services,0,0
TXN105267,C1954,1433.88,13,0,0,1,3192.22,grocery,2,0
TXN105268,C1508,1973.83,23,0,1,5,3871.44,cash_withdrawal,0,0
TXN105269,C1638,2031.93,17,0,0,3,3788.74,grocery,0,0
TXN105270,C1648,8507.76,14,0,0,1,6043.28,online_services,2,0
TXN105271,C1595,8911.17,1,0,0,2,6784.39,jewelry,0,0
TXN105272,C1296,2631.79,13,0,0,2,2795.46,electronics,0,0
TXN105273,C1228,3867.38,14,0,0,2,3465.42,online_services,2,0
TXN105274,C1390,4203.12,3,0,0,1,2481.32,electronics,0,0
TXN105275,C1876,3756.41,15,0,0,3,2700.2,grocery,0,0
TXN105276,C1359,2506.08,14,1,0,5,2779.77,restaurant,0,1
TXN105277,C1929,2688.52,20,0,0,2,1886.37,jewelry,2,0
TXN105278,C1803,333.23,23,0,0,2,1200.78,restaurant,0,0
TXN105279,C1007,4408.95,11,0,1,3,2895.36,cash_withdrawal,0,0
TXN105280,C1229,3294.15,16,1,0,4,4534.1,travel,2,1
TXN105281,C1274,5614.7,21,0,0,3,3636.49,travel,0,1
TXN105282,C1314,1428.47,13,0,0,2,1882.57,jewelry,0,0
TXN105283,C1247,3658.19,0,0,0,2,4782.79,restaurant,0,0
TXN105284,C1033,3148.54,0,0,0,2,3468.63,grocery,0,0
TXN105285,C1157,5638.23,11,1,0,1,11150.32,cash_withdrawal,0,0
TXN105286,C1836,412.84,16,1,0,1,460.5,cash_withdrawal,0,0
TXN105287,C1759,2239.39,19,0,0,1,2829.93,travel,2,0
TXN105288,C1343,9702.86,5,0,0,1,9274.43,online_services,0,0
TXN105289,C1440,597.89,7,0,0,1,501.77,online_services,1,0
TXN105290,C1996,573.17,12,0,0,2,645.65,electronics,0,0
TXN105291,C1631,8302.47,20,0,0,1,6919.8,restaurant,0,0
TXN105292,C1848,5423.82,1,0,0,3,5018.79,cash_withdrawal,0,0
TXN105293,C1954,3419.06,18,0,0,1,5190.89,restaurant,0,0
TXN105294,C1131,2131.75,20,0,0,2,1968.4,restaurant,0,0
TXN105295,C1745,6200.74,5,0,0,4,11105.47,restaurant,0,0
TXN105296,C1925,508.58,10,1,0,2,827.81,online_services,0,0
TXN105297,C1162,9132.78,13,0,0,1,6332.21,electronics,0,0
TXN105298,C1101,16244.39,22,0,0,1,9100.27,cash_withdrawal,0,0
TXN105299,C1129,13660.2,16,0,0,1,8012.14,grocery,1,0
TXN105300,C1646,5145.95,18,0,1,3,4031.49,cash_withdrawal,0,1
TXN105301,C1401,2749.38,20,0,0,1,1036.05,travel,0,0
TXN105302,C1857,5653.85,17,1,0,2,3789.26,electronics,1,0
TXN105303,C1971,1146.85,10,0,0,1,1912.48,electronics,0,0
TXN105304,C1095,2999.06,2,1,0,2,2991.07,grocery,0,0
TXN105305,C1447,9964.26,0,0,0,4,6145.79,jewelry,0,0
TXN105306,C1788,5195.36,18,0,1,5,3911.02,electronics,0,0
TXN105307,C1028,2698.8,19,0,0,2,2431.52,jewelry,3,1
TXN105308,C1556,3511.35,2,0,0,2,3431.21,online_services,0,0
TXN105309,C1391,1907.55,0,0,0,2,1767.82,jewelry,3,0
TXN105310,C1751,2399.87,4,0,0,4,2848.55,restaurant,0,1
TXN105311,C1649,5648.48,20,0,0,2,2372.56,cash_withdrawal,0,0
TXN105312,C1366,1295.98,5,0,0,4,1644.66,electronics,0,0
TXN105313,C1668,2876.59,7,0,0,6,4729.61,travel,0,0
TXN105314,C1198,1110.17,17,0,0,3,2006.61,cash_withdrawal,0,1
TXN105315,C1251,2491.89,23,1,0,2,3069.93,cash_withdrawal,0,0
TXN105316,C1826,3213.21,12,0,0,2,2187.15,cash_withdrawal,0,0
TXN105317,C1266,3355.24,21,0,0,6,3042.69,grocery,0,0
TXN105318,C1281,1552.71,2,0,0,2,3066.7,electronics,1,0
TXN105319,C1642,2393.03,0,0,0,3,1869.66,jewelry,0,1
TXN105320,C1593,2261.66,3,0,0,1,2093.23,grocery,0,0
TXN105321,C1470,8386.13,19,0,0,1,7607.97,grocery,1,1
TXN105322,C1109,3542.32,4,0,0,1,2834.68,travel,0,1
TXN105323,C1268,38409.66,5,0,0,1,29945.46,grocery,0,0
TXN105324,C1079,11064.09,15,0,0,4,7613.45,cash_withdrawal,0,0
TXN105325,C1370,8700.47,6,0,0,2,7578.63,restaurant,1,1
TXN105326,C1103,4370.9,15,0,0,1,2815.66,cash_withdrawal,0,0
TXN105327,C1022,7660.95,13,1,1,5,7816.42,grocery,2,1
TXN105328,C1498,4296.5,20,1,0,4,4215.62,grocery,0,0
TXN105329,C1215,2102.06,21,0,0,1,1797.44,restaurant,1,0
TXN105330,C1384,3949.08,10,0,0,2,2345.05,jewelry,2,0
TXN105331,C1930,2769.94,14,0,0,3,1772.12,cash_withdrawal,0,0
TXN105332,C1164,5983.34,5,0,0,1,3092.96,travel,0,0
TXN105333,C1010,1526.18,5,0,0,1,2286.95,jewelry,0,0
TXN105334,C1580,10282.05,20,0,0,4,8144.85,online_services,0,0
TXN105335,C1875,4537.22,1,1,0,2,2617.6,grocery,1,0
TXN105336,C1999,1624.79,10,0,0,3,1279.21,travel,1,0
TXN105337,C1495,2240.5,19,0,0,4,2258.67,online_services,0,0
TXN105338,C1559,8000.34,0,0,0,5,3554.02,electronics,0,1
TXN105339,C1534,1972.52,23,0,0,2,2736.61,travel,0,0
TXN105340,C1948,1205.45,3,0,0,1,1560.88,electronics,0,0
TXN105341,C1620,2139.37,0,0,0,1,1714.0,online_services,1,0
TXN105342,C1023,8202.1,16,0,0,2,9340.11,online_services,0,0
TXN105343,C1779,11817.23,4,0,0,2,6733.28,electronics,0,1
TXN105344,C1887,1333.77,11,0,0,4,835.06,grocery,0,0
TXN105345,C1920,4693.42,6,0,1,2,5395.68,grocery,0,0
TXN105346,C1335,5790.59,4,0,0,1,3684.95,electronics,0,0
TXN105347,C1085,5909.59,23,0,0,1,6297.09,jewelry,0,0
TXN105348,C1962,1448.67,4,0,0,3,2472.86,travel,0,0
TXN105349,C1280,444.68,15,0,1,1,835.12,electronics,0,0
TXN105350,C1976,5301.69,2,0,0,2,1975.92,travel,0,1
TXN105351,C1725,2083.99,17,0,0,4,2593.08,jewelry,0,0
TXN105352,C1301,1727.52,14,0,0,1,2567.36,jewelry,1,0
TXN105353,C1828,1539.9,15,0,0,3,2967.99,restaurant,0,0
TXN105354,C1524,14710.73,12,0,0,2,4459.64,electronics,0,1
TXN105355,C1256,4344.22,5,1,0,1,2341.22,electronics,0,1
TXN105356,C1703,6194.89,22,0,1,1,4618.62,travel,0,0
TXN105357,C1984,4696.96,12,0,0,1,4353.81,grocery,2,0
TXN105358,C1597,1519.1,18,0,0,1,1028.52,travel,0,0
TXN105359,C1169,9685.98,6,0,0,6,8543.16,jewelry,3,0
TXN105360,C1499,5576.12,13,0,0,2,5977.0,restaurant,0,0
TXN105361,C1433,1756.61,19,0,0,3,3798.95,jewelry,0,0
TXN105362,C1278,793.1,10,1,0,2,280.65,online_services,0,0
TXN105363,C1110,381.08,19,0,0,3,609.04,restaurant,0,0
TXN105364,C1439,5765.51,6,0,0,1,2242.35,online_services,2,0
TXN105365,C1361,1018.43,11,0,0,1,2227.02,jewelry,0,0
TXN105366,C1839,6812.64,2,0,0,3,6961.11,restaurant,0,1
TXN105367,C1171,845.5,1,0,0,3,1091.78,online_services,0,0
TXN105368,C1259,3711.71,18,1,0,1,4681.59,restaurant,1,1
TXN105369,C1300,4490.65,19,0,0,1,3394.69,cash_withdrawal,0,0
TXN105370,C1898,8933.04,20,0,0,1,4172.82,online_services,1,0
TXN105371,C1360,2859.69,12,1,0,4,1617.48,grocery,2,1
TXN105372,C1117,1799.19,5,0,0,1,2745.26,cash_withdrawal,2,0
TXN105373,C1330,3679.6,13,0,0,2,2343.52,cash_withdrawal,0,0
TXN105374,C1190,4116.52,11,0,0,4,3170.77,electronics,0,0
TXN105375,C1074,2330.72,6,0,0,1,2480.41,jewelry,0,0
TXN105376,C1380,1803.71,11,0,0,1,3298.28,electronics,2,1
TXN105377,C1798,1950.03,10,0,0,1,1221.01,grocery,0,0
TXN105378,C1009,6029.28,10,0,0,1,5225.43,jewelry,0,0
TXN105379,C1011,956.25,22,0,0,2,1354.64,travel,1,0
TXN105380,C1218,1804.47,14,0,0,1,1718.03,online_services,0,0
TXN105381,C1814,3033.65,10,0,0,4,1811.07,electronics,0,0
TXN105382,C1575,4730.02,2,0,0,2,7033.47,restaurant,0,0
TXN105383,C1290,1627.06,19,0,1,4,2010.46,electronics,2,1
TXN105384,C1539,3786.83,6,0,0,4,3232.52,grocery,0,0
TXN105385,C1574,2561.72,8,0,0,3,2475.65,jewelry,0,0
TXN105386,C1622,3525.54,21,0,0,3,3196.06,grocery,0,0
TXN105387,C1587,1648.11,20,0,0,1,910.96,restaurant,0,0
TXN105388,C1698,2757.25,13,1,0,1,3035.99,travel,0,0
TXN105389,C1832,3206.99,10,0,0,1,2319.6,electronics,0,0
TXN105390,C1201,5096.75,1,0,0,2,3389.19,cash_withdrawal,0,1
TXN105391,C1505,1044.18,15,0,0,3,1131.84,grocery,0,0
TXN105392,C1281,3021.34,13,1,0,1,1455.18,grocery,0,0
TXN105393,C1127,2081.89,14,0,1,1,1817.39,electronics,0,1
TXN105394,C1615,2488.26,10,0,0,2,1446.44,online_services,1,1
TXN105395,C1392,7376.16,7,0,0,1,5233.37,online_services,0,0
TXN105396,C1021,1969.77,9,0,1,2,1202.64,grocery,3,0
TXN105397,C1659,7087.04,18,0,0,2,5409.82,grocery,0,0
TXN105398,C1933,3642.76,14,0,0,3,3356.0,travel,0,0
TXN105399,C1134,13002.48,12,0,0,2,6194.24,grocery,0,0
TXN105400,C1917,5677.34,17,0,1,1,4050.44,online_services,1,0
TXN105401,C1040,4094.99,10,0,0,4,5248.96,jewelry,0,1
TXN105402,C1016,2879.78,2,0,0,1,1740.11,restaurant,1,1
TXN105403,C1097,7197.9,13,0,0,1,3712.26,jewelry,3,1
TXN105404,C1308,1249.93,8,0,0,7,2472.79,travel,2,0
TXN105405,C1771,1716.59,11,0,0,4,1059.08,restaurant,1,0
TXN105406,C1081,3494.22,17,0,0,2,4159.53,cash_withdrawal,0,0
TXN105407,C1320,4905.28,15,0,0,1,3909.59,online_services,0,0
TXN105408,C1048,1712.19,12,0,0,1,4189.94,travel,0,0
TXN105409,C1713,7379.33,14,1,0,1,4246.44,restaurant,2,0
TXN105410,C1869,1994.53,20,0,0,2,2104.49,grocery,0,0
TXN105411,C1863,7118.45,11,0,0,2,3722.23,online_services,0,1
TXN105412,C1105,4941.41,0,0,0,1,4085.17,electronics,0,0
TXN105413,C1048,4503.82,0,0,0,3,5464.64,electronics,0,0
TXN105414,C1107,6947.96,10,0,0,4,7027.52,cash_withdrawal,0,0
TXN105415,C1704,4447.98,23,0,0,1,2615.86,restaurant,2,1
TXN105416,C1231,1831.4,5,0,0,1,1983.63,grocery,1,1
TXN105417,C1195,5118.23,23,0,0,1,7262.26,cash_withdrawal,0,0
TXN105418,C1377,4782.55,17,0,0,2,2562.91,grocery,0,0
TXN105419,C1956,1729.18,22,0,0,1,1812.68,cash_withdrawal,0,1
TXN105420,C1053,2726.42,8,0,0,1,3410.3,cash_withdrawal,0,0
TXN105421,C1044,3523.82,3,0,0,1,5812.14,grocery,0,1
TXN105422,C1969,3612.59,9,0,0,4,4017.49,grocery,0,0
TXN105423,C1270,8181.18,10,0,0,2,4832.63,jewelry,0,0
TXN105424,C1627,1358.52,12,0,0,3,1996.6,travel,0,0
TXN105425,C1715,7092.39,5,0,0,2,7382.45,electronics,0,0
TXN105426,C1597,2730.74,14,1,0,6,3750.95,grocery,0,0
TXN105427,C1129,3583.11,10,0,0,1,3323.57,cash_withdrawal,2,0
TXN105428,C1151,5544.22,18,0,0,2,4927.42,cash_withdrawal,0,0
TXN105429,C1989,3293.63,13,0,0,2,2719.44,jewelry,0,0
TXN105430,C1457,1232.43,21,0,0,3,1083.17,grocery,0,0
TXN105431,C1534,3359.82,16,0,0,1,4141.81,electronics,0,0
TXN105432,C1591,2555.11,15,0,0,2,1768.14,jewelry,0,0
TXN105433,C1501,5103.64,8,0,0,4,6835.36,travel,1,0
TXN105434,C1791,5193.76,23,0,0,1,3864.47,restaurant,0,0
TXN105435,C1231,8375.09,2,0,0,1,10134.07,travel,1,1
TXN105436,C1784,2679.86,9,0,0,1,3835.89,jewelry,2,0
TXN105437,C1084,1667.44,11,0,0,1,3276.73,online_services,0,0
TXN105438,C1855,1560.93,7,0,0,1,2235.52,jewelry,0,0
TXN105439,C1662,3427.32,23,0,0,1,3293.08,cash_withdrawal,1,0
TXN105440,C1210,3497.66,22,0,0,1,4259.88,grocery,0,0
TXN105441,C1076,5691.07,15,0,0,2,6233.4,grocery,0,0
TXN105442,C1217,6628.0,0,0,0,2,4380.0,jewelry,0,1
TXN105443,C1221,2916.7,14,0,0,2,3155.79,cash_withdrawal,0,0
TXN105444,C1394,3011.26,6,0,0,1,4233.0,restaurant,0,0
TXN105445,C1107,2106.48,10,0,0,1,2479.5,electronics,1,0
TXN105446,C1833,641.69,18,0,0,3,1274.28,cash_withdrawal,0,1
TXN105447,C1540,354.26,16,0,0,1,461.17,cash_withdrawal,0,0
TXN105448,C1320,3703.6,9,0,0,2,3778.64,jewelry,0,0
TXN105449,C1464,3984.1,20,0,0,4,1284.21,electronics,0,0
TXN105450,C1868,1304.37,16,0,0,3,2242.3,grocery,1,0
TXN105451,C1936,3117.48,4,0,0,5,3522.48,electronics,1,0
TXN105452,C1938,5672.42,11,0,1,1,5907.09,restaurant,2,0
TXN105453,C1998,4752.68,14,0,0,1,3730.9,cash_withdrawal,2,0
TXN105454,C1635,2496.84,16,0,0,3,3040.76,electronics,0,0
TXN105455,C1798,2732.12,12,0,0,2,2974.94,electronics,0,0
TXN105456,C1070,3748.73,8,0,0,2,2255.26,restaurant,0,0
TXN105457,C1168,9815.08,21,0,0,1,10524.19,travel,0,0
TXN105458,C1974,2018.59,18,0,0,2,5820.32,jewelry,0,0
TXN105459,C1104,8158.22,4,0,0,4,6664.13,restaurant,0,1
TXN105460,C1897,1798.73,3,0,0,1,1269.1,jewelry,0,0
TXN105461,C1112,1588.84,7,1,0,2,2129.69,grocery,1,0
TXN105462,C1915,4651.13,14,0,0,3,4810.46,electronics,2,0
TXN105463,C1273,1868.47,0,0,0,1,1395.19,restaurant,0,1
TXN105464,C1677,7149.67,16,0,0,1,3271.6,restaurant,0,0
TXN105465,C1360,738.06,8,0,0,5,1478.49,grocery,0,0
TXN105466,C1949,9557.64,17,0,0,2,7204.47,grocery,0,0
TXN105467,C1362,10414.73,13,0,1,4,8109.4,electronics,0,0
TXN105468,C1154,10598.22,12,0,0,2,6986.77,online_services,3,0
TXN105469,C1441,738.45,16,0,0,3,1379.86,travel,0,0
TXN105470,C1054,4701.85,14,0,0,2,3213.43,travel,0,0
TXN105471,C1378,2720.46,3,0,0,1,2634.23,grocery,0,0
TXN105472,C1664,5118.68,12,0,0,1,2224.43,jewelry,1,0
TXN105473,C1950,5631.6,13,0,0,1,3588.72,electronics,0,0
TXN105474,C1301,1178.27,6,0,1,3,1234.68,restaurant,0,0
TXN105475,C1180,2038.58,19,0,0,2,3062.81,travel,0,0
TXN105476,C1542,20454.33,19,0,0,1,9570.26,restaurant,0,0
TXN105477,C1531,3266.68,13,0,0,2,4385.98,grocery,0,0
TXN105478,C1697,367.17,1,0,0,2,518.14,jewelry,0,0
TXN105479,C1254,2254.5,3,0,0,1,1997.69,electronics,0,0
TXN105480,C1117,4728.99,1,0,0,1,5830.11,grocery,0,0
TXN105481,C1589,8590.74,8,0,0,6,4834.99,electronics,0,0
TXN105482,C1067,1082.89,17,0,0,1,1816.27,grocery,0,0
TXN105483,C1282,3797.25,7,0,0,3,2029.03,online_services,0,0
TXN105484,C1716,9845.52,22,0,0,1,7029.56,restaurant,0,0
TXN105485,C1401,638.76,12,0,0,1,915.52,grocery,0,0
TXN105486,C1225,6924.77,23,0,0,1,6849.18,cash_withdrawal,0,0
TXN105487,C1900,10142.81,22,0,0,2,10055.95,travel,0,0
TXN105488,C1507,2209.45,6,0,0,5,822.65,electronics,1,0
TXN105489,C1804,50026.92,6,1,1,3,24511.64,travel,1,1
TXN105490,C1652,2479.83,9,0,0,1,2088.2,jewelry,0,0
TXN105491,C1610,1571.14,9,0,0,2,1250.14,jewelry,0,0
TXN105492,C1003,5155.97,3,0,0,1,4474.15,electronics,1,0
TXN105493,C1515,736.24,22,0,0,1,1180.68,online_services,1,0
TXN105494,C1488,1490.01,23,0,0,4,1505.17,travel,0,0
TXN105495,C1873,4761.99,22,1,0,1,4249.91,electronics,0,0
TXN105496,C1174,4792.3,10,0,0,2,3942.45,jewelry,1,0
TXN105497,C1071,6223.7,5,0,0,1,4603.92,electronics,0,0
TXN105498,C1340,6043.2,14,0,0,5,6188.26,electronics,0,0
TXN105499,C1985,1576.39,0,1,0,2,2876.56,jewelry,0,0
TXN105500,C1485,2100.61,13,0,0,1,1954.01,travel,0,0
TXN105501,C1021,2495.2,5,0,0,2,3613.04,travel,0,0
TXN105502,C1902,2381.35,2,1,1,3,1536.07,electronics,0,0
TXN105503,C1695,2672.58,0,0,0,1,1707.42,online_services,0,0
TXN105504,C1360,2958.87,15,0,0,2,3915.71,online_services,0,0
TXN105505,C1001,2595.07,15,0,0,1,3880.09,cash_withdrawal,0,0
TXN105506,C1253,1935.79,15,0,0,4,1274.26,grocery,0,0
TXN105507,C1046,3740.96,0,0,0,1,3160.41,online_services,3,1
TXN105508,C1696,1986.21,9,0,0,2,3340.49,cash_withdrawal,0,0
TXN105509,C1233,1634.03,16,0,0,2,1336.98,online_services,2,1
TXN105510,C1171,1631.93,4,0,0,2,1695.08,cash_withdrawal,0,0
TXN105511,C1096,1816.98,3,0,0,5,2598.24,travel,0,0
TXN105512,C1823,2951.68,23,0,0,4,1164.69,travel,0,0
TXN105513,C1463,838.47,15,0,0,2,719.18,jewelry,0,0
TXN105514,C1359,741.85,17,0,0,2,1210.03,travel,1,0
TXN105515,C1679,2335.81,15,1,0,1,1778.2,travel,0,0
TXN105516,C1373,3840.35,14,0,0,5,1235.63,grocery,0,1
TXN105517,C1847,4317.13,11,0,0,1,4187.87,travel,0,0
TXN105518,C1727,7718.27,10,0,0,1,6214.26,online_services,0,0
TXN105519,C1793,3680.35,21,0,0,1,3564.67,cash_withdrawal,0,0
TXN105520,C1885,2634.09,19,0,0,2,1878.15,restaurant,0,0
TXN105521,C1115,2129.67,8,0,0,2,3172.43,jewelry,1,1
TXN105522,C1531,4211.27,23,1,0,1,3065.06,jewelry,1,0
TXN105523,C1021,3183.85,4,0,0,2,3950.34,restaurant,0,0
TXN105524,C1876,2209.75,7,0,0,1,3641.37,jewelry,0,0
TXN105525,C1145,2299.13,11,0,0,3,1400.59,restaurant,0,0
TXN105526,C1031,7459.98,7,0,0,2,3539.95,online_services,1,0
TXN105527,C1758,3933.37,22,0,0,1,3140.38,restaurant,2,0
TXN105528,C1368,2107.29,6,0,0,2,2007.43,jewelry,0,0
TXN105529,C1091,863.01,6,0,0,1,651.81,restaurant,0,0
TXN105530,C1654,1278.2,3,0,0,3,1842.5,travel,1,1
TXN105531,C1898,5554.67,20,0,0,6,4561.99,jewelry,0,0
TXN105532,C1557,3267.58,14,0,0,2,2630.9,online_services,0,0
TXN105533,C1179,9195.46,8,0,0,2,3683.59,jewelry,2,0
TXN105534,C1357,5161.4,10,0,0,1,2352.89,restaurant,0,0
TXN105535,C1603,322.39,13,0,0,2,360.42,travel,0,0
TXN105536,C1316,3651.22,6,0,0,4,3476.72,grocery,0,0
TXN105537,C1593,2832.82,16,0,0,2,3268.99,jewelry,0,0
TXN105538,C1351,11601.14,19,0,0,3,8114.85,grocery,0,0
TXN105539,C1443,3162.57,14,0,0,1,7424.97,online_services,0,0
TXN105540,C1991,5598.59,11,0,0,2,5715.38,travel,0,0
TXN105541,C1112,733.28,0,0,0,2,680.67,restaurant,0,0
TXN105542,C1949,984.42,21,0,0,2,2196.02,electronics,0,0
TXN105543,C1477,2220.34,21,0,0,1,1559.05,electronics,0,0
TXN105544,C1535,2628.43,9,0,0,1,1901.22,online_services,2,0
TXN105545,C1571,7735.04,21,0,0,2,3879.33,electronics,0,0
TXN105546,C1310,1978.96,15,0,1,1,2697.74,travel,0,0
TXN105547,C1066,9303.41,9,0,0,1,6891.62,grocery,0,0
TXN105548,C1464,4652.38,1,0,0,2,2704.74,electronics,0,0
TXN105549,C1289,28136.3,18,0,0,1,11894.72,grocery,0,0
TXN105550,C1054,2056.05,15,1,0,1,1624.44,travel,0,0
TXN105551,C1005,16094.75,13,0,0,3,13108.85,travel,0,0
TXN105552,C1676,2420.19,0,0,0,1,1862.52,grocery,0,0
TXN105553,C1257,2390.32,4,0,0,1,6227.54,travel,0,0
TXN105554,C1899,8729.63,9,0,0,2,6276.76,cash_withdrawal,0,0
TXN105555,C1879,4912.5,16,0,0,1,3397.93,jewelry,0,0
TXN105556,C1981,2394.18,17,0,0,1,1463.27,electronics,0,0
TXN105557,C1976,8557.96,2,0,0,3,3936.26,jewelry,0,0
TXN105558,C1277,6443.79,4,0,0,3,10404.53,jewelry,0,1
TXN105559,C1201,2917.82,13,0,0,1,4600.1,online_services,0,0
TXN105560,C1940,4188.49,2,1,0,1,8111.03,travel,0,0
TXN105561,C1224,6519.38,1,0,0,1,6039.36,restaurant,0,0
TXN105562,C1955,2240.76,11,0,0,3,2245.07,electronics,0,0
TXN105563,C1831,1467.28,21,0,0,4,2672.34,jewelry,0,0
TXN105564,C1395,6670.76,13,0,0,1,5079.97,restaurant,0,0
TXN105565,C1990,17792.7,3,0,0,1,11288.55,travel,1,0
TXN105566,C1942,2958.54,9,0,0,4,2875.64,online_services,2,0
TXN105567,C1318,3453.86,5,0,0,1,2516.04,online_services,0,0
TXN105568,C1446,1937.02,21,1,0,3,964.14,travel,0,0
TXN105569,C1823,3700.55,18,0,0,2,8128.05,electronics,0,0
TXN105570,C1699,2274.33,6,1,0,3,1381.68,travel,0,1
TXN105571,C1138,8694.01,13,0,0,3,6348.72,online_services,0,0
TXN105572,C1204,5961.56,9,0,0,1,4862.33,travel,0,0
TXN105573,C1087,20468.64,9,0,0,1,13147.99,online_services,0,0
TXN105574,C1949,3747.43,20,0,0,2,4732.21,restaurant,3,0
TXN105575,C1558,1807.28,5,0,0,1,2178.34,restaurant,1,0
TXN105576,C1801,1269.43,13,0,0,1,1205.97,grocery,0,0
TXN105577,C1141,2304.86,16,0,0,6,2972.94,restaurant,0,0
TXN105578,C1710,763.26,10,0,0,1,1433.11,online_services,2,0
TXN105579,C1957,1108.44,21,0,1,2,1887.29,jewelry,3,0
TXN105580,C1366,1616.35,14,1,0,1,2217.38,travel,1,0
TXN105581,C1437,2385.08,14,0,0,1,4148.09,restaurant,0,0
TXN105582,C1984,3439.66,13,0,0,1,3219.88,restaurant,0,0
TXN105583,C1028,4892.36,17,0,0,2,10899.53,grocery,1,0
TXN105584,C1980,4740.08,13,0,0,3,4182.76,grocery,0,0
TXN105585,C1773,3726.17,4,0,0,2,5476.25,online_services,1,0
TXN105586,C1928,1689.12,9,0,0,3,1515.45,cash_withdrawal,0,0
TXN105587,C1248,1401.71,18,0,0,1,1634.32,online_services,1,0
TXN105588,C1382,3370.61,4,0,0,3,3842.99,online_services,0,0
TXN105589,C1556,3315.16,18,0,0,3,3274.69,travel,0,0
TXN105590,C1054,1925.91,12,0,0,4,2540.95,electronics,0,0
TXN105591,C1412,873.35,21,1,0,2,1569.04,grocery,0,0
TXN105592,C1473,1056.3,16,0,0,3,1013.46,restaurant,0,0
TXN105593,C1859,3389.11,1,0,0,3,2877.08,grocery,0,0
TXN105594,C1056,896.69,8,1,0,1,2331.99,cash_withdrawal,0,1
TXN105595,C1665,2973.79,3,0,0,3,3898.83,travel,0,0
TXN105596,C1608,2193.76,3,0,0,2,1801.9,cash_withdrawal,0,0
TXN105597,C1297,1796.55,18,0,1,1,2558.64,restaurant,0,0
TXN105598,C1707,1841.27,10,0,0,2,1209.61,cash_withdrawal,0,0
TXN105599,C1062,22832.81,3,0,0,3,14354.17,jewelry,0,0
TXN105600,C1598,3056.7,21,0,0,2,4233.17,online_services,0,0
TXN105601,C1757,4965.87,22,0,0,2,3339.03,grocery,0,0
TXN105602,C1718,6346.5,6,0,0,1,7611.86,online_services,0,0
TXN105603,C1147,9431.6,17,1,0,2,8388.16,jewelry,0,0
TXN105604,C1990,2170.81,15,0,0,2,4337.06,electronics,0,1
TXN105605,C1228,1067.08,21,0,0,4,1602.03,jewelry,0,0
TXN105606,C1872,5514.0,4,0,0,2,2883.05,travel,1,0
TXN105607,C1643,1380.25,9,0,0,3,1993.08,jewelry,0,0
TXN105608,C1959,3422.04,0,1,1,1,8104.23,cash_withdrawal,0,0
TXN105609,C1496,2396.49,19,0,0,1,1308.59,jewelry,0,0
TXN105610,C1205,578.15,3,1,0,1,1674.09,grocery,0,0
TXN105611,C1000,7175.84,4,0,1,4,7769.93,online_services,0,0
TXN105612,C1901,3113.46,3,0,0,2,2793.19,online_services,1,1
TXN105613,C1099,6683.72,7,0,0,3,5671.6,electronics,0,1
TXN105614,C1106,3326.41,15,1,0,1,1882.26,grocery,0,0
TXN105615,C1852,3549.02,16,0,0,5,3777.66,restaurant,0,0
TXN105616,C1400,413.68,1,0,0,4,905.67,grocery,0,1
TXN105617,C1307,2217.15,12,0,0,2,2781.94,restaurant,2,1
TXN105618,C1188,8156.15,7,0,1,2,4521.97,cash_withdrawal,0,0
TXN105619,C1868,2584.42,17,0,0,6,3797.24,travel,0,1
TXN105620,C1841,15466.96,19,1,0,1,5702.7,jewelry,1,0
TXN105621,C1449,4004.78,21,0,0,2,4428.0,online_services,0,0
TXN105622,C1126,3067.87,13,0,0,3,1918.55,electronics,0,0
TXN105623,C1651,7830.0,0,0,0,3,5710.23,electronics,0,0
TXN105624,C1145,833.65,23,0,0,2,989.44,jewelry,0,0
TXN105625,C1246,1628.74,5,0,0,3,2501.32,online_services,1,0
TXN105626,C1759,5814.09,22,0,0,2,4374.39,online_services,0,0
TXN105627,C1205,1342.9,15,0,0,1,1754.52,restaurant,0,0
TXN105628,C1296,1256.24,9,0,0,1,2289.91,jewelry,0,0
TXN105629,C1102,2162.11,18,0,0,3,1384.86,restaurant,0,0
TXN105630,C1376,997.84,21,1,0,1,1280.14,travel,0,0
TXN105631,C1400,1985.26,12,0,0,2,2097.17,jewelry,0,0
TXN105632,C1819,5392.59,3,0,1,4,5950.6,restaurant,0,0
TXN105633,C1426,7588.09,13,0,0,3,6399.7,electronics,0,0
TXN105634,C1028,3667.08,9,0,1,3,1472.79,restaurant,0,0
TXN105635,C1123,15479.03,18,0,0,2,11234.03,restaurant,0,0
TXN105636,C1011,1413.84,18,0,0,5,3475.73,travel,0,0
TXN105637,C1034,3187.5,20,0,1,1,2281.56,jewelry,0,0
TXN105638,C1914,7196.99,21,0,0,1,7241.7,online_services,0,0
TXN105639,C1455,5215.64,1,0,0,1,4614.68,travel,1,0
TXN105640,C1985,1893.45,4,0,0,3,2256.25,restaurant,0,0
TXN105641,C1903,1219.96,23,0,0,3,2771.4,restaurant,0,0
TXN105642,C1283,5653.56,0,0,0,1,5328.19,electronics,0,0
TXN105643,C1366,14662.79,16,0,0,2,4056.53,cash_withdrawal,2,0
TXN105644,C1881,2854.4,16,0,0,4,3591.09,electronics,0,0
TXN105645,C1357,5901.54,22,0,0,3,4652.82,online_services,0,0
TXN105646,C1399,1287.66,16,0,0,4,1107.34,grocery,1,0
TXN105647,C1178,5640.56,20,0,0,1,3577.77,electronics,0,0
TXN105648,C1360,1909.14,20,0,0,3,2171.32,jewelry,0,1
TXN105649,C1576,4356.85,10,0,0,2,4398.55,restaurant,0,0
TXN105650,C1732,6610.59,4,0,0,3,5306.88,travel,0,0
TXN105651,C1803,2423.0,21,0,0,2,2497.35,travel,0,0
TXN105652,C1945,2022.24,12,0,0,2,3458.72,grocery,0,0
TXN105653,C1938,855.95,20,0,0,4,1471.67,restaurant,2,0
TXN105654,C1385,7322.86,15,0,0,4,3860.59,online_services,0,0
TXN105655,C1674,941.04,5,0,0,1,617.89,online_services,0,0
TXN105656,C1725,1537.66,16,0,0,2,2228.99,cash_withdrawal,0,0
TXN105657,C1674,4179.88,16,0,0,1,5732.16,travel,0,0
TXN105658,C1132,5649.51,22,0,0,2,4354.16,travel,1,0
TXN105659,C1602,10705.49,18,1,0,1,6984.16,travel,0,0
TXN105660,C1598,4051.73,19,1,0,2,1138.23,cash_withdrawal,0,0
TXN105661,C1413,2480.82,2,0,0,1,3810.56,grocery,0,0
TXN105662,C1030,5292.86,23,1,0,1,2826.65,electronics,0,0
TXN105663,C1237,3845.39,3,0,0,1,3635.45,jewelry,0,0
TXN105664,C1108,8798.31,15,0,0,1,4248.05,jewelry,0,0
TXN105665,C1487,550.72,10,0,0,1,953.53,cash_withdrawal,1,0
TXN105666,C1237,3255.49,23,1,0,3,4324.59,cash_withdrawal,0,1
TXN105667,C1242,3673.45,3,0,0,3,3570.14,electronics,2,1
TXN105668,C1745,2183.35,12,0,0,1,3058.83,cash_withdrawal,0,0
TXN105669,C1996,4742.44,13,0,0,1,4866.82,grocery,0,0
TXN105670,C1063,708.9,19,0,0,1,1145.76,travel,0,0
TXN105671,C1117,4657.71,1,0,0,2,3309.63,cash_withdrawal,2,1
TXN105672,C1767,4302.48,2,0,0,1,6877.21,restaurant,2,1
TXN105673,C1781,1812.33,11,0,0,2,4393.18,online_services,0,0
TXN105674,C1646,7591.75,0,0,0,2,3157.31,electronics,2,0
TXN105675,C1328,1196.38,3,0,1,3,547.35,jewelry,3,1
TXN105676,C1460,4713.83,12,0,0,1,3549.32,electronics,0,0
TXN105677,C1652,1720.08,18,1,0,3,1957.57,online_services,0,1
TXN105678,C1204,2440.27,6,0,0,2,4332.74,travel,2,0
TXN105679,C1502,809.13,14,1,0,1,1221.34,jewelry,3,1
TXN105680,C1292,10978.63,7,1,1,3,9025.17,electronics,1,1
TXN105681,C1759,11372.82,5,0,0,3,6194.18,restaurant,0,0
TXN105682,C1833,3095.95,16,0,0,3,2819.49,cash_withdrawal,0,0
TXN105683,C1808,13792.51,6,0,0,1,7600.95,grocery,0,0
TXN105684,C1596,3598.95,0,0,0,2,5960.15,jewelry,1,1
TXN105685,C1982,3143.69,21,1,0,1,2009.24,grocery,0,0
TXN105686,C1208,2682.6,1,1,0,3,2507.49,cash_withdrawal,0,0
TXN105687,C1143,18221.85,0,0,0,2,10977.38,travel,0,0
TXN105688,C1792,1345.58,13,0,0,1,1773.3,online_services,0,0
TXN105689,C1559,5126.2,2,0,0,1,6640.95,travel,0,0
TXN105690,C1189,1059.41,21,0,0,2,1144.06,jewelry,1,0
TXN105691,C1980,997.57,23,0,0,4,1493.47,jewelry,0,0
TXN105692,C1540,1112.33,15,0,0,1,1138.25,electronics,1,0
TXN105693,C1852,1049.88,6,0,0,3,1245.55,online_services,1,1
TXN105694,C1847,4685.48,15,0,0,3,3207.97,online_services,1,0
TXN105695,C1360,3280.95,11,0,0,6,2548.12,online_services,0,0
TXN105696,C1921,3693.59,17,0,1,4,1882.36,cash_withdrawal,0,0
TXN105697,C1141,2844.01,2,0,0,2,1356.12,restaurant,0,0
TXN105698,C1437,15211.29,20,0,0,4,6344.01,restaurant,0,0
TXN105699,C1894,4440.28,2,0,0,1,3794.79,online_services,0,0
TXN105700,C1080,1170.9,4,0,0,3,2128.83,cash_withdrawal,0,1
TXN105701,C1529,6486.63,9,0,0,1,3950.28,grocery,0,0
TXN105702,C1120,4892.63,15,0,0,2,6899.59,electronics,0,0
TXN105703,C1052,2271.14,19,0,0,2,1595.2,online_services,0,0
TXN105704,C1338,650.98,0,0,0,1,1569.66,electronics,0,0
TXN105705,C1841,997.16,9,0,0,3,1312.37,cash_withdrawal,1,1
TXN105706,C1257,3132.09,12,0,0,2,2677.12,jewelry,0,0
TXN105707,C1366,3011.66,2,0,0,2,6317.96,cash_withdrawal,1,1
TXN105708,C1892,18649.79,5,0,0,2,11564.42,travel,2,1
TXN105709,C1076,4136.96,17,0,0,4,1939.22,online_services,1,0
TXN105710,C1247,4649.95,16,0,0,5,2891.13,online_services,0,0
TXN105711,C1512,1068.8,9,0,0,2,1353.27,restaurant,0,0
TXN105712,C1633,1030.7,1,0,0,2,742.25,online_services,0,0
TXN105713,C1714,4421.99,3,0,0,2,4798.98,online_services,0,1
TXN105714,C1482,3165.37,8,0,0,5,2411.5,jewelry,0,1
TXN105715,C1030,6102.45,1,0,0,2,5601.35,travel,0,0
TXN105716,C1431,2675.62,8,0,0,2,3970.41,electronics,0,0
TXN105717,C1342,4083.8,1,0,0,3,4047.17,electronics,0,1
TXN105718,C1209,1123.09,17,0,0,2,2350.81,cash_withdrawal,0,0
TXN105719,C1751,4563.79,10,0,0,2,6178.13,cash_withdrawal,1,0
TXN105720,C1679,2619.42,1,0,0,2,3199.17,electronics,0,0
TXN105721,C1505,2929.31,2,0,0,3,2141.33,cash_withdrawal,0,0
TXN105722,C1970,10715.9,18,0,0,1,16514.93,online_services,1,0
TXN105723,C1719,9811.5,1,0,0,2,4903.11,travel,2,0
TXN105724,C1072,7668.61,13,1,1,1,5577.82,online_services,0,0
TXN105725,C1757,3443.59,19,0,0,1,2109.27,grocery,0,0
TXN105726,C1908,982.98,17,0,0,5,1034.69,restaurant,1,1
TXN105727,C1969,3139.66,4,0,0,1,4044.44,travel,2,1
TXN105728,C1740,10498.97,1,0,0,1,3541.8,grocery,0,1
TXN105729,C1036,15756.71,15,0,0,1,8645.5,online_services,0,0
TXN105730,C1230,602.11,20,0,0,1,607.87,travel,0,0
TXN105731,C1441,521.75,15,0,0,1,679.41,travel,0,0
TXN105732,C1800,2384.7,7,0,0,1,2605.02,grocery,3,1
TXN105733,C1953,11959.83,1,1,0,1,10258.5,grocery,0,0
TXN105734,C1792,3816.62,6,1,0,4,2748.78,online_services,0,1
TXN105735,C1622,976.81,12,0,0,3,1109.49,jewelry,0,0
TXN105736,C1700,2068.72,23,0,1,2,1849.33,grocery,0,0
TXN105737,C1565,10502.38,15,0,0,4,7113.33,grocery,0,0
TXN105738,C1396,4254.11,12,0,0,1,7039.64,jewelry,3,0
TXN105739,C1128,1367.75,13,0,1,3,2333.1,jewelry,0,0
TXN105740,C1437,3195.04,17,0,0,4,2203.54,electronics,1,0
TXN105741,C1118,18343.79,14,0,0,1,14266.51,grocery,2,0
TXN105742,C1918,3132.61,19,0,0,2,4708.63,travel,1,0
TXN105743,C1360,1276.19,6,0,0,2,1207.96,travel,0,0
TXN105744,C1447,4034.82,1,0,0,1,3009.13,electronics,3,0
TXN105745,C1237,2550.7,2,0,0,3,2392.78,online_services,2,1
TXN105746,C1010,663.81,7,0,0,2,1053.35,restaurant,0,0
TXN105747,C1765,859.1,17,0,0,1,1237.82,online_services,0,0
TXN105748,C1046,1038.63,0,0,0,1,1797.42,cash_withdrawal,0,0
TXN105749,C1737,1492.47,7,0,0,1,1220.0,cash_withdrawal,2,0
TXN105750,C1058,828.41,2,0,0,2,2070.36,grocery,0,0
TXN105751,C1129,1316.12,14,0,0,4,1372.09,electronics,0,0
TXN105752,C1289,2370.34,1,0,0,2,1771.69,travel,0,1
TXN105753,C1358,5134.4,19,1,0,4,2925.19,jewelry,0,0
TXN105754,C1911,4911.63,7,0,0,4,2927.21,travel,0,0
TXN105755,C1132,3182.97,19,0,0,1,2177.77,restaurant,1,0
TXN105756,C1490,5433.29,21,0,0,1,3231.62,grocery,0,0
TXN105757,C1672,1163.16,2,0,0,4,1169.31,grocery,0,0
TXN105758,C1256,5954.97,17,0,0,2,6412.57,electronics,0,0
TXN105759,C1506,2318.32,22,0,0,3,2941.43,jewelry,0,0
TXN105760,C1832,1604.42,11,0,0,1,1552.07,cash_withdrawal,1,1
TXN105761,C1225,2061.61,14,0,0,2,2521.35,jewelry,0,0
TXN105762,C1309,6927.8,11,1,0,4,5122.43,cash_withdrawal,0,0
TXN105763,C1564,3494.82,9,0,0,3,5860.23,cash_withdrawal,0,0
TXN105764,C1669,1150.26,7,0,0,4,1625.06,online_services,0,0
TXN105765,C1914,9431.44,8,0,0,2,5797.26,travel,0,0
TXN105766,C1714,261.67,17,0,0,2,276.92,online_services,1,0
TXN105767,C1106,2629.08,1,0,0,1,4138.62,travel,0,0
TXN105768,C1922,5111.55,13,0,1,3,3858.86,jewelry,0,1
TXN105769,C1973,4323.08,19,0,0,5,2212.81,restaurant,2,1
TXN105770,C1286,1063.28,2,0,0,6,2707.7,electronics,0,0
TXN105771,C1933,4727.96,4,0,0,3,4510.07,cash_withdrawal,0,0
TXN105772,C1999,1133.45,16,0,0,1,961.63,electronics,2,0
TXN105773,C1312,603.7,23,0,0,3,613.77,online_services,0,0
TXN105774,C1215,3776.62,3,0,0,5,4438.32,travel,1,0
TXN105775,C1742,3471.95,4,0,0,1,3299.72,grocery,0,1
TXN105776,C1240,1609.65,22,0,0,3,1474.16,restaurant,1,1
TXN105777,C1665,5617.35,14,0,0,1,2907.32,grocery,0,0
TXN105778,C1021,2179.59,15,0,0,2,4369.12,cash_withdrawal,0,0
TXN105779,C1034,4419.27,8,0,0,2,4249.46,travel,1,0
TXN105780,C1602,787.79,12,0,0,1,806.21,travel,0,0
TXN105781,C1847,899.85,2,0,1,4,2068.25,grocery,1,0
TXN105782,C1285,4024.42,19,0,0,3,4312.92,restaurant,0,0
TXN105783,C1507,6644.27,0,0,0,3,5966.48,cash_withdrawal,0,1
TXN105784,C1391,4703.87,12,0,0,3,5083.31,restaurant,1,0
TXN105785,C1045,868.48,7,0,0,2,790.98,electronics,0,0
TXN105786,C1388,1168.78,5,0,0,1,1563.08,jewelry,0,0
TXN105787,C1441,1376.92,17,0,0,1,2281.26,grocery,0,0
TXN105788,C1676,942.48,9,1,0,2,1498.4,grocery,0,0
TXN105789,C1554,928.01,11,0,1,3,1180.95,grocery,1,0
TXN105790,C1931,954.54,19,0,0,5,696.72,cash_withdrawal,0,0
TXN105791,C1914,2119.31,10,0,0,4,2907.7,cash_withdrawal,0,1
TXN105792,C1929,8775.19,8,1,0,1,7900.0,cash_withdrawal,1,1
TXN105793,C1771,2075.0,18,0,0,1,3253.31,electronics,0,0
TXN105794,C1775,2030.3,0,0,0,2,2528.07,travel,0,0
TXN105795,C1743,13056.88,19,0,0,3,12331.36,restaurant,0,0
TXN105796,C1886,3373.17,13,0,1,2,1896.39,cash_withdrawal,0,0
TXN105797,C1746,2062.97,23,0,0,2,2477.12,cash_withdrawal,0,0
TXN105798,C1058,2164.37,3,1,0,4,3363.88,online_services,0,0
TXN105799,C1397,1743.04,23,0,0,1,3105.05,jewelry,0,0
TXN105800,C1294,1092.8,17,1,0,2,1189.16,restaurant,2,1
TXN105801,C1434,12998.42,18,0,0,2,7629.37,jewelry,0,0
TXN105802,C1581,4204.02,16,0,0,1,5738.17,travel,1,0
TXN105803,C1166,13161.87,12,0,0,1,10449.0,restaurant,0,0
TXN105804,C1763,1244.73,7,0,0,1,942.87,electronics,0,0
TXN105805,C1929,3122.13,0,0,0,2,3091.96,travel,2,1
TXN105806,C1818,3365.04,21,0,0,2,3175.63,travel,0,0
TXN105807,C1087,4446.91,7,0,0,2,4305.17,cash_withdrawal,1,0
TXN105808,C1555,1706.09,9,0,0,2,1804.03,travel,0,0
TXN105809,C1584,4364.72,12,0,0,1,3728.49,grocery,0,0
TXN105810,C1630,3666.66,8,0,0,1,2765.93,travel,0,0
TXN105811,C1275,7878.71,21,0,0,1,4245.86,travel,0,0
TXN105812,C1801,7603.44,20,0,0,1,7579.62,cash_withdrawal,0,0
TXN105813,C1790,3129.77,19,0,0,5,3304.98,grocery,0,1
TXN105814,C1127,3026.02,9,0,0,4,2277.14,online_services,3,0
TXN105815,C1676,6880.39,10,0,0,5,4410.28,cash_withdrawal,0,0
TXN105816,C1270,8479.05,5,0,1,1,8240.43,restaurant,0,0
TXN105817,C1473,1135.93,0,0,0,3,2547.46,restaurant,0,0
TXN105818,C1009,2029.25,14,0,0,2,2587.81,grocery,1,1
TXN105819,C1989,9983.3,11,0,0,4,3244.58,restaurant,0,0
TXN105820,C1653,2428.96,17,0,0,3,1867.62,electronics,0,0
TXN105821,C1418,2277.12,1,0,0,3,1878.79,online_services,0,0
TXN105822,C1961,4115.59,2,0,0,3,3071.51,travel,0,1
TXN105823,C1918,2049.64,19,0,0,2,2682.83,online_services,0,0
TXN105824,C1321,1254.95,2,0,1,1,1317.36,restaurant,0,1
TXN105825,C1184,5145.64,8,0,0,1,3826.62,cash_withdrawal,0,0
TXN105826,C1805,4125.2,8,0,0,1,5000.65,travel,1,0
TXN105827,C1889,5024.4,15,0,0,1,5045.69,electronics,0,0
TXN105828,C1232,1720.81,20,0,0,1,3331.47,electronics,0,0
TXN105829,C1150,3037.44,19,0,0,2,2007.15,jewelry,1,0
TXN105830,C1050,4392.09,7,0,0,2,2721.03,grocery,0,0
TXN105831,C1670,841.04,1,0,0,3,1390.78,electronics,0,0
TXN105832,C1700,2302.7,16,0,0,1,2092.5,cash_withdrawal,0,0
TXN105833,C1450,810.6,18,0,0,4,1034.39,travel,0,0
TXN105834,C1042,4661.58,17,0,0,3,4367.77,jewelry,3,0
TXN105835,C1233,3316.0,1,0,0,1,2297.55,jewelry,3,0
TXN105836,C1265,8014.88,8,0,0,6,5176.66,grocery,0,0
TXN105837,C1694,1199.15,11,0,0,1,2647.3,online_services,0,0
TXN105838,C1735,7224.29,1,1,0,1,4869.2,online_services,0,0
TXN105839,C1240,1553.69,11,0,0,3,2720.91,grocery,1,0
TXN105840,C1079,19385.99,16,0,0,3,21112.18,restaurant,0,0
TXN105841,C1115,3177.56,16,0,0,3,2276.38,grocery,0,0
TXN105842,C1242,4769.72,6,0,0,1,3845.1,travel,0,0
TXN105843,C1584,9544.61,11,0,0,1,4475.75,cash_withdrawal,0,0
TXN105844,C1842,182.05,21,0,0,1,372.8,restaurant,0,0
TXN105845,C1073,4234.49,20,0,0,1,4009.56,restaurant,0,0
TXN105846,C1896,7039.44,9,0,0,1,6937.65,electronics,0,0
TXN105847,C1025,3825.41,10,0,0,4,4756.49,online_services,0,0
TXN105848,C1807,1102.19,11,0,0,2,1683.61,travel,0,0
TXN105849,C1998,6414.01,13,1,0,1,3859.31,jewelry,0,0
TXN105850,C1383,351.2,15,0,0,5,500.42,travel,1,0
TXN105851,C1636,5756.78,0,0,0,2,6195.72,electronics,0,0
TXN105852,C1377,1152.75,1,0,0,3,1945.4,travel,0,0
TXN105853,C1952,8152.65,4,0,0,3,5791.51,online_services,0,0
TXN105854,C1026,3397.06,3,0,0,3,6433.45,online_services,0,0
TXN105855,C1216,3495.73,10,1,0,2,1658.54,online_services,0,0
TXN105856,C1732,2105.5,23,0,0,1,2095.9,online_services,1,0
TXN105857,C1802,4792.63,18,0,0,4,4010.01,jewelry,1,0
TXN105858,C1352,1830.59,6,0,0,2,1701.25,restaurant,1,0
TXN105859,C1850,1207.73,18,0,0,2,1823.51,grocery,1,0
TXN105860,C1672,943.15,23,0,0,1,665.75,electronics,0,0
TXN105861,C1390,6148.8,20,0,0,3,4489.39,grocery,0,0
TXN105862,C1978,3054.43,2,0,0,3,4081.44,electronics,0,1
TXN105863,C1578,2687.53,16,0,0,1,2662.63,online_services,0,0
TXN105864,C1645,3372.48,17,0,0,1,2096.4,jewelry,0,0
TXN105865,C1428,1840.73,17,1,0,1,2661.42,jewelry,2,0
TXN105866,C1124,509.69,16,0,0,2,736.34,cash_withdrawal,0,0
TXN105867,C1052,9030.92,19,0,0,3,10989.64,restaurant,1,0
TXN105868,C1675,7837.02,16,0,0,1,7537.64,online_services,3,0
TXN105869,C1451,943.57,10,0,0,1,994.04,travel,2,0
TXN105870,C1199,3936.12,18,0,0,1,4745.56,travel,0,1
TXN105871,C1932,7185.83,7,0,0,2,5782.98,travel,0,0
TXN105872,C1248,9607.15,11,0,0,1,4523.7,electronics,0,0
TXN105873,C1466,1756.72,10,0,1,2,1474.26,jewelry,1,0
TXN105874,C1995,2080.82,3,0,1,2,3682.84,jewelry,0,1
TXN105875,C1246,2068.13,14,0,0,3,2201.81,jewelry,0,0
TXN105876,C1980,1039.75,13,0,0,3,2194.81,travel,1,0
TXN105877,C1081,5772.06,11,0,0,1,6522.69,online_services,0,0
TXN105878,C1517,4501.71,2,0,0,4,5120.61,travel,0,1
TXN105879,C1669,11770.16,15,0,0,4,7742.29,online_services,2,0
TXN105880,C1235,2574.27,14,0,0,2,2350.19,cash_withdrawal,0,0
TXN105881,C1428,6021.25,7,0,0,4,3011.77,online_services,1,0
TXN105882,C1847,2299.21,4,1,1,3,1959.48,online_services,0,0
TXN105883,C1250,13382.12,13,0,0,5,5774.94,jewelry,0,0
TXN105884,C1598,963.95,21,0,0,1,2202.13,electronics,0,0
TXN105885,C1620,3666.96,8,0,0,1,3016.76,cash_withdrawal,0,0
TXN105886,C1293,2843.06,10,0,0,3,2758.09,travel,0,0
TXN105887,C1120,1779.06,2,0,0,3,2146.76,restaurant,1,0
TXN105888,C1431,1932.33,16,0,0,4,2583.56,electronics,1,0
TXN105889,C1589,2216.49,15,1,0,1,2493.18,jewelry,0,0
TXN105890,C1902,3002.74,6,0,1,1,3605.2,electronics,1,0
TXN105891,C1897,1433.95,14,1,1,1,1695.5,grocery,1,1
TXN105892,C1170,1744.34,3,0,0,4,2280.82,restaurant,0,0
TXN105893,C1269,663.67,17,0,0,1,1338.15,jewelry,2,0
TXN105894,C1952,3309.55,15,0,0,2,3241.36,jewelry,3,0
TXN105895,C1103,1877.08,4,0,0,2,1894.91,cash_withdrawal,2,0
TXN105896,C1034,2893.05,13,0,1,1,3366.79,grocery,0,0
TXN105897,C1706,6697.26,5,1,0,1,4551.3,grocery,2,0
TXN105898,C1135,2926.16,16,0,0,3,1859.94,cash_withdrawal,0,0
TXN105899,C1542,18637.88,12,0,0,1,8591.01,restaurant,0,0
TXN105900,C1362,2598.51,4,0,0,2,3697.26,restaurant,1,1
TXN105901,C1713,1106.06,17,0,0,2,1500.68,electronics,0,0
TXN105902,C1729,3476.13,9,0,0,1,5377.3,grocery,0,0
TXN105903,C1344,1512.1,10,0,0,4,2811.83,online_services,0,0
TXN105904,C1623,3224.76,19,0,0,2,3467.86,grocery,0,0
TXN105905,C1739,5820.82,1,0,0,2,4622.67,grocery,1,1
TXN105906,C1756,1928.83,11,0,0,2,1847.61,restaurant,0,0
TXN105907,C1932,2952.27,13,0,0,2,2315.12,jewelry,0,0
TXN105908,C1460,1760.54,23,0,0,1,1950.68,cash_withdrawal,0,0
TXN105909,C1446,4205.41,9,1,0,2,2303.5,cash_withdrawal,0,1
TXN105910,C1488,3782.16,22,0,1,1,5074.51,electronics,0,0
TXN105911,C1751,1027.08,5,0,1,1,1706.13,jewelry,0,0
TXN105912,C1784,1773.81,18,1,0,5,1868.41,cash_withdrawal,2,1
TXN105913,C1959,2485.96,16,0,0,1,4843.05,grocery,0,0
TXN105914,C1155,661.78,0,1,0,1,832.08,online_services,0,1
TXN105915,C1607,2100.83,11,0,0,1,3693.77,jewelry,0,0
TXN105916,C1664,1732.54,14,0,0,2,2185.58,restaurant,0,0
TXN105917,C1328,2586.08,14,1,0,3,1792.52,electronics,0,1
TXN105918,C1520,3109.22,23,0,0,1,3542.8,online_services,0,0
TXN105919,C1286,9472.49,3,0,1,1,10615.62,electronics,0,0
TXN105920,C1304,1468.94,15,0,0,1,2419.62,travel,0,0
TXN105921,C1049,3193.71,18,0,0,4,2008.53,online_services,0,0
TXN105922,C1918,6623.37,16,0,1,2,8327.64,online_services,0,0
TXN105923,C1520,2725.56,13,1,0,3,2360.39,travel,1,1
TXN105924,C1330,1550.62,12,1,0,3,2251.79,travel,0,1
TXN105925,C1775,5612.41,5,0,1,2,3782.35,electronics,0,0
TXN105926,C1042,794.9,23,1,0,4,941.54,jewelry,2,0
TXN105927,C1215,3546.76,13,0,1,4,3381.99,online_services,0,1
TXN105928,C1284,2636.61,18,0,0,1,2050.73,online_services,0,0
TXN105929,C1321,7225.01,3,0,0,2,6435.35,travel,2,0
TXN105930,C1291,8384.28,5,0,0,4,2597.86,grocery,1,1
TXN105931,C1294,2262.84,8,0,0,2,5047.78,restaurant,0,0
TXN105932,C1449,2647.84,7,0,0,3,1586.07,electronics,0,0
TXN105933,C1295,2740.45,8,0,0,2,1093.8,online_services,0,0
TXN105934,C1771,4163.6,3,0,0,1,3795.38,electronics,0,0
TXN105935,C1682,3808.21,8,0,1,1,5861.35,electronics,3,0
TXN105936,C1098,2228.0,6,0,0,1,1152.65,online_services,1,0
TXN105937,C1858,636.24,16,1,0,2,498.71,cash_withdrawal,1,0
TXN105938,C1172,656.02,0,0,0,2,1554.26,online_services,0,0
TXN105939,C1924,5097.06,1,0,0,1,3870.09,online_services,0,0
TXN105940,C1550,7048.5,6,1,0,3,3046.5,grocery,1,0
TXN105941,C1500,3211.21,0,0,1,2,3383.87,travel,0,0
TXN105942,C1208,1231.54,9,0,0,1,1450.39,online_services,1,0
TXN105943,C1436,3468.9,23,0,0,3,2665.52,restaurant,0,0
TXN105944,C1533,2345.78,4,0,0,2,4857.98,cash_withdrawal,0,0
TXN105945,C1464,10241.9,9,0,0,3,5314.28,grocery,0,1
TXN105946,C1733,270.46,22,0,0,1,808.88,cash_withdrawal,0,0
TXN105947,C1122,13475.22,14,0,0,2,12753.23,restaurant,0,0
TXN105948,C1505,500.14,8,0,0,1,1365.58,grocery,2,1
TXN105949,C1885,5632.64,4,0,0,1,5002.49,travel,0,0
TXN105950,C1749,6305.53,21,0,0,5,3679.34,grocery,0,0
TXN105951,C1991,2324.65,11,0,0,1,5611.25,cash_withdrawal,0,0
TXN105952,C1080,4118.78,23,0,0,4,1779.28,cash_withdrawal,0,0
TXN105953,C1227,1622.32,23,0,0,2,3072.82,grocery,0,0
TXN105954,C1334,1099.48,5,0,0,1,714.43,online_services,0,0
TXN105955,C1343,2532.25,8,0,0,3,3081.23,restaurant,0,1
TXN105956,C1645,1713.31,23,0,0,2,2003.87,online_services,0,0
TXN105957,C1688,3557.18,2,0,0,2,4101.22,jewelry,0,0
TXN105958,C1704,5647.0,10,0,0,1,8609.22,grocery,0,0
TXN105959,C1443,11658.1,3,0,0,1,7288.81,jewelry,0,0
TXN105960,C1813,4198.24,16,0,0,3,3113.81,travel,0,0
TXN105961,C1194,4415.75,17,0,1,2,2638.91,jewelry,0,0
TXN105962,C1857,3987.85,20,0,0,1,2001.04,grocery,0,0
TXN105963,C1971,3117.15,20,0,0,5,2946.3,jewelry,0,0
TXN105964,C1008,1058.74,7,0,0,1,1192.44,electronics,0,0
TXN105965,C1600,8294.64,12,0,0,1,11618.45,cash_withdrawal,0,0
TXN105966,C1965,2493.54,7,0,0,2,2000.85,jewelry,0,0
TXN105967,C1200,4809.78,8,0,0,1,3986.29,restaurant,0,0
TXN105968,C1155,1413.96,15,0,0,1,1562.34,cash_withdrawal,0,0
TXN105969,C1191,5248.66,23,0,1,1,4952.12,restaurant,0,0
TXN105970,C1289,4269.9,4,0,0,9,2132.15,electronics,0,1
TXN105971,C1650,3392.63,2,0,0,1,3535.2,online_services,0,0
TXN105972,C1877,15094.48,23,0,0,3,8791.69,jewelry,1,0
TXN105973,C1219,4167.39,0,0,0,1,3643.73,restaurant,2,0
TXN105974,C1068,6011.16,15,1,0,2,6096.61,online_services,0,0
TXN105975,C1625,469.83,6,0,0,3,656.96,jewelry,0,0
TXN105976,C1182,1806.22,1,0,0,1,4937.1,restaurant,1,1
TXN105977,C1704,7628.92,8,1,0,1,6095.02,online_services,0,0
TXN105978,C1389,1895.31,20,0,0,5,2049.18,online_services,2,0
TXN105979,C1240,2634.53,20,0,0,1,4135.35,travel,0,0
TXN105980,C1495,4470.15,16,0,0,1,6282.19,jewelry,1,1
TXN105981,C1977,7057.63,5,0,0,2,7237.29,travel,0,0
TXN105982,C1860,7593.5,7,0,0,3,4335.16,travel,0,0
TXN105983,C1684,7398.22,15,0,0,1,4417.25,restaurant,0,0
TXN105984,C1815,15832.25,20,0,0,2,10101.11,restaurant,0,0
TXN105985,C1612,617.03,11,0,0,1,1818.75,online_services,0,0
TXN105986,C1492,1238.34,9,0,0,1,2571.37,grocery,0,0
TXN105987,C1224,9071.7,3,1,0,4,10288.77,cash_withdrawal,0,1
TXN105988,C1782,1520.98,9,0,0,2,2740.85,restaurant,0,0
TXN105989,C1992,5979.65,14,0,0,1,4357.57,travel,1,0
TXN105990,C1253,8269.97,21,1,0,1,14058.22,restaurant,3,0
TXN105991,C1118,7250.7,5,0,0,3,5284.12,restaurant,0,0
TXN105992,C1979,4936.37,10,0,0,2,5273.89,jewelry,0,0
TXN105993,C1116,1389.92,11,0,0,1,1811.8,jewelry,0,0
TXN105994,C1407,1384.32,22,1,0,1,3593.68,electronics,0,0
TXN105995,C1792,787.46,15,1,0,4,1222.47,cash_withdrawal,0,0
TXN105996,C1824,1494.2,15,0,0,2,1517.9,online_services,0,0
TXN105997,C1421,11628.75,21,0,0,2,11327.28,electronics,0,0
TXN105998,C1029,3669.75,9,0,0,1,2529.85,travel,0,0
TXN105999,C1519,3272.46,6,0,0,1,2879.64,cash_withdrawal,0,0
TXN106000,C1801,3910.58,13,0,0,3,5633.56,grocery,0,0
TXN106001,C1575,1199.17,10,0,0,2,3156.28,travel,0,0
TXN106002,C1691,765.3,10,1,1,3,1389.95,restaurant,1,1
TXN106003,C1400,8212.37,14,1,0,4,6459.25,restaurant,0,0
TXN106004,C1408,4238.04,8,0,1,1,4950.28,grocery,0,0
TXN106005,C1274,1714.05,15,0,0,1,1378.99,jewelry,0,0
TXN106006,C1224,4915.76,10,0,1,1,4367.21,jewelry,1,1
TXN106007,C1838,8109.77,1,0,0,1,3145.79,travel,1,0
TXN106008,C1458,3176.02,13,0,0,3,3224.21,electronics,0,0
TXN106009,C1586,1643.3,5,0,0,2,2598.88,online_services,0,0
TXN106010,C1211,6211.78,20,0,0,2,16692.83,grocery,0,0
TXN106011,C1970,1309.55,19,0,0,2,2359.22,online_services,0,0
TXN106012,C1337,1686.39,4,0,0,1,1819.67,online_services,0,0
TXN106013,C1552,4289.17,0,0,0,1,2985.54,jewelry,0,0
TXN106014,C1021,692.3,12,0,0,5,779.93,grocery,0,1
TXN106015,C1799,1674.34,22,0,0,4,2832.16,travel,1,0
TXN106016,C1934,18815.79,11,0,0,1,21709.13,cash_withdrawal,0,0
TXN106017,C1784,4424.06,17,0,0,1,4213.58,grocery,0,0
TXN106018,C1670,2217.55,1,0,0,2,1898.22,online_services,2,1
TXN106019,C1215,2650.17,11,0,0,1,1981.53,online_services,0,0
TXN106020,C1203,5090.42,5,0,0,3,4478.67,cash_withdrawal,1,0
TXN106021,C1548,1977.0,12,0,0,1,3923.75,cash_withdrawal,0,0
TXN106022,C1735,13556.54,7,0,0,1,4044.55,travel,0,0
TXN106023,C1820,5690.97,5,0,0,1,2539.12,travel,0,0
TXN106024,C1339,2742.42,13,0,0,4,3785.7,electronics,0,1
TXN106025,C1566,3252.76,23,0,0,1,5230.45,electronics,0,0
TXN106026,C1962,5405.51,0,0,0,1,4154.32,grocery,0,0
TXN106027,C1865,3678.32,0,0,0,1,4782.82,cash_withdrawal,0,0
TXN106028,C1962,3008.56,16,0,0,1,2982.55,grocery,1,0
TXN106029,C1513,2193.13,12,0,0,1,6694.4,cash_withdrawal,1,0
TXN106030,C1496,14733.51,1,0,0,1,12875.8,electronics,2,1
TXN106031,C1289,939.01,9,0,0,1,1023.61,grocery,1,0
TXN106032,C1235,17657.42,20,0,0,1,7315.08,cash_withdrawal,0,0
TXN106033,C1704,1206.03,7,0,0,1,3638.48,grocery,0,0
TXN106034,C1278,5703.86,23,0,0,5,9588.84,grocery,0,0
TXN106035,C1832,1091.14,12,0,0,6,1421.13,jewelry,0,0
TXN106036,C1410,5787.32,4,0,0,1,2967.47,cash_withdrawal,0,0
TXN106037,C1758,3650.22,8,0,0,4,3165.29,cash_withdrawal,0,0
TXN106038,C1086,3663.99,2,0,0,2,3243.69,grocery,1,0
TXN106039,C1516,3263.1,23,0,0,4,2100.09,jewelry,0,0
TXN106040,C1780,2481.09,23,0,0,1,3898.27,restaurant,0,0
TXN106041,C1020,3433.58,0,0,0,1,4589.83,jewelry,0,0
TXN106042,C1850,882.67,17,0,1,1,1233.74,online_services,0,0
TXN106043,C1941,2586.72,4,0,0,4,3081.29,grocery,0,1
TXN106044,C1753,2538.93,18,0,0,4,2544.92,cash_withdrawal,0,0
TXN106045,C1400,2868.27,6,1,0,2,2932.33,cash_withdrawal,0,0
TXN106046,C1620,3996.14,9,0,0,1,3161.75,cash_withdrawal,0,0
TXN106047,C1331,1281.9,13,0,0,5,1001.13,online_services,1,1
TXN106048,C1761,737.81,0,0,0,2,1109.02,travel,0,0
TXN106049,C1280,9922.53,14,0,0,1,9793.62,electronics,1,0
TXN106050,C1102,2464.8,8,0,0,1,3059.09,jewelry,0,0
TXN106051,C1590,1089.85,15,0,0,1,1986.36,restaurant,0,0
TXN106052,C1298,1526.59,13,0,0,3,2048.75,grocery,0,0
TXN106053,C1227,14797.53,13,0,0,3,8097.77,online_services,0,0
TXN106054,C1285,3710.61,15,0,0,3,4110.81,travel,1,0
TXN106055,C1929,12860.59,22,0,0,1,10882.91,online_services,0,0
TXN106056,C1518,4434.91,7,0,0,2,5232.92,restaurant,0,0
TXN106057,C1017,13100.92,15,0,1,4,10123.1,jewelry,0,0
TXN106058,C1403,759.71,11,0,1,5,1375.83,cash_withdrawal,0,0
TXN106059,C1559,8253.84,22,1,0,3,3774.5,grocery,0,0
TXN106060,C1463,3001.64,7,0,0,3,4847.86,online_services,0,0
TXN106061,C1998,1981.78,0,0,0,2,2143.71,restaurant,0,0
TXN106062,C1789,3649.39,7,0,0,2,1506.7,restaurant,0,0
TXN106063,C1378,6162.28,15,0,0,1,3510.97,online_services,1,1
TXN106064,C1111,6443.67,20,0,0,2,5782.49,travel,0,0
TXN106065,C1340,922.87,4,0,0,2,1295.27,cash_withdrawal,0,1
TXN106066,C1645,1772.46,2,0,0,3,4221.38,grocery,1,0
TXN106067,C1574,7247.04,5,0,0,2,6678.97,electronics,3,0
TXN106068,C1885,3330.64,15,0,0,3,3694.63,online_services,0,0
TXN106069,C1255,2882.24,2,0,0,4,3803.37,electronics,0,1
TXN106070,C1412,2692.34,19,0,0,4,2929.33,cash_withdrawal,0,0
TXN106071,C1484,6935.37,16,0,0,3,4292.12,jewelry,0,0
TXN106072,C1859,373.9,18,0,1,3,1176.25,cash_withdrawal,0,0
TXN106073,C1238,676.03,1,0,0,2,825.99,cash_withdrawal,3,0
TXN106074,C1505,1666.88,8,0,0,3,3089.11,restaurant,0,0
TXN106075,C1318,1211.98,23,0,0,6,2273.45,travel,0,0
TXN106076,C1854,13676.96,4,0,0,1,5363.3,grocery,0,0
TXN106077,C1329,2609.8,22,0,0,2,2663.45,online_services,0,0
TXN106078,C1613,1838.21,13,0,0,1,2674.25,cash_withdrawal,1,0
TXN106079,C1005,939.3,8,0,0,1,1246.28,jewelry,0,0
TXN106080,C1214,3505.6,17,0,1,1,2953.77,cash_withdrawal,2,0
TXN106081,C1500,2783.72,17,0,0,1,3312.69,restaurant,0,0
TXN106082,C1320,2755.65,20,0,0,3,3429.36,electronics,0,0
TXN106083,C1329,12439.29,14,1,0,3,5984.33,jewelry,1,0
TXN106084,C1494,1188.29,16,1,0,1,1356.45,online_services,2,0
TXN106085,C1879,1332.74,23,0,0,1,2222.54,jewelry,0,0
TXN106086,C1083,24266.67,3,0,0,3,20923.05,restaurant,0,0
TXN106087,C1716,5444.99,2,0,0,2,6698.25,restaurant,0,0
TXN106088,C1130,5369.31,0,0,0,5,2600.12,electronics,1,0
TXN106089,C1532,1303.36,23,0,0,2,1478.57,grocery,0,0
TXN106090,C1170,3178.88,6,0,0,1,3361.7,restaurant,2,0
TXN106091,C1890,5740.36,3,0,0,1,6341.37,grocery,0,0
TXN106092,C1906,2187.06,13,0,1,5,1531.63,restaurant,2,0
TXN106093,C1174,669.71,20,0,0,2,1089.43,cash_withdrawal,0,0
TXN106094,C1537,9553.23,15,0,1,1,5999.46,electronics,0,0
TXN106095,C1766,2428.69,17,0,0,6,1598.75,restaurant,0,0
TXN106096,C1408,3170.74,0,0,0,2,6057.5,travel,0,0
TXN106097,C1120,2235.36,13,0,0,1,2665.72,travel,1,1
TXN106098,C1737,1829.88,21,0,0,1,1870.07,travel,0,0
TXN106099,C1535,7946.65,10,0,0,5,6851.79,online_services,0,0
TXN106100,C1910,518.13,11,0,0,1,549.45,online_services,3,0
TXN106101,C1665,6911.55,5,0,0,4,7719.6,electronics,0,0
TXN106102,C1297,3862.63,16,0,0,2,4055.51,jewelry,0,0
TXN106103,C1209,955.67,19,0,0,2,740.37,jewelry,0,0
TXN106104,C1380,876.05,16,0,0,1,1048.72,online_services,0,0
TXN106105,C1257,14156.21,15,0,0,1,15884.66,restaurant,0,0
TXN106106,C1215,8953.27,10,0,0,3,6683.56,jewelry,0,0
TXN106107,C1737,5539.36,4,0,0,1,3062.35,electronics,0,1
TXN106108,C1536,2035.86,22,0,0,1,2151.01,cash_withdrawal,0,0
TXN106109,C1485,2902.29,0,0,0,1,1652.92,travel,0,0
TXN106110,C1426,887.61,5,0,0,1,1397.16,electronics,0,0
TXN106111,C1481,4248.32,2,0,0,1,8012.17,grocery,0,0
TXN106112,C1319,1728.79,22,1,0,1,1500.81,electronics,0,0
TXN106113,C1204,4199.26,22,0,0,1,2272.49,grocery,1,0
TXN106114,C1550,3427.82,14,0,0,4,6321.83,travel,0,0
TXN106115,C1096,4952.0,1,0,0,1,4349.0,online_services,0,0
TXN106116,C1479,1451.53,19,0,0,3,1673.84,electronics,0,0
TXN106117,C1068,10180.17,11,0,0,4,4509.96,jewelry,0,0
TXN106118,C1572,4280.88,7,0,0,1,2779.34,travel,0,0
TXN106119,C1643,33806.91,0,0,0,2,15509.03,electronics,0,0
TXN106120,C1281,9688.82,9,0,0,2,9012.04,cash_withdrawal,2,0
TXN106121,C1933,2825.54,13,0,0,4,4550.06,online_services,0,0
TXN106122,C1746,1231.96,9,0,0,3,1457.58,travel,2,1
TXN106123,C1639,2106.04,12,1,0,2,1580.49,travel,0,0
TXN106124,C1574,4284.05,17,0,0,1,4059.78,jewelry,2,0
TXN106125,C1675,2447.04,6,0,0,2,4032.39,grocery,0,0
TXN106126,C1606,5451.44,4,0,0,2,2248.39,grocery,0,0
TXN106127,C1748,916.11,6,0,0,2,1010.53,travel,1,0
TXN106128,C1182,1714.03,8,0,0,3,3272.59,online_services,0,1
TXN106129,C1104,3312.07,4,0,0,1,6680.35,cash_withdrawal,0,0
TXN106130,C1534,6604.0,18,0,0,4,5035.78,jewelry,0,0
TXN106131,C1784,3904.5,12,0,0,2,4846.41,travel,0,0
TXN106132,C1589,5486.9,18,0,0,1,4162.8,online_services,0,0
TXN106133,C1283,3535.69,23,0,0,3,2000.12,cash_withdrawal,0,1
TXN106134,C1630,2079.11,21,0,0,2,1644.39,restaurant,0,0
TXN106135,C1214,4889.63,5,0,0,1,4644.22,grocery,0,0
TXN106136,C1802,3259.27,7,0,0,2,3709.7,electronics,3,0
TXN106137,C1093,18740.67,19,0,0,1,9575.67,electronics,0,0
TXN106138,C1146,2936.77,5,0,0,1,4250.82,restaurant,0,1
TXN106139,C1895,1971.34,0,0,1,2,1637.07,travel,0,1
TXN106140,C1079,13728.33,1,0,0,1,15282.25,electronics,0,1
TXN106141,C1523,2221.46,14,0,0,2,4557.52,restaurant,0,0
TXN106142,C1680,2884.19,15,0,0,1,3359.57,travel,0,0
TXN106143,C1309,12156.51,16,0,0,1,12449.78,cash_withdrawal,1,0
TXN106144,C1120,2669.86,7,0,0,2,2030.35,online_services,0,0
TXN106145,C1402,5160.12,12,0,0,1,2932.31,cash_withdrawal,0,0
TXN106146,C1394,256.07,22,0,0,1,443.3,restaurant,0,0
TXN106147,C1363,4939.02,9,0,0,1,6552.64,cash_withdrawal,0,0
TXN106148,C1534,2633.31,10,0,0,1,2500.09,online_services,1,0
TXN106149,C1080,7246.5,19,0,0,3,3709.58,cash_withdrawal,0,1
TXN106150,C1219,1483.86,5,0,0,1,1286.33,jewelry,0,0
TXN106151,C1853,1768.57,8,0,0,3,2786.46,jewelry,0,0
TXN106152,C1146,1183.64,13,0,0,1,958.0,online_services,1,0
TXN106153,C1452,2328.9,15,0,0,1,1833.9,jewelry,0,0
TXN106154,C1807,1918.63,8,0,0,2,966.12,jewelry,0,0
TXN106155,C1123,1400.97,17,0,0,4,1613.22,restaurant,2,0
TXN106156,C1667,3481.49,11,0,0,2,3982.25,electronics,0,0
TXN106157,C1025,2607.42,11,1,0,3,4387.04,cash_withdrawal,0,0
TXN106158,C1477,1883.66,21,0,0,3,1995.1,travel,0,1
TXN106159,C1745,2396.34,13,0,0,4,2663.37,electronics,0,0
TXN106160,C1631,7055.64,17,0,0,1,4154.12,electronics,0,0
TXN106161,C1391,6783.77,11,0,0,4,3406.54,electronics,0,0
TXN106162,C1955,925.42,23,0,1,1,3328.73,grocery,1,0
TXN106163,C1200,2383.6,14,0,0,1,2880.47,travel,1,1
TXN106164,C1538,2887.17,6,0,1,3,3389.84,grocery,0,1
TXN106165,C1600,4647.48,9,0,0,1,2257.62,travel,0,0
TXN106166,C1096,1098.22,11,0,0,1,534.28,travel,0,0
TXN106167,C1514,827.94,0,1,0,2,750.72,online_services,0,1
TXN106168,C1279,3096.1,1,0,0,3,2913.62,jewelry,0,1
TXN106169,C1281,868.58,20,0,0,1,1163.08,restaurant,0,0
TXN106170,C1407,3821.38,1,0,0,2,3975.0,jewelry,2,0
TXN106171,C1721,7738.01,8,0,0,1,6580.5,travel,0,0
TXN106172,C1640,1991.85,1,0,0,3,1966.64,online_services,2,1
TXN106173,C1843,4504.41,0,1,0,2,4043.67,cash_withdrawal,2,0
TXN106174,C1735,4125.63,15,0,0,4,3989.75,online_services,0,0
TXN106175,C1647,2458.46,14,0,0,2,1493.72,restaurant,0,0
TXN106176,C1177,2287.46,15,0,0,1,2156.9,jewelry,1,0
TXN106177,C1895,9219.43,20,0,0,2,9028.3,cash_withdrawal,1,0
TXN106178,C1558,5401.76,3,0,0,1,5332.76,grocery,1,1
TXN106179,C1378,1959.6,0,0,0,2,1236.56,online_services,0,0
TXN106180,C1915,563.31,22,0,0,1,461.95,electronics,0,0
TXN106181,C1722,6787.25,23,0,0,1,4910.35,electronics,0,0
TXN106182,C1891,989.9,4,0,0,4,927.83,grocery,0,0
TXN106183,C1429,2841.17,3,0,0,8,2617.4,grocery,0,0
TXN106184,C1454,6389.18,20,0,0,3,9608.26,jewelry,0,0
TXN106185,C1063,16359.0,10,0,0,4,13496.27,grocery,2,0
TXN106186,C1878,3768.41,17,0,0,1,2265.58,travel,0,0
TXN106187,C1873,412.95,6,0,0,1,767.25,jewelry,0,0
TXN106188,C1628,2168.74,23,0,0,1,1857.35,grocery,2,0
TXN106189,C1340,2613.78,21,0,0,3,3153.03,cash_withdrawal,0,0
TXN106190,C1921,2473.59,10,0,0,2,2325.74,jewelry,0,0
TXN106191,C1173,761.64,18,0,0,1,643.19,jewelry,0,0
TXN106192,C1966,2756.02,11,0,0,4,5146.13,online_services,0,0
TXN106193,C1014,3832.55,21,0,0,3,5314.16,restaurant,0,0
TXN106194,C1426,1256.22,21,0,0,2,3921.59,jewelry,0,0
TXN106195,C1062,4911.31,2,0,0,3,4640.83,electronics,1,0
TXN106196,C1844,1914.14,16,1,0,2,2305.31,electronics,0,0
TXN106197,C1746,3009.1,8,0,0,3,3413.38,grocery,0,0
TXN106198,C1176,3127.21,14,0,0,1,4198.99,grocery,0,0
TXN106199,C1282,5970.42,19,0,0,2,4932.65,electronics,0,0
TXN106200,C1705,1942.68,16,1,0,2,1697.07,restaurant,0,0
TXN106201,C1177,6381.86,20,0,0,1,8518.48,jewelry,0,0
TXN106202,C1862,3556.28,0,0,0,4,4140.29,travel,0,0
TXN106203,C1280,1299.57,17,0,0,1,1858.85,travel,1,0
TXN106204,C1120,4106.69,10,1,0,2,4212.1,restaurant,0,0
TXN106205,C1581,2511.49,22,0,0,1,2023.84,grocery,1,0
TXN106206,C1579,6958.48,14,0,0,2,6157.64,grocery,0,0
TXN106207,C1119,4731.1,2,1,0,2,7196.44,electronics,0,0
TXN106208,C1747,2959.14,2,0,0,5,2028.59,electronics,2,0
TXN106209,C1325,4309.31,18,0,0,1,3914.39,jewelry,0,0
TXN106210,C1988,10228.91,0,1,0,1,8834.29,cash_withdrawal,0,0
TXN106211,C1173,12121.68,0,0,0,1,4307.26,electronics,0,0
TXN106212,C1653,925.91,11,0,1,2,755.42,restaurant,0,0
TXN106213,C1083,1439.61,23,0,0,1,1117.78,electronics,0,0
TXN106214,C1315,5732.34,21,0,0,2,3511.52,jewelry,0,0
TXN106215,C1965,4973.42,6,0,0,1,4338.56,jewelry,0,0
TXN106216,C1773,2689.45,23,0,0,3,5475.1,electronics,2,0
TXN106217,C1317,1303.17,1,0,0,4,2770.64,restaurant,0,0
TXN106218,C1722,1968.23,9,0,0,1,1707.72,electronics,0,0
TXN106219,C1285,2849.21,4,0,0,4,2568.13,online_services,0,0
TXN106220,C1323,6388.41,13,0,0,1,2917.2,electronics,0,0
TXN106221,C1855,12597.82,6,0,0,2,12534.44,travel,0,0
TXN106222,C1904,5068.84,6,0,0,2,3462.68,electronics,3,0
TXN106223,C1302,13851.66,8,0,0,1,4803.98,jewelry,3,1
TXN106224,C1450,1134.32,8,0,0,2,1073.83,grocery,0,0
TXN106225,C1501,2233.53,11,0,1,5,3149.15,online_services,0,1
TXN106226,C1372,3632.33,11,0,0,2,1639.9,cash_withdrawal,0,0
TXN106227,C1657,5617.15,16,0,0,5,3689.42,restaurant,0,0
TXN106228,C1849,3468.48,20,0,0,2,2403.96,jewelry,0,0
TXN106229,C1851,678.4,5,0,0,3,1065.05,grocery,0,1
TXN106230,C1972,4396.75,18,0,0,2,4624.9,restaurant,0,0
TXN106231,C1159,2770.12,17,0,0,1,3760.54,online_services,0,0
TXN106232,C1215,6872.26,22,0,1,2,5337.76,restaurant,0,0
TXN106233,C1355,2166.11,20,0,0,1,2420.34,cash_withdrawal,0,0
TXN106234,C1698,1315.84,9,0,0,1,1549.99,electronics,1,0
TXN106235,C1350,1758.36,22,0,0,2,1787.33,online_services,0,0
TXN106236,C1564,750.73,23,0,0,4,1590.86,cash_withdrawal,0,0
TXN106237,C1275,6935.75,2,0,0,2,3416.87,online_services,0,1
TXN106238,C1791,1281.93,6,0,0,1,4136.37,travel,0,0
TXN106239,C1223,2124.47,14,0,0,3,3469.21,travel,1,1
TXN106240,C1032,3349.96,3,0,0,3,3711.86,online_services,1,0
TXN106241,C1674,2361.55,20,0,0,1,4268.9,electronics,0,0
TXN106242,C1486,8584.49,4,0,0,1,5344.81,restaurant,3,0
TXN106243,C1600,4904.76,10,0,0,5,7557.38,travel,0,1
TXN106244,C1577,2107.05,12,0,0,3,3756.98,jewelry,0,0
TXN106245,C1602,2735.75,1,1,0,2,3105.24,travel,1,1
TXN106246,C1718,1116.2,3,0,0,1,1496.98,jewelry,0,1
TXN106247,C1367,455.43,0,0,0,2,665.44,electronics,0,0
TXN106248,C1431,4073.75,15,0,0,1,2500.9,travel,0,0
TXN106249,C1344,13632.48,20,0,0,2,9762.68,grocery,0,0
TXN106250,C1191,2032.0,11,0,1,1,2167.63,travel,1,0
TXN106251,C1166,1418.68,14,0,0,3,797.22,online_services,0,0
TXN106252,C1190,3810.36,0,0,1,1,2062.56,restaurant,0,1
TXN106253,C1828,4510.17,19,0,0,1,9686.03,restaurant,0,0
TXN106254,C1607,2832.09,18,0,0,1,1985.58,jewelry,0,0
TXN106255,C1445,6458.84,23,0,0,1,4579.48,restaurant,0,0
TXN106256,C1484,2487.84,7,1,0,1,2772.68,travel,0,0
TXN106257,C1740,3666.22,11,0,0,4,6127.8,online_services,2,1
TXN106258,C1345,2952.48,15,0,0,4,2785.55,jewelry,0,0
TXN106259,C1410,11236.29,9,0,0,1,11774.54,grocery,0,0
TXN106260,C1994,4708.93,7,1,0,2,3291.44,cash_withdrawal,3,0
TXN106261,C1957,3359.79,16,0,1,1,3978.9,grocery,0,0
TXN106262,C1431,2224.21,13,0,0,1,2130.9,cash_withdrawal,2,0
TXN106263,C1275,418.71,18,0,0,1,478.13,restaurant,0,0
TXN106264,C1607,2466.92,0,0,0,2,2869.45,electronics,0,0
TXN106265,C1524,1226.01,5,0,1,1,3879.5,travel,0,1
TXN106266,C1907,571.96,19,0,0,2,1207.14,jewelry,1,0
TXN106267,C1965,416.82,16,0,0,1,651.55,electronics,0,0
TXN106268,C1974,7864.65,18,0,0,1,6344.18,cash_withdrawal,2,0
TXN106269,C1142,840.09,4,0,0,1,1331.72,jewelry,0,0
TXN106270,C1341,942.11,1,0,0,2,915.44,grocery,0,0
TXN106271,C1316,25271.36,4,0,0,2,10458.51,cash_withdrawal,0,0
TXN106272,C1354,3274.34,14,1,0,1,4497.6,restaurant,2,1
TXN106273,C1169,7734.58,14,0,0,1,3102.8,grocery,0,0
TXN106274,C1674,1632.88,4,0,0,2,1271.18,electronics,1,0
TXN106275,C1904,1706.22,5,1,0,3,1835.26,travel,0,0
TXN106276,C1314,2368.85,2,0,0,2,7770.06,electronics,0,0
TXN106277,C1241,5078.6,6,0,0,1,4487.68,restaurant,0,0
TXN106278,C1092,1949.22,23,0,0,4,2362.07,electronics,0,0
TXN106279,C1157,2006.98,21,0,0,5,1423.24,online_services,0,0
TXN106280,C1865,2561.81,11,0,0,1,2605.38,grocery,0,0
TXN106281,C1488,785.55,5,0,0,3,1049.98,travel,0,1
TXN106282,C1102,1019.62,15,0,0,1,1583.85,online_services,0,0
TXN106283,C1703,1659.1,12,0,0,6,2635.65,jewelry,0,0
TXN106284,C1217,4040.93,15,0,0,1,2361.24,jewelry,1,0
TXN106285,C1385,6189.96,14,0,0,3,6784.7,jewelry,0,0
TXN106286,C1248,1456.78,3,0,0,1,1733.91,restaurant,0,0
TXN106287,C1131,1269.4,10,1,0,1,1511.64,cash_withdrawal,0,0
TXN106288,C1957,1943.52,4,0,0,1,1869.84,restaurant,1,0
TXN106289,C1791,2292.8,10,0,0,1,2264.46,travel,0,0
TXN106290,C1839,2484.82,21,0,0,2,2130.57,jewelry,0,0
TXN106291,C1893,8737.21,13,0,0,1,3648.16,online_services,2,0
TXN106292,C1403,7459.17,17,1,0,1,4924.37,grocery,0,0
TXN106293,C1355,6964.99,15,0,0,1,3080.57,jewelry,0,0
TXN106294,C1758,627.52,18,0,0,3,2340.58,grocery,0,0
TXN106295,C1227,2819.33,19,0,1,3,1741.6,electronics,0,1
TXN106296,C1786,2390.43,7,0,0,5,1899.56,travel,0,1
TXN106297,C1370,1670.94,10,0,0,1,1668.04,online_services,0,0
TXN106298,C1842,1489.96,0,0,0,2,3268.18,online_services,0,0
TXN106299,C1613,2669.79,12,0,0,1,3479.19,grocery,0,0
TXN106300,C1661,2079.08,7,0,0,1,5751.52,electronics,0,0
TXN106301,C1511,1351.92,6,0,0,2,2781.95,grocery,2,0
TXN106302,C1216,2505.49,9,0,0,2,3603.4,restaurant,0,0
TXN106303,C1095,1918.23,10,0,0,3,2130.94,restaurant,0,1
TXN106304,C1669,5082.05,5,0,0,1,6992.53,restaurant,0,0
TXN106305,C1154,317.98,9,0,1,2,659.27,travel,0,0
TXN106306,C1396,1829.2,21,0,1,1,1087.63,cash_withdrawal,0,0
TXN106307,C1492,695.81,1,0,0,3,1067.82,travel,0,0
TXN106308,C1981,7017.0,13,0,0,1,2025.59,electronics,0,0
TXN106309,C1167,398.27,12,0,0,1,624.06,jewelry,0,0
TXN106310,C1529,1478.72,3,0,1,2,2050.54,restaurant,0,0
TXN106311,C1825,2327.81,2,0,0,2,2559.01,travel,3,0
TXN106312,C1702,557.63,23,0,0,3,678.17,grocery,0,0
TXN106313,C1671,864.61,12,0,0,4,1076.58,cash_withdrawal,0,0
TXN106314,C1826,7126.31,0,0,0,1,8141.79,electronics,0,0
TXN106315,C1326,828.84,4,0,0,2,1140.83,online_services,0,1
TXN106316,C1519,1439.25,12,0,0,1,1386.9,jewelry,0,0
TXN106317,C1465,7010.01,0,0,0,2,2313.51,restaurant,0,0
TXN106318,C1669,3521.1,21,0,0,3,2809.45,restaurant,2,0
TXN106319,C1432,803.26,1,0,0,4,3051.42,travel,0,0
TXN106320,C1435,2132.62,8,0,0,1,3122.93,jewelry,0,0
TXN106321,C1649,2756.61,3,0,0,2,3094.13,online_services,0,1
TXN106322,C1826,502.28,14,0,0,1,759.34,online_services,0,0
TXN106323,C1381,2244.26,15,0,1,3,2801.0,jewelry,0,0
TXN106324,C1343,5726.31,17,1,0,3,2985.3,travel,0,1
TXN106325,C1114,5773.67,5,0,0,4,3509.77,restaurant,0,0
TXN106326,C1544,300.66,12,0,0,3,666.74,cash_withdrawal,0,0
TXN106327,C1690,2483.37,2,0,0,4,2784.69,electronics,0,1
TXN106328,C1007,4037.99,10,0,1,1,6970.79,jewelry,0,0
TXN106329,C1604,1792.66,8,0,0,2,1909.81,electronics,0,0
TXN106330,C1527,4645.3,19,0,0,2,6999.12,jewelry,0,0
TXN106331,C1893,1302.66,14,0,0,4,2732.9,restaurant,1,0
TXN106332,C1049,1250.19,14,0,0,3,1424.69,travel,0,0
TXN106333,C1040,4137.86,3,1,0,1,7301.53,cash_withdrawal,0,1
TXN106334,C1501,1283.94,14,0,0,2,1637.32,travel,0,0
TXN106335,C1051,2347.19,19,0,0,1,2817.06,jewelry,0,0
TXN106336,C1378,2052.52,8,0,0,2,4524.27,restaurant,0,0
TXN106337,C1345,1588.38,21,0,0,3,1372.76,travel,0,0
TXN106338,C1785,5846.19,0,0,0,3,3995.31,online_services,2,0
TXN106339,C1273,1388.71,5,0,0,1,1857.95,travel,0,0
TXN106340,C1365,6304.37,13,0,0,2,7440.94,grocery,0,0
TXN106341,C1457,2599.21,10,0,0,4,2941.11,travel,0,0
TXN106342,C1651,1441.84,1,0,0,3,1231.06,online_services,0,1
TXN106343,C1114,2724.71,11,0,0,2,2108.62,jewelry,1,0
TXN106344,C1037,963.68,17,0,0,1,1351.28,jewelry,2,0
TXN106345,C1405,1847.41,7,0,0,1,3277.38,electronics,1,0
TXN106346,C1086,7643.54,17,0,0,2,10156.44,grocery,1,0
TXN106347,C1129,2507.39,23,0,1,3,4139.18,electronics,0,0
TXN106348,C1648,3027.89,15,0,0,2,4955.82,restaurant,0,0
TXN106349,C1914,3969.38,8,0,0,1,4236.04,travel,1,0
TXN106350,C1995,2005.73,14,0,0,4,3099.35,jewelry,1,0
TXN106351,C1632,1429.84,7,0,0,1,2957.28,cash_withdrawal,0,0
TXN106352,C1925,5205.67,23,0,0,1,3734.16,cash_withdrawal,0,0
TXN106353,C1536,3359.81,18,0,1,2,6619.74,restaurant,0,0
TXN106354,C1041,2156.22,2,0,0,3,2459.57,travel,0,0
TXN106355,C1381,1045.34,1,0,0,1,1203.11,electronics,0,0
TXN106356,C1623,2741.16,23,0,0,1,3573.39,jewelry,0,0
TXN106357,C1831,2634.1,3,1,0,1,3370.56,restaurant,0,0
TXN106358,C1524,2472.15,23,0,0,3,3039.49,grocery,0,0
TXN106359,C1345,5176.06,20,0,0,1,1969.89,jewelry,0,0
TXN106360,C1309,2948.76,13,0,0,3,4491.36,restaurant,0,0
TXN106361,C1022,1723.19,5,0,0,3,1502.11,jewelry,0,0
TXN106362,C1263,8148.58,23,1,0,2,6423.08,jewelry,1,0
TXN106363,C1760,7889.97,2,0,0,5,5360.89,cash_withdrawal,0,0
TXN106364,C1934,901.23,13,0,0,4,1232.53,grocery,0,0
TXN106365,C1812,1001.68,6,0,0,1,1273.04,online_services,1,0
TXN106366,C1267,2259.9,9,0,0,2,2678.65,online_services,0,0
TXN106367,C1526,4623.38,17,1,0,2,3801.15,cash_withdrawal,2,0
TXN106368,C1812,1221.35,7,0,0,1,1328.81,jewelry,2,0
TXN106369,C1818,1383.4,1,0,0,4,1720.74,travel,0,0
TXN106370,C1587,8324.99,15,0,0,3,4557.03,electronics,0,1
TXN106371,C1778,11627.84,13,0,0,1,11214.94,travel,0,0
TXN106372,C1764,890.94,22,0,0,2,1294.97,cash_withdrawal,1,0
TXN106373,C1190,3998.54,8,0,0,1,4823.85,online_services,1,0
TXN106374,C1687,3441.21,1,0,0,4,3460.74,online_services,0,0
TXN106375,C1408,971.17,5,0,0,1,2489.16,jewelry,0,0
TXN106376,C1291,2428.4,8,0,0,4,5559.52,grocery,0,0
TXN106377,C1416,5322.06,6,0,0,1,3905.95,grocery,0,0
TXN106378,C1800,11182.1,13,0,0,3,10401.65,jewelry,1,0
TXN106379,C1132,2703.37,8,0,0,1,2636.26,travel,0,0
TXN106380,C1473,4519.7,19,0,0,1,2362.33,cash_withdrawal,0,0
TXN106381,C1999,1702.15,20,0,0,2,1629.2,travel,0,0
TXN106382,C1099,4793.03,7,0,0,1,5183.14,electronics,0,0
TXN106383,C1018,3039.72,22,0,0,1,5727.71,travel,0,0
TXN106384,C1226,3432.23,2,0,0,2,2817.1,online_services,0,0
TXN106385,C1294,1887.88,23,0,0,1,2387.79,jewelry,3,0
TXN106386,C1623,12584.73,14,1,0,3,7142.68,online_services,0,0
TXN106387,C1430,7821.61,20,0,0,1,5582.94,online_services,1,1
TXN106388,C1336,853.2,17,0,0,2,975.29,restaurant,0,0
TXN106389,C1487,3942.11,17,0,0,2,2253.58,grocery,1,0
TXN106390,C1351,10032.17,10,0,0,2,10988.86,travel,0,0
TXN106391,C1354,5210.62,14,0,0,3,4705.81,electronics,0,0
TXN106392,C1473,3883.8,23,0,0,1,5908.14,restaurant,1,0
TXN106393,C1215,6981.39,17,0,0,3,10978.98,jewelry,1,0
TXN106394,C1174,1160.75,21,0,0,6,830.53,restaurant,0,1
TXN106395,C1261,576.8,12,0,0,4,725.59,grocery,0,0
TXN106396,C1676,4602.26,18,0,1,3,3410.97,grocery,1,0
TXN106397,C1646,4952.61,15,0,0,2,6770.48,online_services,0,0
TXN106398,C1353,640.66,2,1,0,2,453.59,electronics,2,1
TXN106399,C1765,1070.96,16,0,0,4,1286.81,travel,0,0
TXN106400,C1311,948.74,9,0,0,1,1066.94,cash_withdrawal,2,0
TXN106401,C1322,1862.29,14,0,0,4,4416.2,jewelry,0,0
TXN106402,C1478,2848.96,0,0,0,1,2182.62,electronics,0,0
TXN106403,C1639,492.89,18,0,0,1,567.08,electronics,0,0
TXN106404,C1639,2196.42,11,0,0,1,2739.23,online_services,0,0
TXN106405,C1441,850.93,13,0,0,2,1709.64,cash_withdrawal,0,0
TXN106406,C1023,4652.33,9,0,0,2,7455.48,online_services,0,0
TXN106407,C1761,3696.46,15,0,0,3,4147.38,electronics,0,0
TXN106408,C1384,4605.82,17,0,0,1,2834.02,electronics,0,0
TXN106409,C1387,1594.34,19,0,0,1,665.1,cash_withdrawal,0,0
TXN106410,C1126,2352.45,3,0,1,1,1789.78,restaurant,1,0
TXN106411,C1223,2758.84,6,1,0,2,2310.73,grocery,0,0
TXN106412,C1584,2757.67,9,1,0,1,1545.56,electronics,0,0
TXN106413,C1885,5946.2,5,0,0,1,4108.66,cash_withdrawal,0,0
TXN106414,C1796,864.64,23,0,0,3,1658.11,restaurant,1,0
TXN106415,C1563,5233.94,13,0,0,1,5390.13,travel,0,0
TXN106416,C1769,3667.34,6,0,0,1,3021.38,restaurant,1,0
TXN106417,C1922,8605.07,19,0,0,1,5001.38,travel,1,0
TXN106418,C1327,1856.72,11,0,0,1,2590.73,jewelry,0,0
TXN106419,C1108,284.94,21,0,0,1,278.88,jewelry,0,0
TXN106420,C1983,1675.49,20,0,0,1,1286.32,cash_withdrawal,1,0
TXN106421,C1651,3393.35,10,0,0,1,3463.84,online_services,0,0
TXN106422,C1548,3310.31,17,0,0,1,3362.61,restaurant,0,0
TXN106423,C1230,2436.87,12,1,0,7,7927.94,restaurant,0,0
TXN106424,C1774,2225.15,14,0,0,3,1445.87,travel,1,0
TXN106425,C1845,5057.65,14,0,0,1,3631.02,electronics,0,0
TXN106426,C1946,3886.68,5,0,0,3,3607.94,restaurant,0,0
TXN106427,C1295,1382.94,0,1,0,1,1439.09,online_services,0,0
TXN106428,C1849,4691.42,10,0,0,2,4159.25,cash_withdrawal,0,0
TXN106429,C1475,6751.45,20,0,0,1,5957.09,electronics,3,0
TXN106430,C1699,2714.43,3,0,0,4,2298.7,restaurant,0,1
TXN106431,C1594,4833.39,20,0,0,2,3735.56,restaurant,0,0
TXN106432,C1997,7332.56,13,0,0,3,3428.08,restaurant,0,0
TXN106433,C1193,1776.15,20,0,0,2,2148.8,grocery,0,0
TXN106434,C1633,1351.48,7,0,0,2,1426.09,electronics,0,0
TXN106435,C1624,997.07,19,0,0,1,1142.18,online_services,1,0
TXN106436,C1082,1725.64,19,0,0,3,2672.08,online_services,0,0
TXN106437,C1749,28588.48,13,1,0,1,9520.44,grocery,0,1
TXN106438,C1332,11818.24,19,1,0,4,6150.9,electronics,0,0
TXN106439,C1170,577.47,18,1,0,1,2489.01,jewelry,0,1
TXN106440,C1483,4739.59,21,0,0,2,3704.4,grocery,0,0
TXN106441,C1974,5863.25,11,0,0,2,5736.65,grocery,0,0
TXN106442,C1760,1058.64,19,0,0,2,1206.51,cash_withdrawal,0,0
TXN106443,C1669,14357.6,12,0,0,2,8160.0,online_services,0,0
TXN106444,C1523,4968.68,6,0,0,2,4041.8,cash_withdrawal,0,0
TXN106445,C1935,10439.87,5,0,0,3,9368.58,restaurant,0,0
TXN106446,C1377,748.51,23,0,0,3,1079.11,cash_withdrawal,1,0
TXN106447,C1245,1580.8,5,1,0,1,1820.11,restaurant,0,0
TXN106448,C1959,1283.69,22,0,0,2,1193.08,electronics,0,0
TXN106449,C1330,2692.09,4,0,0,1,3450.06,travel,2,0
TXN106450,C1066,1339.67,0,0,0,1,1700.21,electronics,0,0
TXN106451,C1591,7239.06,14,0,0,1,4711.8,restaurant,2,0
TXN106452,C1250,3195.48,21,0,0,1,2781.89,online_services,0,0
TXN106453,C1454,21257.06,7,0,0,2,10618.32,cash_withdrawal,0,0
TXN106454,C1181,2312.9,14,0,0,2,4468.32,online_services,0,0
TXN106455,C1656,1164.7,3,0,0,4,2684.76,cash_withdrawal,0,0
TXN106456,C1618,674.59,10,0,0,1,1090.32,cash_withdrawal,0,0
TXN106457,C1942,372.55,5,1,0,2,966.72,electronics,0,0
TXN106458,C1473,5425.39,23,0,0,1,7287.25,grocery,0,0
TXN106459,C1007,8316.91,23,0,0,1,4441.11,grocery,0,0
TXN106460,C1698,3404.18,21,0,1,1,3131.27,restaurant,0,0
TXN106461,C1887,3851.53,16,0,0,2,2716.93,restaurant,0,0
TXN106462,C1882,2621.39,12,0,0,1,3967.99,grocery,0,0
TXN106463,C1801,6244.08,13,0,0,1,3674.98,travel,0,0
TXN106464,C1904,4616.66,22,0,0,3,7019.08,online_services,0,1
TXN106465,C1123,11508.0,22,0,0,1,10480.64,cash_withdrawal,0,0
TXN106466,C1621,7185.93,20,0,0,1,4961.3,online_services,0,0
TXN106467,C1731,1268.45,0,0,0,1,2744.79,restaurant,0,0
TXN106468,C1492,2179.06,23,0,0,1,2289.88,grocery,0,0
TXN106469,C1299,8089.39,12,0,0,2,6058.21,cash_withdrawal,0,0
TXN106470,C1842,4875.35,23,0,0,4,3492.07,cash_withdrawal,0,0
TXN106471,C1040,26249.95,11,0,0,2,10858.54,restaurant,0,0
TXN106472,C1733,3716.01,16,0,0,2,3788.87,jewelry,3,0
TXN106473,C1665,10698.02,14,0,0,1,6564.5,restaurant,0,0
TXN106474,C1806,1263.41,3,0,0,4,1205.0,grocery,1,1
TXN106475,C1149,3603.19,8,0,0,2,2661.91,cash_withdrawal,0,0
TXN106476,C1845,6238.7,18,0,0,1,6670.79,cash_withdrawal,1,0
TXN106477,C1810,3818.38,3,0,1,1,2750.15,jewelry,0,0
TXN106478,C1173,1209.22,11,1,0,1,1083.12,restaurant,1,0
TXN106479,C1672,1564.93,10,0,0,3,1462.04,electronics,1,0
TXN106480,C1934,1569.33,7,0,0,2,2904.24,cash_withdrawal,0,0
TXN106481,C1494,1288.22,6,0,0,1,1585.36,travel,0,0
TXN106482,C1099,2406.31,10,0,0,2,1811.07,jewelry,0,0
TXN106483,C1710,961.0,2,0,0,4,2710.31,restaurant,1,0
TXN106484,C1920,1443.69,22,1,1,2,1299.84,restaurant,0,0
TXN106485,C1770,4932.23,7,0,0,1,4230.19,cash_withdrawal,2,0
TXN106486,C1266,3760.29,10,1,0,6,3812.99,travel,1,1
TXN106487,C1705,1209.82,14,0,0,1,839.44,travel,0,0
TXN106488,C1806,8500.76,14,0,0,1,5160.27,jewelry,1,0
TXN106489,C1264,2270.8,18,0,1,1,2679.31,travel,2,0
TXN106490,C1608,3193.23,1,0,0,4,3878.23,cash_withdrawal,0,1
TXN106491,C1143,27103.64,4,0,0,1,22622.72,online_services,0,0
TXN106492,C1295,1928.06,0,0,0,5,3482.06,electronics,2,0
TXN106493,C1901,10405.54,11,0,0,2,14554.43,online_services,0,0
TXN106494,C1371,6832.92,22,0,0,1,10698.57,travel,0,0
TXN106495,C1314,1291.78,22,0,0,2,1938.99,electronics,0,0
TXN106496,C1581,3431.77,20,1,1,2,4279.55,travel,0,0
TXN106497,C1486,2681.4,22,0,0,2,3296.74,restaurant,1,1
TXN106498,C1689,1595.42,9,0,0,3,1693.2,electronics,1,0
TXN106499,C1761,21142.85,22,1,0,2,17529.0,electronics,0,0
TXN106500,C1150,2254.13,19,0,0,2,2686.4,travel,0,0
TXN106501,C1879,2292.49,12,0,0,3,5744.3,travel,0,0
TXN106502,C1652,2152.64,7,0,0,2,2527.06,grocery,0,0
TXN106503,C1871,691.68,6,0,0,3,1005.44,online_services,1,1
TXN106504,C1310,961.47,4,0,0,2,1436.37,online_services,0,0
TXN106505,C1012,16661.98,8,0,0,1,18572.57,travel,0,0
TXN106506,C1738,15468.67,16,0,0,3,9614.72,jewelry,0,0
TXN106507,C1891,8173.12,16,0,0,2,4514.39,restaurant,0,0
TXN106508,C1488,2861.98,19,0,0,5,3915.57,electronics,1,1
TXN106509,C1995,3076.04,11,0,0,1,3553.91,jewelry,0,0
TXN106510,C1159,13706.21,18,0,0,2,16989.07,cash_withdrawal,0,0
TXN106511,C1513,2286.87,10,0,0,1,3659.29,online_services,0,0
TXN106512,C1383,3243.98,12,0,0,5,3018.0,cash_withdrawal,0,1
TXN106513,C1948,1922.14,15,0,0,3,1801.88,jewelry,0,0
TXN106514,C1173,1677.08,16,0,1,2,3370.66,restaurant,0,0
TXN106515,C1179,2473.95,15,0,0,4,3696.72,restaurant,0,0
TXN106516,C1014,5388.17,21,1,1,2,6290.08,grocery,0,0
TXN106517,C1350,2680.32,7,0,0,2,1649.35,travel,0,0
TXN106518,C1211,1623.16,7,0,0,3,2426.83,electronics,0,0
TXN106519,C1284,6845.79,19,0,0,3,6063.75,cash_withdrawal,1,0
TXN106520,C1746,2849.41,3,0,0,2,3196.69,jewelry,0,0
TXN106521,C1201,3046.02,11,0,0,3,2569.92,restaurant,1,0
TXN106522,C1470,3528.84,18,0,0,1,8346.09,jewelry,2,0
TXN106523,C1928,2144.28,0,1,0,4,1924.19,cash_withdrawal,0,1
TXN106524,C1764,816.61,16,0,0,1,481.73,electronics,0,0
TXN106525,C1759,2918.89,6,0,0,3,3712.14,travel,0,0
TXN106526,C1680,1792.41,1,0,0,2,2682.2,restaurant,0,0
TXN106527,C1641,2507.01,3,0,0,1,1528.24,travel,1,0
TXN106528,C1519,2665.2,2,0,0,2,1584.87,travel,0,0
TXN106529,C1566,4849.78,17,0,0,3,4114.85,cash_withdrawal,0,0
TXN106530,C1759,1366.79,17,0,0,5,1150.94,cash_withdrawal,0,1
TXN106531,C1081,2294.47,1,0,0,4,2670.61,restaurant,1,0
TXN106532,C1580,1437.22,16,0,0,6,1772.63,electronics,0,0
TXN106533,C1250,883.27,8,0,0,3,1867.8,cash_withdrawal,0,0
TXN106534,C1757,9422.39,5,0,0,1,3765.29,jewelry,0,0
TXN106535,C1958,628.18,20,0,0,1,792.93,cash_withdrawal,0,0
TXN106536,C1250,1358.47,7,0,0,1,1897.22,jewelry,1,0
TXN106537,C1734,832.63,14,1,0,4,1208.83,electronics,0,0
TXN106538,C1041,2722.9,19,0,0,1,2508.41,travel,2,0
TXN106539,C1565,12040.97,8,0,0,2,7590.57,grocery,0,0
TXN106540,C1760,5493.93,6,0,0,3,7696.64,jewelry,2,0
TXN106541,C1850,2283.4,2,0,0,4,1708.62,electronics,0,0
TXN106542,C1535,2564.8,9,0,0,1,1511.29,grocery,0,0
TXN106543,C1212,2941.98,7,0,0,2,1484.42,electronics,0,0
TXN106544,C1599,856.22,18,0,0,2,1118.23,restaurant,0,0
TXN106545,C1475,15410.15,3,0,0,1,5460.95,online_services,0,0
TXN106546,C1902,3311.65,1,0,0,5,3281.49,travel,0,1
TXN106547,C1808,21798.5,20,0,0,3,13619.88,grocery,0,0
TXN106548,C1201,2586.15,15,1,0,2,3384.87,grocery,1,0
TXN106549,C1452,9408.01,2,0,0,3,8543.84,restaurant,0,0
TXN106550,C1202,4441.11,3,1,0,3,3686.34,online_services,3,0
TXN106551,C1603,2538.23,6,0,1,2,1868.37,online_services,0,0
TXN106552,C1498,2256.38,9,0,0,2,3181.12,online_services,2,0
TXN106553,C1009,2392.19,18,1,0,2,1964.44,restaurant,0,0
TXN106554,C1881,4395.23,3,0,0,5,2422.78,jewelry,0,0
TXN106555,C1907,4405.83,14,0,0,1,7285.94,cash_withdrawal,0,0
TXN106556,C1658,1243.37,6,0,0,3,864.85,online_services,1,0
TXN106557,C1825,3686.61,20,0,0,3,3651.3,online_services,0,0
TXN106558,C1773,2480.05,14,0,0,1,2263.61,grocery,0,0
TXN106559,C1257,4178.06,13,0,0,3,3998.92,online_services,1,0
TXN106560,C1277,755.13,15,1,0,2,522.13,jewelry,0,0
TXN106561,C1180,1921.66,10,0,0,2,1786.5,online_services,0,0
TXN106562,C1494,2487.55,16,0,0,1,2609.15,travel,1,0
TXN106563,C1974,4494.54,20,0,0,1,3569.37,travel,0,0
TXN106564,C1270,3200.66,17,0,0,4,4706.36,electronics,0,0
TXN106565,C1349,6286.23,8,0,0,1,4881.11,jewelry,0,0
TXN106566,C1574,11990.14,16,0,0,1,10027.99,travel,2,0
TXN106567,C1640,3960.11,14,1,0,5,3675.65,grocery,1,1
TXN106568,C1774,5298.38,5,0,0,5,4853.05,restaurant,0,1
TXN106569,C1006,2552.35,10,0,0,3,1867.22,online_services,0,0
TXN106570,C1481,7312.23,15,0,0,1,8894.96,electronics,3,0
TXN106571,C1183,6245.23,2,0,0,3,4992.39,cash_withdrawal,1,0
TXN106572,C1442,5063.11,21,0,0,7,4523.64,travel,0,1
TXN106573,C1096,1559.49,14,0,0,2,2039.01,travel,2,0
TXN106574,C1653,1920.02,21,0,0,1,2180.63,online_services,1,0
TXN106575,C1842,4588.68,5,0,0,4,3821.72,electronics,2,0
TXN106576,C1797,2125.24,3,0,1,2,1925.76,cash_withdrawal,0,0
TXN106577,C1237,3031.17,6,0,0,1,5797.77,travel,0,0
TXN106578,C1513,1136.08,9,0,0,1,1570.6,travel,1,0
TXN106579,C1784,7892.59,16,0,1,1,6208.58,restaurant,0,0
TXN106580,C1105,477.96,21,1,0,3,1275.99,travel,3,1
TXN106581,C1949,3561.49,19,0,0,3,2692.88,electronics,0,0
TXN106582,C1584,2885.22,21,0,0,2,5307.86,electronics,0,0
TXN106583,C1331,3986.21,5,0,0,2,5125.74,electronics,0,0
TXN106584,C1784,7532.43,12,0,0,2,5747.42,cash_withdrawal,1,0
TXN106585,C1175,1899.2,5,0,0,3,1826.57,online_services,2,1
TXN106586,C1678,2531.78,5,0,0,1,4408.53,travel,3,0
TXN106587,C1979,10773.31,16,0,0,2,6651.13,restaurant,0,0
TXN106588,C1669,2604.31,19,0,0,1,3346.03,cash_withdrawal,0,0
TXN106589,C1426,6601.35,23,0,0,1,4153.73,travel,0,0
TXN106590,C1234,4649.42,8,0,0,2,4222.57,restaurant,0,0
TXN106591,C1956,5287.08,9,0,0,2,5008.23,travel,0,0
TXN106592,C1148,4572.17,9,0,0,3,4405.82,travel,0,0
TXN106593,C1744,4574.65,11,0,0,1,4802.63,cash_withdrawal,0,0
TXN106594,C1763,5238.51,10,0,0,1,4508.81,restaurant,0,1
TXN106595,C1315,3634.52,13,0,0,2,3865.41,online_services,0,0
TXN106596,C1402,12928.24,13,0,0,1,10199.74,grocery,0,0
TXN106597,C1780,3670.52,12,1,0,1,3370.12,grocery,1,0
TXN106598,C1991,2947.99,13,1,0,2,5135.44,travel,0,1
TXN106599,C1661,712.49,4,1,0,3,1002.05,restaurant,0,1
TXN106600,C1785,7295.45,8,0,0,5,5182.33,grocery,0,0
TXN106601,C1838,1050.18,22,0,0,2,828.9,electronics,0,0
TXN106602,C1213,1344.04,21,0,0,3,1466.66,jewelry,1,1
TXN106603,C1262,818.71,9,0,0,1,1088.32,cash_withdrawal,0,0
TXN106604,C1382,8872.58,0,0,0,2,2845.4,travel,0,1
TXN106605,C1437,1965.02,12,0,0,4,2288.1,travel,0,1
TXN106606,C1571,759.97,17,0,0,1,1626.34,jewelry,0,0
TXN106607,C1204,2373.93,6,0,0,1,4737.63,online_services,0,0
TXN106608,C1515,364.49,14,0,0,1,664.51,cash_withdrawal,0,0
TXN106609,C1280,1156.9,3,0,0,2,962.84,grocery,1,1
TXN106610,C1248,4645.3,5,0,0,2,6239.65,travel,0,0
TXN106611,C1740,1871.22,15,0,0,1,1516.05,jewelry,1,0
TXN106612,C1607,5679.17,15,1,0,1,6471.44,grocery,0,0
TXN106613,C1799,2318.44,21,0,0,1,2506.32,restaurant,0,0
TXN106614,C1704,3349.66,22,0,0,3,3012.88,restaurant,1,0
TXN106615,C1255,2321.45,8,0,0,2,2035.95,online_services,0,0
TXN106616,C1600,2981.22,12,0,1,3,3723.17,grocery,0,0
TXN106617,C1103,1620.67,1,0,0,2,2256.86,jewelry,2,1
TXN106618,C1350,7790.62,8,0,0,1,6942.49,online_services,0,0
TXN106619,C1378,19200.55,14,0,0,1,15103.82,travel,0,0
TXN106620,C1113,7155.53,15,0,0,2,3118.28,electronics,0,0
TXN106621,C1901,2012.18,23,0,0,1,2741.9,grocery,0,0
TXN106622,C1332,3790.6,23,0,0,4,2902.13,restaurant,0,0
TXN106623,C1844,19501.43,4,0,0,1,9177.99,cash_withdrawal,0,0
TXN106624,C1154,1228.11,18,0,0,1,1780.28,travel,0,0
TXN106625,C1587,2883.7,6,0,0,2,3878.02,online_services,1,0
TXN106626,C1090,4037.18,14,0,0,1,3488.26,electronics,3,1
TXN106627,C1335,10924.8,18,0,0,1,10607.17,online_services,1,0
TXN106628,C1781,689.51,21,1,0,2,543.22,travel,0,0
TXN106629,C1570,5040.13,16,0,0,2,3126.53,cash_withdrawal,0,0
TXN106630,C1298,454.22,22,0,0,4,544.97,grocery,2,1
TXN106631,C1143,1773.74,2,0,0,2,3286.09,cash_withdrawal,1,0
TXN106632,C1804,4361.69,22,0,0,2,10100.05,jewelry,1,0
TXN106633,C1756,2146.83,10,0,0,2,2938.19,cash_withdrawal,0,0
TXN106634,C1369,21398.04,14,0,0,1,12882.14,jewelry,0,0
TXN106635,C1905,4902.11,6,1,0,4,4272.19,electronics,0,0
TXN106636,C1328,2394.27,14,0,0,2,1621.1,electronics,0,0
TXN106637,C1471,3164.77,11,0,0,1,2775.78,travel,0,0
TXN106638,C1203,10793.25,21,0,0,2,5817.21,jewelry,0,0
TXN106639,C1265,1543.27,8,0,0,4,2617.55,online_services,0,0
TXN106640,C1765,3390.5,0,0,0,1,4099.92,electronics,0,1
TXN106641,C1122,7526.99,20,0,0,2,5794.23,restaurant,0,0
TXN106642,C1437,10362.06,12,0,0,2,6861.32,cash_withdrawal,1,0
TXN106643,C1498,2673.43,1,0,0,3,2039.86,cash_withdrawal,0,0
TXN106644,C1541,1510.51,1,1,0,1,1501.23,online_services,0,1
TXN106645,C1382,2130.48,0,0,0,1,2890.23,online_services,0,1
TXN106646,C1447,292.57,1,0,0,3,728.7,online_services,0,0
TXN106647,C1894,2823.67,10,1,0,2,2814.41,cash_withdrawal,0,0
TXN106648,C1551,7361.93,15,0,0,2,4767.68,travel,0,0
TXN106649,C1588,3159.16,10,0,0,2,1825.85,jewelry,0,0
TXN106650,C1068,9641.8,23,0,0,4,5814.21,grocery,0,0
TXN106651,C1578,1137.52,2,0,0,4,828.55,online_services,0,0
TXN106652,C1799,8616.25,3,0,1,1,6597.75,online_services,0,1
TXN106653,C1162,472.29,16,0,0,1,879.27,cash_withdrawal,1,1
TXN106654,C1871,1845.46,2,0,0,3,2759.77,online_services,0,0
TXN106655,C1944,2561.21,14,0,0,1,2158.96,online_services,0,0
TXN106656,C1665,8157.75,6,0,0,2,10771.67,cash_withdrawal,1,0
TXN106657,C1074,5623.65,21,0,0,5,6899.43,restaurant,0,0
TXN106658,C1837,3028.05,8,0,0,1,4284.16,restaurant,0,0
TXN106659,C1462,8021.57,23,0,1,1,5649.23,electronics,0,1
TXN106660,C1666,1178.2,10,0,0,2,1779.26,grocery,1,0
TXN106661,C1186,1797.66,20,0,0,4,1014.28,online_services,1,1
TXN106662,C1347,8973.86,14,0,0,4,10934.71,online_services,0,0
TXN106663,C1799,1969.66,22,0,0,2,1375.21,jewelry,0,0
TXN106664,C1839,2417.02,13,0,0,3,2419.33,grocery,0,0
TXN106665,C1411,1823.35,18,0,0,2,1916.52,travel,0,0
TXN106666,C1006,1902.13,19,0,0,4,1960.9,cash_withdrawal,0,0
TXN106667,C1399,6408.12,0,0,0,2,3225.95,grocery,0,0
TXN106668,C1230,12891.24,10,0,0,5,6552.47,restaurant,3,0
TXN106669,C1154,4528.76,8,0,0,1,6193.27,cash_withdrawal,0,0
TXN106670,C1228,10197.12,18,0,0,1,8251.04,jewelry,0,0
TXN106671,C1786,4444.61,10,0,0,3,5196.71,online_services,1,0
TXN106672,C1468,1513.17,20,0,0,2,1925.33,jewelry,0,0
TXN106673,C1205,1249.87,18,0,0,1,1462.28,travel,0,0
TXN106674,C1914,2709.92,22,1,0,1,2653.82,cash_withdrawal,0,0
TXN106675,C1590,4634.52,4,1,0,1,3946.04,electronics,0,1
TXN106676,C1791,20794.3,4,0,0,2,8044.99,electronics,0,0
TXN106677,C1315,1025.38,5,0,0,3,1373.16,grocery,0,0
TXN106678,C1026,28743.29,17,1,0,5,14267.57,online_services,0,1
TXN106679,C1967,876.52,1,0,1,1,3234.36,cash_withdrawal,0,1
TXN106680,C1130,2861.32,17,0,0,1,2853.63,travel,0,0
TXN106681,C1977,2141.84,2,1,0,4,2510.68,travel,0,1
TXN106682,C1891,2553.52,10,0,1,3,2516.39,electronics,0,0
TXN106683,C1673,6797.59,6,0,0,1,7564.45,electronics,0,0
TXN106684,C1310,1088.39,5,0,0,2,1600.32,restaurant,0,0
TXN106685,C1277,2573.69,7,0,0,4,2677.59,electronics,0,0
TXN106686,C1790,1552.4,11,0,0,1,1727.53,grocery,0,0
TXN106687,C1140,2277.81,14,0,0,1,2786.87,grocery,0,0
TXN106688,C1854,1521.92,12,0,0,1,1661.09,grocery,0,0
TXN106689,C1454,1460.07,23,0,0,4,2472.92,cash_withdrawal,0,1
TXN106690,C1757,2113.95,6,0,0,2,1269.36,restaurant,0,0
TXN106691,C1050,6166.37,14,1,0,1,8196.25,restaurant,0,0
TXN106692,C1408,6173.63,6,0,0,1,4537.8,electronics,2,0
TXN106693,C1789,11429.84,12,0,0,4,10261.35,online_services,0,0
TXN106694,C1834,3714.33,3,0,0,2,1672.93,grocery,1,1
TXN106695,C1992,9638.49,5,0,0,1,5760.94,online_services,0,0
TXN106696,C1935,3972.12,18,0,1,2,2841.77,jewelry,1,0
TXN106697,C1528,2562.33,3,1,0,3,2977.07,electronics,1,0
TXN106698,C1774,580.88,6,0,0,1,1256.48,grocery,0,0
TXN106699,C1963,607.12,15,0,1,2,774.55,jewelry,0,0
TXN106700,C1619,9494.54,11,0,0,1,10544.37,jewelry,1,0
TXN106701,C1324,2825.5,13,0,0,1,4327.08,electronics,0,0
TXN106702,C1215,6069.38,2,0,0,2,3675.05,cash_withdrawal,1,0
TXN106703,C1519,4055.87,11,0,0,2,1718.25,restaurant,0,0
TXN106704,C1261,7117.3,16,1,0,1,3147.18,grocery,0,0
TXN106705,C1967,829.37,14,0,1,1,1172.37,grocery,0,0
TXN106706,C1007,3635.58,12,0,0,2,1635.63,cash_withdrawal,0,0
TXN106707,C1430,37198.43,12,0,0,2,32251.28,cash_withdrawal,0,0
TXN106708,C1102,2407.16,11,0,0,2,1910.39,travel,2,1
TXN106709,C1968,1020.45,9,0,0,2,2469.13,cash_withdrawal,1,0
TXN106710,C1066,2723.87,13,0,1,2,2417.82,cash_withdrawal,0,0
TXN106711,C1667,1285.96,9,1,0,3,1046.14,electronics,0,0
TXN106712,C1718,8157.84,2,0,0,2,5092.98,jewelry,2,1
TXN106713,C1659,10610.4,12,0,0,3,17372.76,restaurant,1,0
TXN106714,C1016,2409.47,8,0,0,3,1668.24,jewelry,0,0
TXN106715,C1662,3398.73,10,0,0,2,3601.39,grocery,0,0
TXN106716,C1144,1307.91,7,1,0,2,1635.16,electronics,1,0
TXN106717,C1578,4823.59,0,0,0,1,6525.05,electronics,0,0
TXN106718,C1531,6580.16,4,0,0,3,3617.31,electronics,1,0
TXN106719,C1711,4537.43,15,1,0,1,4776.22,cash_withdrawal,0,0
TXN106720,C1039,3613.07,1,0,0,5,4078.26,online_services,0,0
TXN106721,C1821,3849.69,6,0,0,4,2990.61,cash_withdrawal,0,0
TXN106722,C1757,2877.55,21,0,0,1,3789.34,travel,0,0
TXN106723,C1380,1507.76,19,0,0,5,2124.31,restaurant,0,0
TXN106724,C1843,1200.73,5,0,0,1,1988.45,restaurant,0,0
TXN106725,C1176,3001.27,5,1,0,2,1952.05,online_services,1,1
TXN106726,C1988,8317.58,4,0,0,2,5920.71,jewelry,0,0
TXN106727,C1828,1913.75,21,0,0,1,4258.93,electronics,0,0
TXN106728,C1373,1296.58,3,0,0,1,1782.58,cash_withdrawal,0,0
TXN106729,C1166,1626.53,0,0,0,2,1536.38,restaurant,0,0
TXN106730,C1208,2771.77,9,0,0,4,1675.66,restaurant,0,0
TXN106731,C1640,2256.98,11,0,0,2,3397.92,cash_withdrawal,2,0
TXN106732,C1271,22245.28,19,0,0,2,7385.77,travel,0,0
TXN106733,C1029,1607.35,0,0,0,5,2093.34,travel,1,0
TXN106734,C1029,2235.88,15,0,0,1,1889.04,grocery,0,0
TXN106735,C1752,1593.78,4,0,0,1,4204.69,restaurant,0,0
TXN106736,C1047,889.33,17,0,0,2,2285.12,restaurant,1,1
TXN106737,C1780,2092.4,19,0,0,2,1976.42,jewelry,0,0
TXN106738,C1537,2311.27,5,0,0,5,1931.12,electronics,0,0
TXN106739,C1102,8087.2,0,0,0,3,8496.76,travel,0,0
TXN106740,C1918,1741.22,7,0,0,1,2765.49,grocery,0,0
TXN106741,C1429,4461.92,2,0,0,1,2331.41,grocery,0,1
TXN106742,C1991,3280.01,15,0,1,4,2404.29,restaurant,0,0
TXN106743,C1425,3538.3,17,1,0,5,2338.03,restaurant,0,1
TXN106744,C1137,8862.14,19,1,0,1,7563.24,cash_withdrawal,0,0
TXN106745,C1652,4404.67,0,0,0,1,5192.74,travel,0,0
TXN106746,C1487,2025.73,15,1,0,3,1923.66,travel,0,1
TXN106747,C1131,26550.98,10,0,0,2,10548.25,jewelry,0,0
TXN106748,C1552,1977.97,11,0,0,2,1762.67,online_services,0,0
TXN106749,C1684,3485.12,22,0,0,1,6275.24,grocery,1,0
TXN106750,C1489,2721.48,15,0,0,4,2116.43,jewelry,0,0
TXN106751,C1851,4418.46,18,0,0,3,2472.56,electronics,0,0
TXN106752,C1128,2212.87,7,0,0,2,1402.88,online_services,0,0
TXN106753,C1132,5940.03,4,0,0,1,4874.85,electronics,2,0
TXN106754,C1675,3529.48,2,0,0,1,4474.08,jewelry,0,0
TXN106755,C1097,12957.28,22,0,0,2,10064.05,restaurant,2,0
TXN106756,C1289,3311.93,19,0,0,2,2816.03,grocery,0,0
TXN106757,C1255,4576.54,7,0,0,4,3809.76,travel,0,0
TXN106758,C1189,3454.06,23,0,0,3,4725.64,jewelry,0,0
TXN106759,C1308,6005.25,10,0,0,2,4273.39,jewelry,1,0
TXN106760,C1997,1502.93,14,0,0,2,2035.2,jewelry,0,0
TXN106761,C1604,24633.61,16,0,0,1,14144.41,online_services,0,0
TXN106762,C1591,3057.86,8,0,0,2,3839.43,cash_withdrawal,1,0
TXN106763,C1921,13496.9,4,0,0,4,8674.25,travel,1,0
TXN106764,C1432,1629.61,11,0,0,3,1001.12,jewelry,0,0
TXN106765,C1148,963.47,18,0,0,1,1130.61,jewelry,0,0
TXN106766,C1957,2754.31,1,0,0,4,3518.78,jewelry,0,0
TXN106767,C1927,4927.53,12,0,0,1,5323.0,jewelry,3,0
TXN106768,C1049,2051.93,6,0,0,2,4347.07,electronics,0,0
TXN106769,C1014,4736.61,4,0,0,2,4404.98,jewelry,0,0
TXN106770,C1034,3552.04,7,0,0,1,3368.23,electronics,0,0
TXN106771,C1406,4520.89,10,0,0,1,8682.41,grocery,0,0
TXN106772,C1585,6906.21,15,0,0,2,5798.45,restaurant,0,0
TXN106773,C1878,1676.94,11,0,0,2,1429.44,electronics,2,0
TXN106774,C1643,3948.36,18,0,0,2,5141.09,restaurant,0,0
TXN106775,C1462,3567.06,6,0,0,6,2491.42,restaurant,0,0
TXN106776,C1636,5177.12,8,0,0,5,5436.22,online_services,0,0
TXN106777,C1450,6212.77,3,0,0,3,7912.46,jewelry,0,0
TXN106778,C1286,6522.95,20,0,0,3,4020.97,cash_withdrawal,0,0
TXN106779,C1526,1978.55,10,0,0,1,1586.16,travel,0,0
TXN106780,C1913,11762.55,5,0,0,4,7895.63,travel,0,0
TXN106781,C1349,4872.94,15,0,0,3,4009.42,cash_withdrawal,0,0
TXN106782,C1562,1088.38,14,0,0,4,1501.64,jewelry,2,0
TXN106783,C1098,1720.91,21,0,0,1,2426.15,cash_withdrawal,1,0
TXN106784,C1350,4184.12,16,0,1,2,5408.64,travel,0,0
TXN106785,C1064,2253.32,11,0,0,1,3294.29,restaurant,0,0
TXN106786,C1657,4219.45,0,0,0,4,5031.17,online_services,0,0
TXN106787,C1129,3790.27,3,1,0,5,3230.24,electronics,2,1
TXN106788,C1998,2551.89,14,0,0,2,2971.96,cash_withdrawal,0,0
TXN106789,C1113,1244.27,3,0,1,3,578.84,online_services,0,1
TXN106790,C1729,1878.04,9,0,0,1,3510.27,electronics,0,0
TXN106791,C1894,1771.01,11,0,0,1,3072.7,travel,3,0
TXN106792,C1463,3513.06,13,0,0,1,2294.49,online_services,0,0
TXN106793,C1962,5690.66,2,1,0,1,4940.83,cash_withdrawal,1,1
TXN106794,C1995,6949.89,16,0,0,2,7933.23,electronics,0,0
TXN106795,C1407,6552.11,16,0,0,3,4299.47,electronics,0,0
TXN106796,C1145,2628.21,21,0,0,1,3973.63,electronics,0,0
TXN106797,C1794,2111.2,0,0,0,1,3491.48,electronics,0,1
TXN106798,C1751,1337.5,23,0,0,4,1936.44,travel,0,1
TXN106799,C1538,2149.55,19,0,0,3,1994.28,cash_withdrawal,0,0
TXN106800,C1155,1799.98,18,0,1,3,1756.93,cash_withdrawal,0,0
TXN106801,C1543,3424.61,16,0,0,1,4097.69,grocery,0,0
TXN106802,C1819,2711.06,17,0,0,1,1636.13,travel,0,0
TXN106803,C1552,4114.53,7,0,0,3,4427.92,jewelry,1,0
TXN106804,C1969,12601.13,16,0,0,2,9745.72,electronics,0,0
TXN106805,C1383,677.03,5,1,0,3,1100.17,grocery,1,0
TXN106806,C1696,6166.86,5,0,0,3,9903.18,jewelry,0,0
TXN106807,C1649,2651.65,19,0,0,1,2733.26,electronics,2,0
TXN106808,C1863,5890.47,22,0,0,2,6959.73,electronics,0,0
TXN106809,C1553,6954.27,19,0,0,1,9953.95,restaurant,1,1
TXN106810,C1878,9933.05,6,0,0,1,3792.86,travel,0,1
TXN106811,C1050,7743.15,12,0,0,3,12677.68,travel,1,0
TXN106812,C1399,909.49,16,0,0,1,1815.48,restaurant,1,0
TXN106813,C1915,1548.0,15,0,0,4,3850.04,restaurant,1,0
TXN106814,C1329,5156.01,4,0,0,1,4442.83,jewelry,1,0
TXN106815,C1960,4178.13,9,0,0,2,4855.25,grocery,0,0
TXN106816,C1076,1016.18,8,0,0,3,1287.5,jewelry,0,0
TXN106817,C1569,2929.02,21,0,0,5,3321.67,travel,0,0
TXN106818,C1213,3395.33,23,1,0,3,4474.42,online_services,3,1
TXN106819,C1608,708.69,2,0,0,1,1109.5,grocery,0,0
TXN106820,C1773,10002.74,13,0,0,4,6327.28,electronics,0,0
TXN106821,C1147,295.06,15,1,0,3,477.69,cash_withdrawal,0,0
TXN106822,C1164,1911.05,7,0,0,1,2523.59,restaurant,0,0
TXN106823,C1805,1531.54,5,0,0,2,2357.45,jewelry,0,0
TXN106824,C1429,3471.28,12,0,0,1,3052.1,online_services,0,0
TXN106825,C1198,1707.83,7,1,0,3,1146.9,cash_withdrawal,0,0
TXN106826,C1358,2349.66,2,0,0,1,1998.38,electronics,3,0
TXN106827,C1986,7132.76,8,1,0,5,3665.22,electronics,0,0
TXN106828,C1914,6144.41,12,0,0,2,6672.08,grocery,0,0
TXN106829,C1743,6531.69,23,0,0,2,9189.36,online_services,0,0
TXN106830,C1967,7169.63,21,0,1,2,4686.96,electronics,0,0
TXN106831,C1210,1887.55,14,0,0,1,2815.85,electronics,0,0
TXN106832,C1688,22423.31,8,0,0,3,11695.7,cash_withdrawal,0,0
TXN106833,C1335,2826.69,0,0,0,2,2304.48,jewelry,0,0
TXN106834,C1120,15023.1,16,0,0,1,17888.29,travel,0,0
TXN106835,C1536,1371.31,3,0,0,3,1395.83,cash_withdrawal,0,1
TXN106836,C1643,15386.56,19,0,0,1,16988.09,restaurant,0,0
TXN106837,C1237,3743.5,21,0,0,2,3342.5,restaurant,0,0
TXN106838,C1305,6473.45,3,0,0,1,6601.93,online_services,3,1
TXN106839,C1760,3223.45,19,0,0,3,3065.63,restaurant,0,0
TXN106840,C1157,7502.89,2,0,0,1,7135.76,cash_withdrawal,0,0
TXN106841,C1932,3943.38,23,0,0,1,3226.03,travel,0,0
TXN106842,C1896,4065.58,8,0,1,4,3394.78,grocery,0,0
TXN106843,C1390,1644.13,8,0,0,1,2632.92,grocery,0,0
TXN106844,C1641,1569.05,14,0,0,1,1613.34,restaurant,0,0
TXN106845,C1599,649.57,5,1,0,1,779.95,jewelry,1,0
TXN106846,C1708,1845.94,15,0,0,3,2894.14,cash_withdrawal,1,0
TXN106847,C1298,5323.17,7,0,0,2,4576.93,online_services,0,0
TXN106848,C1105,10028.69,2,0,0,3,8748.78,jewelry,0,1
TXN106849,C1617,1415.87,19,0,0,4,1128.38,cash_withdrawal,0,0
TXN106850,C1371,4287.92,7,0,0,1,2608.45,cash_withdrawal,0,0
TXN106851,C1870,9123.55,21,0,0,1,5521.38,restaurant,0,0
TXN106852,C1856,6824.0,22,1,0,2,3457.75,restaurant,0,0
TXN106853,C1431,1204.15,1,0,0,4,1289.21,jewelry,0,1
TXN106854,C1107,3616.61,8,0,0,2,3116.69,cash_withdrawal,0,0
TXN106855,C1741,5561.57,23,1,0,1,3226.22,travel,0,0
TXN106856,C1926,2967.73,8,0,0,1,2626.12,jewelry,0,0
TXN106857,C1520,614.02,10,0,0,1,1027.7,restaurant,0,0
TXN106858,C1682,5047.04,8,0,0,1,4000.63,travel,1,0
TXN106859,C1085,1324.08,0,0,0,3,2909.8,grocery,0,1
TXN106860,C1730,39067.37,15,1,0,1,16209.08,electronics,1,0
TXN106861,C1599,7915.21,15,0,0,1,3291.6,electronics,0,0
TXN106862,C1605,2728.24,13,0,0,1,3571.29,jewelry,1,0
TXN106863,C1272,1460.24,3,0,0,2,1557.57,cash_withdrawal,0,0
TXN106864,C1846,9921.31,22,0,0,2,7665.82,restaurant,0,0
TXN106865,C1574,7069.66,19,0,0,1,6531.68,cash_withdrawal,0,0
TXN106866,C1579,3888.75,12,0,0,1,3494.98,online_services,0,0
TXN106867,C1531,14723.01,21,0,0,2,9726.71,restaurant,0,0
TXN106868,C1043,1628.74,19,1,0,1,1916.96,grocery,1,1
TXN106869,C1604,15099.24,20,1,0,1,5640.71,grocery,0,0
TXN106870,C1589,3315.17,3,0,0,2,2690.96,grocery,0,0
TXN106871,C1989,2571.64,7,0,0,3,2422.36,travel,1,0
TXN106872,C1594,7148.69,21,0,0,3,4864.85,jewelry,0,0
TXN106873,C1925,5278.18,19,0,0,6,5709.48,restaurant,0,0
TXN106874,C1834,1621.03,12,0,0,5,666.29,jewelry,0,0
TXN106875,C1762,5780.85,1,0,0,1,3406.4,travel,0,0
TXN106876,C1662,1033.66,14,1,0,5,1675.23,cash_withdrawal,0,1
TXN106877,C1471,2497.9,18,0,0,4,3573.55,cash_withdrawal,2,0
TXN106878,C1535,7062.32,1,0,0,1,2165.56,restaurant,0,0
TXN106879,C1832,955.2,20,0,1,5,1138.77,jewelry,1,1
TXN106880,C1796,3104.73,13,0,0,2,3826.26,jewelry,3,0
TXN106881,C1929,6798.42,0,0,0,1,3683.08,electronics,0,0
TXN106882,C1580,19186.54,5,0,0,3,11870.69,grocery,0,0
TXN106883,C1645,2328.17,10,0,0,2,2634.21,grocery,0,0
TXN106884,C1299,6444.24,13,1,0,1,6358.7,cash_withdrawal,0,1
TXN106885,C1029,1155.06,23,0,0,3,972.7,restaurant,0,0
TXN106886,C1869,7312.39,8,0,0,3,6214.82,travel,0,0
TXN106887,C1838,2511.87,21,0,0,1,3660.71,travel,0,0
TXN106888,C1360,3731.4,7,0,0,2,1981.02,travel,1,0
TXN106889,C1456,7493.42,1,0,0,3,6758.0,travel,0,0
TXN106890,C1469,6689.14,22,0,0,3,6082.71,jewelry,0,0
TXN106891,C1269,5070.08,5,0,0,2,4354.17,electronics,0,0
TXN106892,C1571,4563.59,17,0,1,1,3152.76,jewelry,0,0
TXN106893,C1329,1835.14,23,0,0,3,1817.45,restaurant,0,0
TXN106894,C1771,5296.78,11,0,0,1,3567.13,cash_withdrawal,0,0
TXN106895,C1835,1974.46,5,0,0,1,1518.53,cash_withdrawal,0,0
TXN106896,C1511,1532.08,2,0,0,2,1917.69,travel,0,1
TXN106897,C1360,16522.93,19,0,0,1,8149.69,online_services,0,0
TXN106898,C1757,1288.23,7,1,0,2,3049.82,travel,0,0
TXN106899,C1848,2872.78,9,0,0,2,3922.29,grocery,0,0
TXN106900,C1936,1400.3,23,0,0,1,1629.11,grocery,0,0
TXN106901,C1654,3819.94,12,0,0,2,2676.75,travel,0,0
TXN106902,C1636,9048.37,15,0,1,1,8028.88,jewelry,0,0
TXN106903,C1190,891.6,12,0,0,2,2542.17,electronics,2,0
TXN106904,C1271,1825.82,22,0,0,3,2436.54,restaurant,1,0
TXN106905,C1359,841.97,10,0,0,2,1874.25,cash_withdrawal,0,0
TXN106906,C1448,8119.81,11,0,0,3,5103.4,cash_withdrawal,0,0
TXN106907,C1163,4229.95,5,0,0,4,6881.73,travel,0,0
TXN106908,C1016,1099.61,3,0,0,1,1640.13,electronics,0,0
TXN106909,C1595,9144.15,9,0,0,1,10533.34,online_services,0,0
TXN106910,C1717,1876.59,20,0,0,1,3769.17,online_services,0,0
TXN106911,C1303,723.75,17,1,0,1,2318.1,online_services,0,0
TXN106912,C1182,6437.96,12,0,0,5,9614.09,online_services,0,0
TXN106913,C1712,6304.02,2,0,0,3,8396.46,electronics,0,0
TXN106914,C1095,5599.96,2,0,0,3,3063.98,jewelry,3,0
TXN106915,C1612,699.27,21,0,0,3,1447.69,restaurant,2,0
TXN106916,C1872,3407.67,8,0,0,3,2028.34,electronics,0,0
TXN106917,C1733,2367.41,10,0,0,2,2427.03,online_services,0,0
TXN106918,C1362,1362.41,12,0,0,6,2405.84,electronics,0,0
TXN106919,C1943,1586.72,12,0,0,3,1942.0,grocery,0,0
TXN106920,C1865,3321.34,23,0,0,3,3668.6,cash_withdrawal,0,0
TXN106921,C1897,4312.95,9,0,0,1,3849.64,online_services,0,0
TXN106922,C1583,2111.13,2,0,0,4,1736.27,travel,0,0
TXN106923,C1230,1669.51,14,0,0,1,1855.4,cash_withdrawal,0,0
TXN106924,C1041,2316.1,7,0,0,4,3210.19,online_services,0,0
TXN106925,C1158,4882.25,21,1,0,4,5179.93,travel,0,0
TXN106926,C1026,2349.12,15,0,0,1,2830.08,electronics,0,0
TXN106927,C1853,1328.69,22,0,0,1,2486.66,electronics,2,0
TXN106928,C1251,4759.97,7,0,0,2,4860.88,restaurant,3,0
TXN106929,C1663,4087.83,6,1,0,2,5848.79,electronics,0,1
TXN106930,C1012,4201.4,9,0,0,3,4331.22,electronics,0,0
TXN106931,C1987,2264.34,0,0,0,1,1715.87,cash_withdrawal,0,0
TXN106932,C1626,1817.99,15,0,0,1,4524.69,cash_withdrawal,0,0
TXN106933,C1449,4316.62,13,0,0,2,1947.77,online_services,0,0
TXN106934,C1564,3269.5,18,0,0,1,2291.83,electronics,1,0
TXN106935,C1422,2041.72,5,0,0,2,2796.14,cash_withdrawal,0,0
TXN106936,C1531,2224.44,18,0,0,3,2751.41,restaurant,0,0
TXN106937,C1642,893.86,18,0,0,1,1571.69,restaurant,0,0
TXN106938,C1764,5415.52,8,0,0,2,4244.48,jewelry,0,0
TXN106939,C1815,5642.55,11,0,0,2,9259.02,cash_withdrawal,0,0
TXN106940,C1820,3923.78,8,0,0,1,2409.38,restaurant,1,0
TXN106941,C1379,3187.27,11,0,1,3,3916.32,electronics,1,0
TXN106942,C1327,1981.41,17,0,0,2,1352.2,travel,0,0
TXN106943,C1078,1845.67,22,0,0,1,1045.35,electronics,1,0
TXN106944,C1329,1866.34,22,0,0,2,1437.94,electronics,2,0
TXN106945,C1814,2570.9,17,0,0,1,2306.98,online_services,1,0
TXN106946,C1131,6024.85,3,0,0,4,6503.72,cash_withdrawal,2,1
TXN106947,C1519,3331.97,22,0,0,3,2571.28,restaurant,0,0
TXN106948,C1548,2584.51,10,0,0,3,4775.06,grocery,0,0
TXN106949,C1826,5340.65,19,0,0,1,4325.74,electronics,0,0
TXN106950,C1737,5435.51,11,0,0,5,3380.12,jewelry,0,0
TXN106951,C1718,6074.02,20,0,0,3,2734.86,online_services,0,0
TXN106952,C1840,1463.77,7,0,0,1,1929.57,restaurant,0,0
TXN106953,C1275,2834.82,18,0,0,1,4540.88,cash_withdrawal,1,0
TXN106954,C1054,1123.65,14,0,0,5,828.63,online_services,0,1
TXN106955,C1448,480.27,15,0,0,1,2098.35,online_services,0,0
TXN106956,C1446,6441.9,2,0,0,1,4443.45,electronics,1,0
TXN106957,C1022,1875.49,17,0,0,1,1036.77,restaurant,0,0
TXN106958,C1572,1316.48,20,1,0,1,1523.3,grocery,1,1
TXN106959,C1917,4736.81,11,0,0,3,3660.87,restaurant,0,0
TXN106960,C1888,3693.7,22,0,0,1,3773.58,electronics,0,0
TXN106961,C1065,10544.85,21,0,0,2,6205.17,travel,0,0
TXN106962,C1066,3061.1,23,1,0,2,3123.52,travel,0,1
TXN106963,C1583,28704.9,8,1,0,2,13411.25,jewelry,1,1
TXN106964,C1028,1561.58,22,0,0,2,1570.67,online_services,0,0
TXN106965,C1502,6425.04,13,0,0,2,4335.87,jewelry,0,0
TXN106966,C1782,2178.48,4,0,0,3,2519.79,restaurant,1,1
TXN106967,C1220,6041.44,21,0,0,1,4077.17,restaurant,0,0
TXN106968,C1317,5835.35,17,0,0,5,5019.25,jewelry,0,1
TXN106969,C1690,7102.41,9,0,0,1,6437.0,travel,0,0
TXN106970,C1238,4188.66,18,0,0,1,2090.71,cash_withdrawal,0,0
TXN106971,C1896,2809.75,16,1,0,5,5435.53,restaurant,0,0
TXN106972,C1147,1824.08,17,0,0,5,2056.12,jewelry,0,1
TXN106973,C1600,8476.09,10,0,0,2,7773.59,cash_withdrawal,0,0
TXN106974,C1006,2292.9,19,0,0,4,1703.36,grocery,0,0
TXN106975,C1729,2365.13,11,0,0,2,3597.44,online_services,1,0
TXN106976,C1122,4256.01,2,0,0,1,2082.13,online_services,0,0
TXN106977,C1065,2218.69,16,0,0,5,6028.76,restaurant,0,0
TXN106978,C1747,468.95,5,0,0,1,858.53,jewelry,0,0
TXN106979,C1199,6439.84,7,0,0,2,4168.93,online_services,0,0
TXN106980,C1792,6142.41,5,0,0,3,4448.95,cash_withdrawal,1,0
TXN106981,C1185,4796.59,0,0,0,2,3844.94,jewelry,0,0
TXN106982,C1951,882.61,15,0,0,2,925.06,jewelry,0,0
TXN106983,C1122,3918.66,10,0,0,1,3438.25,grocery,3,0
TXN106984,C1096,4251.75,12,0,0,3,4995.72,online_services,0,0
TXN106985,C1717,4351.78,21,0,0,1,1968.44,restaurant,1,0
TXN106986,C1824,4411.21,13,0,0,2,4882.83,restaurant,0,0
TXN106987,C1713,3334.65,15,0,0,1,5857.01,electronics,1,0
TXN106988,C1867,862.79,10,0,0,3,1600.98,electronics,0,0
TXN106989,C1098,6974.5,9,0,0,1,11964.25,travel,0,0
TXN106990,C1181,17930.55,22,0,0,3,5878.34,restaurant,0,0
TXN106991,C1900,3328.15,8,0,0,2,3051.35,restaurant,0,0
TXN106992,C1092,5932.6,5,0,0,1,3731.81,travel,0,0
TXN106993,C1411,4146.04,6,0,0,2,3440.84,electronics,0,0
TXN106994,C1359,8193.74,20,0,0,5,7452.15,jewelry,0,0
TXN106995,C1083,2682.85,10,0,0,2,5361.73,restaurant,1,0
TXN106996,C1769,11461.02,3,0,0,3,5387.57,online_services,0,1
TXN106997,C1263,8408.08,0,1,0,4,5260.68,online_services,0,0
TXN106998,C1062,1231.29,17,0,1,4,1205.85,grocery,0,0
TXN106999,C1699,3142.03,11,0,0,2,3776.81,grocery,0,0
TXN107000,C1172,3064.33,0,0,0,2,3969.41,online_services,2,0
TXN107001,C1012,3029.66,0,0,0,2,3509.86,travel,0,0
TXN107002,C1393,2377.11,9,0,1,3,3265.8,grocery,0,0
TXN107003,C1819,1513.56,18,0,0,4,3721.2,online_services,0,0
TXN107004,C1383,2312.48,2,0,0,1,2392.2,electronics,0,0
TXN107005,C1193,929.48,20,0,0,2,1712.98,online_services,0,0
TXN107006,C1510,6206.61,5,0,0,1,5139.6,online_services,0,0
TXN107007,C1223,3571.74,11,0,0,2,4131.87,grocery,0,0
TXN107008,C1893,4039.76,21,0,0,1,3854.08,electronics,0,0
TXN107009,C1614,5318.92,11,0,0,2,7536.49,online_services,0,0
TXN107010,C1181,868.66,14,0,0,1,1606.27,jewelry,0,0
TXN107011,C1866,2257.46,5,0,0,1,2289.62,online_services,0,0
TXN107012,C1152,1800.12,14,0,0,1,1692.64,grocery,0,0
TXN107013,C1637,805.45,1,0,0,2,2173.62,online_services,0,0
TXN107014,C1909,2421.21,3,0,0,4,2020.27,cash_withdrawal,0,0
TXN107015,C1956,7271.21,9,0,0,1,4785.33,travel,0,0
TXN107016,C1110,7043.97,11,0,0,2,6942.78,jewelry,0,0
TXN107017,C1184,3135.52,18,0,0,4,3145.16,online_services,2,0
TXN107018,C1171,1261.88,3,1,0,2,2864.01,restaurant,1,0
TXN107019,C1197,14318.62,19,0,0,2,14286.0,electronics,0,0
TXN107020,C1627,1602.55,10,0,0,2,1726.2,restaurant,0,0
TXN107021,C1950,784.44,21,0,0,1,1379.22,online_services,1,0
TXN107022,C1851,1655.69,12,0,0,1,2559.68,cash_withdrawal,0,0
TXN107023,C1458,8028.65,3,0,0,2,7093.72,jewelry,0,0
TXN107024,C1567,1780.39,2,0,0,5,1338.52,travel,0,0
TXN107025,C1252,11569.31,11,0,0,2,4659.15,electronics,0,0
TXN107026,C1245,5144.14,15,0,0,1,4567.27,electronics,0,0
TXN107027,C1813,5553.42,12,0,0,1,3896.0,grocery,0,0
TXN107028,C1366,1573.28,1,0,0,2,3209.46,restaurant,0,0
TXN107029,C1830,1853.5,21,0,0,1,1229.76,jewelry,0,0
TXN107030,C1772,2753.44,18,0,0,1,3158.5,grocery,0,0
TXN107031,C1868,5652.35,16,0,0,1,6073.51,grocery,0,0
TXN107032,C1679,14714.16,20,0,1,4,3674.74,travel,0,1
TXN107033,C1933,4814.71,16,0,0,3,3631.25,online_services,0,0
TXN107034,C1588,1429.01,22,1,0,2,2201.11,online_services,1,0
TXN107035,C1534,9973.79,12,0,0,2,5463.49,cash_withdrawal,0,0
TXN107036,C1559,2945.43,20,0,0,1,3114.73,electronics,0,0
TXN107037,C1289,2458.17,10,0,0,2,1547.19,electronics,1,0
TXN107038,C1458,4941.05,6,0,0,1,3090.16,travel,0,0
TXN107039,C1966,759.19,20,0,1,2,924.03,restaurant,0,0
TXN107040,C1413,6587.18,13,0,0,2,3920.47,restaurant,0,0
TXN107041,C1084,7129.69,15,0,0,2,9516.18,grocery,0,0
TXN107042,C1503,3512.36,3,0,0,2,3532.46,travel,1,0
TXN107043,C1574,3704.4,15,0,0,2,2358.58,online_services,1,0
TXN107044,C1398,5806.8,9,0,0,3,4650.36,restaurant,0,0
TXN107045,C1805,2203.42,9,0,0,2,1970.02,cash_withdrawal,1,0
TXN107046,C1700,4058.54,22,0,0,1,2078.44,grocery,1,0
TXN107047,C1540,614.89,1,0,0,1,739.97,electronics,0,0
TXN107048,C1969,1183.91,2,0,0,2,617.61,travel,0,0
TXN107049,C1913,1339.84,18,0,0,5,1294.03,jewelry,1,0
TXN107050,C1921,7500.55,18,0,0,1,12537.87,online_services,0,0
TXN107051,C1177,2838.59,20,0,0,3,5697.87,travel,0,0
TXN107052,C1756,857.52,1,0,0,3,1609.36,online_services,0,0
TXN107053,C1028,3111.01,1,0,0,1,5001.28,travel,0,0
TXN107054,C1394,5698.54,6,0,0,2,7018.77,travel,0,0
TXN107055,C1987,2394.66,17,0,0,2,3484.09,grocery,0,0
TXN107056,C1843,1022.83,21,0,0,1,1029.93,cash_withdrawal,1,0
TXN107057,C1444,4946.95,23,0,0,2,4509.33,online_services,1,0
TXN107058,C1536,970.81,5,0,0,1,3478.77,online_services,0,0
TXN107059,C1379,6423.51,21,0,0,2,7305.71,jewelry,0,0
TXN107060,C1045,1638.05,6,0,0,5,1482.6,grocery,0,0
TXN107061,C1468,1525.26,5,0,0,1,2011.54,electronics,0,0
TXN107062,C1729,4826.37,10,0,0,1,2997.62,grocery,1,0
TXN107063,C1731,2696.07,6,0,1,3,4132.75,restaurant,0,0
TXN107064,C1211,1846.97,18,0,0,2,1335.44,jewelry,0,0
TXN107065,C1627,5862.43,0,0,0,5,3847.19,grocery,0,0
TXN107066,C1944,11968.1,12,0,0,2,5689.89,electronics,0,0
TXN107067,C1921,8059.44,22,0,0,2,6319.19,grocery,0,0
TXN107068,C1946,2717.48,9,0,0,1,3997.59,grocery,1,0
TXN107069,C1926,3396.04,7,0,0,2,6492.97,jewelry,0,0
TXN107070,C1833,3225.5,10,0,0,2,3659.43,electronics,0,0
TXN107071,C1399,1023.8,7,0,0,6,884.24,travel,0,0
TXN107072,C1939,2556.15,12,0,0,2,4929.26,grocery,0,0
TXN107073,C1159,4919.47,4,0,0,3,6601.11,online_services,2,0
TXN107074,C1252,1723.37,19,0,0,2,2517.46,jewelry,0,0
TXN107075,C1264,4404.86,13,0,0,1,2722.54,jewelry,0,0
TXN107076,C1584,6320.24,22,0,0,1,3396.77,cash_withdrawal,0,0
TXN107077,C1923,2846.42,20,0,0,1,2607.92,travel,0,0
TXN107078,C1209,2303.66,20,0,0,4,4225.4,jewelry,3,0
TXN107079,C1935,2922.74,8,0,0,3,3606.1,restaurant,0,0
TXN107080,C1706,1718.8,0,1,0,6,2497.02,restaurant,0,1
TXN107081,C1843,2372.7,13,0,0,3,10129.14,restaurant,0,0
TXN107082,C1284,10133.12,6,0,0,4,8469.75,cash_withdrawal,2,1
TXN107083,C1797,4036.33,15,0,0,1,4036.14,travel,0,0
TXN107084,C1614,1403.35,0,0,0,2,481.69,jewelry,1,1
TXN107085,C1709,10653.68,12,0,0,2,13653.18,grocery,0,0
TXN107086,C1712,1596.79,14,0,0,2,1750.47,electronics,0,0
TXN107087,C1678,2215.49,22,0,0,1,3828.9,electronics,0,0
TXN107088,C1072,1398.02,20,0,0,1,2583.19,grocery,1,0
TXN107089,C1118,4739.91,5,1,0,1,4416.82,cash_withdrawal,0,1
TXN107090,C1500,1677.42,2,0,0,2,2295.61,electronics,0,0
TXN107091,C1549,7136.3,10,1,0,2,3326.78,electronics,0,0
TXN107092,C1966,2267.87,23,0,0,1,2321.15,travel,1,0
TXN107093,C1978,7059.61,21,0,0,3,4077.97,jewelry,0,0
TXN107094,C1952,23634.97,22,0,0,1,12656.93,restaurant,0,0
TXN107095,C1291,2560.06,17,0,0,3,977.86,travel,0,0
TXN107096,C1291,1909.79,18,0,0,1,2752.87,travel,0,0
TXN107097,C1111,2990.92,3,0,0,4,5895.0,restaurant,3,0
TXN107098,C1842,1092.48,6,0,0,1,1403.75,grocery,0,0
TXN107099,C1568,799.39,15,0,0,1,1337.96,electronics,2,1
TXN107100,C1130,2035.93,16,0,0,1,3823.15,grocery,0,0
TXN107101,C1480,4594.74,15,0,0,2,4943.77,grocery,1,0
TXN107102,C1114,11225.76,7,0,0,1,10549.39,grocery,0,0
TXN107103,C1853,1877.97,12,1,0,2,3382.55,electronics,2,0
TXN107104,C1085,10393.7,22,0,0,2,7991.57,cash_withdrawal,1,0
TXN107105,C1069,13791.2,7,0,0,2,10244.83,restaurant,0,0
TXN107106,C1630,4979.74,11,0,0,4,6624.31,restaurant,0,0
TXN107107,C1756,3680.7,4,0,0,2,4768.94,restaurant,0,0
TXN107108,C1611,5883.27,1,0,0,1,5247.0,jewelry,0,0
TXN107109,C1956,5067.81,16,1,0,3,4867.35,cash_withdrawal,0,1
TXN107110,C1997,547.75,6,0,0,2,1184.26,cash_withdrawal,0,0
TXN107111,C1215,2937.74,23,0,0,2,4338.44,travel,0,0
TXN107112,C1044,2408.68,18,0,0,3,1834.41,grocery,0,0
TXN107113,C1971,4216.39,4,0,0,2,4031.83,travel,0,0
TXN107114,C1880,4816.23,8,0,0,1,2980.92,electronics,0,0
TXN107115,C1358,453.13,14,0,0,2,1388.64,electronics,0,0
TXN107116,C1923,1650.48,20,0,0,3,1331.76,grocery,0,0
TXN107117,C1400,1937.71,12,0,1,2,2683.24,electronics,2,0
TXN107118,C1969,4645.49,9,1,0,3,5096.38,online_services,0,0
TXN107119,C1065,2381.41,7,0,0,1,2264.68,electronics,1,0
TXN107120,C1642,1983.38,6,0,0,2,1703.96,travel,0,0
TXN107121,C1673,8107.67,23,0,0,1,8875.62,restaurant,0,0
TXN107122,C1025,1282.25,14,0,0,1,1104.75,grocery,0,0
TXN107123,C1863,5946.73,7,0,0,6,3388.11,online_services,2,0
TXN107124,C1541,2058.57,9,0,0,1,1619.91,online_services,0,0
TXN107125,C1164,5833.92,4,1,0,1,2884.94,online_services,0,1
TXN107126,C1987,3541.82,10,0,0,2,4153.91,grocery,0,0
TXN107127,C1114,1965.34,21,0,0,5,1727.67,grocery,2,0
TXN107128,C1419,668.02,16,0,0,2,1411.24,online_services,0,0
TXN107129,C1017,9574.96,19,0,0,3,5509.99,jewelry,0,0
TXN107130,C1173,937.37,23,0,1,1,588.85,travel,0,0
TXN107131,C1379,3149.8,1,0,0,1,2932.67,electronics,0,0
TXN107132,C1923,3590.02,3,0,0,1,2734.03,jewelry,0,0
TXN107133,C1239,6890.17,0,0,0,1,6367.12,restaurant,0,0
TXN107134,C1003,1595.75,18,0,1,1,1795.02,grocery,1,1
TXN107135,C1833,4530.39,12,0,1,2,4727.31,cash_withdrawal,1,1
TXN107136,C1580,1861.14,3,0,0,3,2530.4,cash_withdrawal,0,0
TXN107137,C1229,1073.33,20,0,0,1,2451.11,grocery,0,0
TXN107138,C1577,13999.01,17,0,0,2,6986.44,grocery,0,0
TXN107139,C1020,9751.9,20,1,0,5,12478.86,cash_withdrawal,2,0
TXN107140,C1932,8858.32,15,0,0,1,8557.03,online_services,0,0
TXN107141,C1660,7452.51,12,0,0,3,9166.85,travel,0,0
TXN107142,C1702,4398.05,19,0,0,3,4263.13,restaurant,0,0
TXN107143,C1460,6625.43,23,0,0,2,4134.06,electronics,0,0
TXN107144,C1699,667.47,15,0,0,1,2901.07,online_services,0,0
TXN107145,C1256,353.86,11,0,0,4,648.82,jewelry,0,1
TXN107146,C1465,1020.4,15,0,0,4,458.36,electronics,0,0
TXN107147,C1465,5339.37,17,0,0,1,5583.08,travel,2,0
TXN107148,C1229,3158.49,4,0,0,4,3313.29,travel,0,0
TXN107149,C1652,5822.45,23,0,1,3,4633.96,electronics,0,0
TXN107150,C1986,1241.62,12,0,0,2,1244.83,travel,0,0
TXN107151,C1903,2421.32,5,0,0,1,2728.11,travel,0,0
TXN107152,C1757,5573.45,0,0,1,3,3273.91,restaurant,0,0
TXN107153,C1824,4574.92,9,0,0,3,3670.5,electronics,0,0
TXN107154,C1043,5196.36,14,0,0,1,5841.41,restaurant,3,0
TXN107155,C1727,11961.35,17,0,0,3,7542.77,cash_withdrawal,2,0
TXN107156,C1232,1485.05,12,0,0,1,2358.28,electronics,0,0
TXN107157,C1860,7893.16,20,0,0,2,7077.65,travel,1,0
TXN107158,C1213,1113.94,12,0,0,2,1645.2,restaurant,0,0
TXN107159,C1904,6038.95,13,0,0,1,3300.9,restaurant,0,0
TXN107160,C1751,4454.88,14,0,0,3,6555.45,restaurant,0,0
TXN107161,C1975,3151.43,12,1,0,1,3919.48,restaurant,0,1
TXN107162,C1372,513.78,10,0,0,3,1007.82,travel,1,1
TXN107163,C1681,480.95,12,0,0,3,722.42,electronics,0,0
TXN107164,C1740,4135.45,16,0,0,3,3429.23,electronics,0,0
TXN107165,C1251,758.55,6,0,0,2,797.41,jewelry,0,0
TXN107166,C1195,1294.49,18,0,0,3,1891.76,electronics,0,0
TXN107167,C1970,12716.81,23,0,0,3,8600.21,jewelry,1,0
TXN107168,C1802,3879.4,19,0,0,3,2180.31,travel,0,0
TXN107169,C1921,1822.45,14,0,0,3,1539.3,online_services,2,0
TXN107170,C1883,2171.67,13,1,0,3,1670.38,travel,0,0
TXN107171,C1659,1377.85,9,0,0,2,2725.52,electronics,0,0
TXN107172,C1402,722.48,4,0,0,4,1078.77,restaurant,0,0
TXN107173,C1111,4530.69,17,1,0,1,3110.53,jewelry,1,1
TXN107174,C1463,1469.82,9,0,0,1,1552.56,cash_withdrawal,0,0
TXN107175,C1978,9891.98,19,0,0,1,14002.8,restaurant,0,0
TXN107176,C1052,1261.0,6,0,1,6,1905.4,electronics,0,0
TXN107177,C1345,628.5,17,0,0,4,1362.79,electronics,0,0
TXN107178,C1675,2416.83,12,0,0,2,3055.37,online_services,0,0
TXN107179,C1442,6876.32,5,0,0,2,7195.14,restaurant,1,1
TXN107180,C1024,5735.89,22,0,0,4,4840.66,electronics,0,1
TXN107181,C1395,3027.87,18,1,0,1,5712.22,jewelry,0,1
TXN107182,C1176,449.01,8,0,0,2,345.71,jewelry,0,0
TXN107183,C1696,2976.32,18,0,0,3,2960.26,cash_withdrawal,0,0
TXN107184,C1159,4200.81,20,0,0,3,3085.59,restaurant,0,1
TXN107185,C1588,3061.99,6,0,0,1,5319.88,electronics,0,0
TXN107186,C1421,13498.15,10,0,0,1,3505.87,restaurant,0,0
TXN107187,C1251,4105.58,23,0,0,1,4162.95,electronics,0,0
TXN107188,C1780,1348.66,15,0,0,1,1865.71,travel,0,0
TXN107189,C1625,3195.61,19,1,0,2,3106.02,online_services,0,0
TXN107190,C1752,4516.75,20,0,1,4,3491.27,grocery,0,1
TXN107191,C1692,4177.03,3,0,0,2,5855.46,cash_withdrawal,0,0
TXN107192,C1066,2900.59,2,0,0,1,3320.82,grocery,0,0
TXN107193,C1008,3573.68,1,0,0,1,1859.32,travel,1,0
TXN107194,C1873,1712.11,2,0,0,1,2239.41,travel,0,1
TXN107195,C1953,1106.5,11,0,0,2,1434.0,electronics,0,0
TXN107196,C1761,8690.08,4,1,0,2,3562.84,electronics,0,0
TXN107197,C1314,2180.15,2,0,0,3,1529.96,travel,1,0
TXN107198,C1638,1938.54,10,0,0,5,1287.99,online_services,1,0
TXN107199,C1926,6483.9,14,0,0,3,3453.49,restaurant,0,0
TXN107200,C1346,1589.61,22,0,1,2,2332.67,electronics,0,0
TXN107201,C1296,6025.2,9,0,0,3,9638.72,grocery,0,0
TXN107202,C1821,1928.0,17,0,0,1,1350.37,electronics,0,0
TXN107203,C1922,1391.53,4,0,0,3,2805.47,electronics,0,0
TXN107204,C1425,1201.18,3,0,0,1,1980.96,online_services,0,0
TXN107205,C1932,6174.47,19,0,0,2,2107.84,restaurant,0,0
TXN107206,C1162,4239.5,17,0,0,2,3562.27,online_services,0,0
TXN107207,C1643,858.52,15,1,0,3,473.0,jewelry,0,1
TXN107208,C1287,2717.97,22,0,0,4,4313.24,cash_withdrawal,0,0
TXN107209,C1925,2387.91,7,0,0,1,3060.34,grocery,0,0
TXN107210,C1679,30593.02,4,0,0,1,21262.28,restaurant,3,1
TXN107211,C1099,3220.59,1,0,1,1,2061.98,electronics,0,1
TXN107212,C1901,9184.58,12,0,0,2,3619.17,restaurant,2,0
TXN107213,C1388,4816.72,15,0,0,2,4859.12,electronics,0,0
TXN107214,C1785,15339.48,0,0,0,3,15577.79,online_services,0,0
TXN107215,C1704,8521.17,11,0,0,1,4299.13,restaurant,0,0
TXN107216,C1598,1456.56,18,1,0,4,1399.86,electronics,0,1
TXN107217,C1458,2192.25,0,0,0,2,4762.49,restaurant,0,1
TXN107218,C1969,2233.53,21,0,0,1,2793.18,online_services,0,0
TXN107219,C1352,1975.63,10,0,0,5,4399.75,grocery,0,0
TXN107220,C1907,4226.28,11,0,0,2,2709.47,grocery,1,0
TXN107221,C1181,2103.6,4,0,0,3,1639.68,online_services,3,0
TXN107222,C1307,1621.24,21,0,0,5,1782.99,restaurant,0,0
TXN107223,C1938,11035.87,4,1,0,2,7329.07,grocery,0,0
TXN107224,C1957,2683.06,21,0,0,1,3659.52,electronics,0,0
TXN107225,C1984,1287.35,20,0,0,4,1298.88,travel,3,1
TXN107226,C1299,1132.97,22,0,0,2,1708.02,cash_withdrawal,0,0
TXN107227,C1971,930.64,2,0,0,3,1499.38,travel,2,1
TXN107228,C1617,3088.5,15,1,0,2,3139.88,grocery,0,0
TXN107229,C1636,4538.83,18,0,0,1,3132.53,restaurant,0,0
TXN107230,C1173,1175.53,11,0,0,1,827.22,cash_withdrawal,0,0
TXN107231,C1258,6894.72,6,0,1,3,5643.05,online_services,1,0
TXN107232,C1286,1091.36,16,1,0,2,867.15,grocery,0,0
TXN107233,C1501,2990.02,10,0,0,1,4585.5,electronics,0,0
TXN107234,C1053,2294.94,20,0,0,1,1653.28,electronics,1,0
TXN107235,C1717,9688.54,9,0,0,1,3132.87,travel,0,0
TXN107236,C1459,12696.72,13,0,0,1,10412.78,travel,0,0
TXN107237,C1041,661.76,8,0,0,4,942.94,jewelry,0,0
TXN107238,C1777,3127.6,21,0,0,1,5763.32,restaurant,0,0
TXN107239,C1675,1319.98,2,0,0,2,1211.47,travel,0,0
TXN107240,C1564,1684.21,1,0,0,2,3022.62,electronics,0,0
TXN107241,C1892,4684.25,19,0,0,3,4359.38,grocery,0,0
TXN107242,C1752,1648.77,18,0,0,3,1103.5,grocery,1,0
TXN107243,C1309,11108.91,12,0,0,3,5845.49,electronics,0,0
TXN107244,C1926,3988.54,15,0,0,2,3107.89,restaurant,1,0
TXN107245,C1397,1298.7,1,0,0,2,2254.01,jewelry,0,0
TXN107246,C1688,6429.7,8,0,1,1,4619.46,jewelry,0,0
TXN107247,C1384,5594.57,10,0,0,3,4186.5,travel,0,1
TXN107248,C1822,620.28,16,0,0,1,414.74,cash_withdrawal,0,0
TXN107249,C1802,3201.62,13,0,0,3,2961.36,restaurant,2,1
TXN107250,C1724,6094.09,10,0,0,2,4961.16,electronics,1,0
TXN107251,C1965,3630.5,11,0,0,2,6068.17,jewelry,0,0
TXN107252,C1267,1787.28,17,0,0,1,1816.43,electronics,0,0
TXN107253,C1500,1471.15,9,0,0,4,1663.17,travel,0,0
TXN107254,C1085,18675.45,14,0,0,2,14618.3,jewelry,3,0
TXN107255,C1086,12624.84,21,0,0,2,14945.99,travel,0,0
TXN107256,C1882,754.72,16,1,0,1,959.04,grocery,0,0
TXN107257,C1023,21399.03,4,0,0,2,14499.24,cash_withdrawal,1,0
TXN107258,C1780,1332.74,3,0,0,1,1374.2,electronics,0,0
TXN107259,C1076,2058.52,5,1,0,1,2445.28,travel,0,0
TXN107260,C1066,11300.35,4,0,0,3,14593.49,online_services,0,0
TXN107261,C1820,7494.03,7,1,0,2,5710.2,cash_withdrawal,1,0
TXN107262,C1089,3448.69,2,0,0,2,4013.01,grocery,3,0
TXN107263,C1740,2209.76,0,0,0,3,4021.56,jewelry,0,0
TXN107264,C1826,3917.65,10,0,0,1,2718.72,cash_withdrawal,0,0
TXN107265,C1930,803.53,19,0,0,1,979.0,grocery,0,0
TXN107266,C1159,4002.61,18,0,0,1,2907.63,jewelry,1,0
TXN107267,C1988,533.63,14,0,0,1,965.3,jewelry,0,0
TXN107268,C1894,6459.21,10,1,0,1,3322.03,cash_withdrawal,0,0
TXN107269,C1680,4806.53,3,0,0,2,4559.39,online_services,0,1
TXN107270,C1124,7165.63,1,0,0,4,10102.29,jewelry,1,1
TXN107271,C1142,648.42,6,0,0,1,1082.71,jewelry,0,0
TXN107272,C1948,1922.66,2,0,0,3,2156.35,electronics,0,1
TXN107273,C1093,963.02,22,0,0,3,1255.78,grocery,0,0
TXN107274,C1003,5159.18,13,1,0,2,6912.88,cash_withdrawal,2,0
TXN107275,C1702,8704.14,7,1,0,2,9233.22,electronics,0,0
TXN107276,C1051,4573.89,22,0,1,1,5269.72,grocery,0,0
TXN107277,C1396,3663.6,10,0,0,3,5465.67,jewelry,1,0
TXN107278,C1542,4105.49,6,0,0,3,1100.83,restaurant,1,0
TXN107279,C1837,2747.92,6,0,0,2,2304.43,jewelry,0,0
TXN107280,C1507,2058.56,19,0,0,1,1065.51,jewelry,1,0
TXN107281,C1190,715.87,15,0,0,3,1576.81,travel,2,0
TXN107282,C1749,3912.39,21,0,0,5,3652.24,online_services,0,0
TXN107283,C1885,4086.26,1,0,0,5,6001.29,restaurant,0,0
TXN107284,C1189,3134.12,16,1,0,1,5455.95,grocery,1,0
TXN107285,C1081,4272.47,5,0,0,1,7001.26,electronics,0,0
TXN107286,C1269,2203.62,4,0,0,1,1719.57,online_services,0,0
TXN107287,C1589,2088.32,6,0,0,1,3440.8,jewelry,1,0
TXN107288,C1126,2608.41,22,0,0,2,3818.73,cash_withdrawal,0,0
TXN107289,C1077,4094.6,6,0,0,1,1069.44,electronics,0,0
TXN107290,C1868,1095.8,10,0,0,1,1055.58,cash_withdrawal,0,0
TXN107291,C1233,1838.14,5,0,0,2,2824.65,restaurant,0,0
TXN107292,C1650,1665.09,18,0,0,3,3386.85,travel,0,1
TXN107293,C1615,3557.6,13,0,0,4,2339.12,online_services,1,0
TXN107294,C1655,4545.24,9,0,0,1,2177.99,electronics,2,0
TXN107295,C1436,2794.98,8,0,0,4,1286.37,cash_withdrawal,1,1
TXN107296,C1353,6186.46,23,0,0,4,4310.62,electronics,0,0
TXN107297,C1543,3004.82,0,0,0,2,3853.82,jewelry,0,0
TXN107298,C1911,1560.86,21,0,0,4,2482.86,travel,1,0
TXN107299,C1288,739.97,5,0,0,5,1189.0,grocery,0,1
TXN107300,C1063,19139.77,2,0,0,4,10461.79,restaurant,1,1
TXN107301,C1352,1501.22,23,0,0,1,1965.7,grocery,0,0
TXN107302,C1634,3995.08,13,0,0,3,2045.05,grocery,0,0
TXN107303,C1690,4956.25,22,0,0,4,6687.58,restaurant,1,0
TXN107304,C1012,1572.79,23,0,0,1,1631.77,jewelry,1,0
TXN107305,C1090,5926.14,10,0,0,1,3718.81,online_services,0,0
TXN107306,C1789,1384.91,11,0,0,1,1279.95,jewelry,1,0
TXN107307,C1697,1154.82,19,0,0,1,2556.22,jewelry,0,0
TXN107308,C1982,11964.6,2,0,0,1,2875.55,online_services,1,0
TXN107309,C1268,1216.24,23,0,0,2,1418.95,cash_withdrawal,0,0
TXN107310,C1326,3734.81,14,1,0,3,2666.34,travel,0,0
TXN107311,C1760,2534.65,15,0,0,2,1753.8,travel,1,0
TXN107312,C1511,2385.27,9,0,0,2,2531.92,cash_withdrawal,0,0
TXN107313,C1500,13494.0,10,0,0,2,4828.66,online_services,1,0
TXN107314,C1762,13186.96,6,0,0,3,11332.84,electronics,0,0
TXN107315,C1601,4985.78,5,0,0,3,3613.25,grocery,0,0
TXN107316,C1707,4955.2,11,0,0,2,3878.1,restaurant,0,0
TXN107317,C1476,3978.0,14,0,0,1,2538.91,travel,0,0
TXN107318,C1945,2635.22,12,0,0,2,4472.78,restaurant,1,0
TXN107319,C1889,4769.03,14,0,0,3,2693.5,restaurant,0,1
TXN107320,C1156,8629.83,4,0,0,3,5337.5,jewelry,3,0
TXN107321,C1768,3551.58,12,0,0,1,3213.09,restaurant,1,0
TXN107322,C1972,2221.03,0,0,0,3,2727.85,cash_withdrawal,0,1
TXN107323,C1142,1687.55,10,0,1,4,1413.09,restaurant,2,1
TXN107324,C1891,11317.68,20,0,0,2,3511.57,electronics,0,1
TXN107325,C1409,7610.22,11,0,1,4,7698.94,grocery,1,1
TXN107326,C1444,696.96,21,0,0,3,499.39,electronics,0,0
TXN107327,C1154,2665.67,18,0,0,1,2372.25,electronics,0,0
TXN107328,C1222,1156.49,3,0,0,1,760.06,grocery,0,0
TXN107329,C1400,4885.28,15,0,1,2,4695.49,electronics,3,1
TXN107330,C1277,24844.96,10,0,0,2,7423.66,electronics,0,0
TXN107331,C1022,7465.26,15,0,0,1,10971.91,restaurant,2,0
TXN107332,C1162,9308.58,9,0,0,2,3805.53,cash_withdrawal,0,0
TXN107333,C1978,14398.9,17,0,0,2,6457.8,travel,0,0
TXN107334,C1233,818.12,6,0,0,3,1268.33,restaurant,0,0
TXN107335,C1621,3522.42,23,0,0,2,2366.51,restaurant,0,0
TXN107336,C1443,916.57,13,0,0,2,1244.21,cash_withdrawal,0,0
TXN107337,C1163,844.58,15,0,0,2,1277.85,jewelry,0,0
TXN107338,C1061,3868.5,11,0,0,4,6022.17,grocery,0,0
TXN107339,C1068,3543.34,10,1,0,1,2603.48,jewelry,0,0
TXN107340,C1488,8056.14,19,0,0,1,3359.64,travel,0,0
TXN107341,C1144,10574.66,7,0,0,2,7030.06,online_services,1,0
TXN107342,C1965,4311.27,15,0,0,1,2117.12,cash_withdrawal,0,0
TXN107343,C1221,1442.3,13,0,1,2,1132.67,restaurant,0,1
TXN107344,C1013,1069.51,9,0,0,6,1657.2,jewelry,0,0
TXN107345,C1162,1049.25,10,0,0,2,2698.67,jewelry,0,0
TXN107346,C1318,1004.72,21,0,0,2,1550.88,online_services,0,1
TXN107347,C1439,4143.23,19,0,1,2,5206.67,grocery,0,0
TXN107348,C1613,1006.82,4,0,0,2,2251.24,online_services,0,0
TXN107349,C1288,1497.52,10,0,0,3,3843.63,jewelry,0,0
TXN107350,C1382,4470.81,22,1,0,2,3625.37,cash_withdrawal,0,1
TXN107351,C1131,420.5,11,1,0,2,496.83,online_services,0,0
TXN107352,C1993,3892.03,15,0,0,3,3885.73,grocery,0,1
TXN107353,C1018,878.04,14,0,0,3,1241.92,travel,0,0
TXN107354,C1427,1315.52,7,0,0,3,2109.51,electronics,0,0
TXN107355,C1967,1495.38,10,0,0,2,2605.46,jewelry,0,0
TXN107356,C1239,3170.96,10,0,0,2,2917.39,jewelry,2,0
TXN107357,C1937,14539.55,15,0,0,3,6921.05,cash_withdrawal,0,0
TXN107358,C1287,4637.32,17,1,0,1,5489.55,travel,1,0
TXN107359,C1591,2168.82,10,0,0,1,2378.44,jewelry,3,1
TXN107360,C1199,2260.82,4,0,0,4,1713.92,travel,0,0
TXN107361,C1800,3134.4,20,1,0,1,3738.78,online_services,0,0
TXN107362,C1994,4023.75,7,0,0,4,5683.22,jewelry,0,0
TXN107363,C1607,955.11,19,0,0,1,3103.19,electronics,0,0
TXN107364,C1832,3600.11,7,0,0,1,3818.21,restaurant,0,0
TXN107365,C1576,4717.36,15,0,0,2,7204.15,grocery,0,0
TXN107366,C1320,2158.34,16,0,0,4,2710.07,grocery,0,0
TXN107367,C1393,7417.28,4,0,0,3,6213.69,online_services,0,0
TXN107368,C1329,1106.18,2,0,0,1,1398.07,online_services,0,0
TXN107369,C1502,7508.62,14,0,0,1,6340.15,online_services,1,0
TXN107370,C1922,1003.52,23,0,0,2,2494.78,travel,0,0
TXN107371,C1068,1221.59,14,0,1,1,1765.97,restaurant,0,0
TXN107372,C1796,2657.84,6,0,0,1,2625.45,cash_withdrawal,0,0
TXN107373,C1788,968.21,8,0,0,3,2701.63,jewelry,0,0
TXN107374,C1146,9481.83,11,0,0,4,8959.62,cash_withdrawal,3,0
TXN107375,C1796,2293.64,1,0,0,3,2261.79,restaurant,1,1
TXN107376,C1252,1106.36,7,1,0,1,2949.84,jewelry,0,0
TXN107377,C1003,1147.53,10,0,0,1,1024.95,travel,1,0
TXN107378,C1844,3500.59,19,0,0,4,2152.32,restaurant,1,0
TXN107379,C1575,1859.38,4,0,0,2,8662.98,cash_withdrawal,0,0
TXN107380,C1279,3241.77,10,0,1,2,1381.74,restaurant,0,1
TXN107381,C1321,1944.08,19,0,0,2,4926.43,online_services,0,0
TXN107382,C1204,2635.45,20,1,0,1,3427.07,electronics,0,1
TXN107383,C1980,1412.42,19,0,1,2,2682.26,online_services,0,0
TXN107384,C1123,5815.66,9,0,0,4,4991.5,jewelry,0,0
TXN107385,C1062,1369.28,23,0,0,1,1659.17,electronics,1,0
TXN107386,C1536,9222.17,16,0,0,5,9593.21,travel,3,1
TXN107387,C1254,4338.19,12,0,0,1,4960.93,restaurant,0,0
TXN107388,C1717,2479.68,0,0,0,3,2593.49,travel,0,0
TXN107389,C1267,3840.44,6,0,0,1,2932.85,electronics,0,0
TXN107390,C1303,771.87,0,0,0,1,1064.28,grocery,1,0
TXN107391,C1667,1860.12,20,0,0,2,1191.46,cash_withdrawal,0,0
TXN107392,C1431,3917.87,2,0,0,2,1931.14,travel,1,0
TXN107393,C1476,8759.03,4,0,0,2,10453.34,restaurant,0,0
TXN107394,C1640,1330.14,12,0,0,3,1928.66,online_services,1,0
TXN107395,C1160,1513.08,19,0,0,3,2156.97,restaurant,2,1
TXN107396,C1776,3564.63,10,0,0,1,3534.96,grocery,0,0
TXN107397,C1959,463.12,8,0,0,2,845.62,restaurant,0,0
TXN107398,C1282,1616.18,6,0,0,1,2252.43,jewelry,0,0
TXN107399,C1621,15560.65,14,0,0,2,8865.53,travel,0,0
TXN107400,C1166,6088.23,18,0,0,4,6274.08,electronics,0,0
TXN107401,C1330,3318.27,0,0,0,2,1656.05,grocery,0,0
TXN107402,C1053,1598.05,10,0,0,1,3565.63,online_services,0,0
TXN107403,C1488,2244.2,11,0,0,2,2590.01,electronics,0,0
TXN107404,C1322,1662.15,23,0,0,1,1107.88,restaurant,0,0
TXN107405,C1563,1522.31,0,0,0,1,1838.38,jewelry,0,0
TXN107406,C1444,3392.77,20,0,0,2,3298.32,travel,2,1
TXN107407,C1405,3157.01,5,0,0,4,4914.5,travel,0,0
TXN107408,C1627,6205.12,1,0,0,2,1748.17,jewelry,0,0
TXN107409,C1289,6592.25,10,1,0,2,5814.68,online_services,0,0
TXN107410,C1774,1789.95,18,0,0,5,3939.83,grocery,2,0
TXN107411,C1904,4851.26,16,0,0,4,4540.91,grocery,1,0
TXN107412,C1740,2920.42,22,0,0,1,2570.0,jewelry,0,0
TXN107413,C1135,2068.27,15,0,0,3,3270.66,grocery,0,0
TXN107414,C1949,6410.46,2,0,0,4,4413.05,electronics,1,0
TXN107415,C1155,242.37,3,0,0,1,517.81,online_services,0,0
TXN107416,C1167,4516.26,22,0,0,3,4142.45,electronics,0,0
TXN107417,C1094,3106.1,11,0,0,1,2965.52,travel,0,0
TXN107418,C1346,7602.58,2,0,0,1,3561.9,restaurant,0,1
TXN107419,C1351,4053.82,2,0,0,2,3175.29,restaurant,0,1
TXN107420,C1410,2730.62,17,0,0,1,2292.73,grocery,1,0
TXN107421,C1537,4030.35,13,0,0,2,4420.84,jewelry,0,0
TXN107422,C1808,2269.99,12,0,0,2,3017.15,jewelry,0,0
TXN107423,C1158,2940.2,17,0,0,1,2644.82,cash_withdrawal,0,0
TXN107424,C1091,8304.27,6,0,0,1,6926.6,restaurant,0,0
TXN107425,C1162,3976.96,3,0,0,1,1866.53,cash_withdrawal,0,0
TXN107426,C1933,3095.02,8,0,0,1,3330.6,electronics,0,0
TXN107427,C1245,3427.54,1,0,0,2,2916.1,jewelry,0,0
TXN107428,C1699,8931.31,17,0,0,1,8376.86,grocery,2,0
TXN107429,C1053,1162.28,20,0,0,5,736.87,cash_withdrawal,3,0
TXN107430,C1714,866.33,7,0,0,1,2023.65,restaurant,1,0
TXN107431,C1043,5389.35,1,0,0,2,7358.74,electronics,0,0
TXN107432,C1776,7372.68,7,1,0,1,3423.83,electronics,0,0
TXN107433,C1977,645.13,4,1,0,2,1325.08,online_services,0,0
TXN107434,C1327,1204.14,10,0,0,1,2140.78,restaurant,0,0
TXN107435,C1774,14429.95,20,0,0,3,6468.06,jewelry,3,0
TXN107436,C1405,593.23,0,0,0,2,1462.2,online_services,0,1
TXN107437,C1783,6497.4,9,0,0,4,4350.17,restaurant,0,0
TXN107438,C1024,1224.81,21,0,0,2,1207.61,jewelry,0,0
TXN107439,C1713,3049.0,13,0,0,1,2244.08,online_services,1,0
TXN107440,C1069,6703.89,1,0,0,3,8306.24,electronics,0,0
TXN107441,C1603,5034.2,1,0,0,5,2599.83,electronics,0,0
TXN107442,C1235,2014.03,18,0,0,3,1942.91,restaurant,1,0
TXN107443,C1007,3063.02,11,0,0,4,4190.44,jewelry,1,0
TXN107444,C1082,485.56,18,0,0,4,1050.53,travel,0,0
TXN107445,C1521,16010.3,5,0,0,4,19079.81,restaurant,0,0
TXN107446,C1217,847.08,4,0,0,3,553.25,online_services,0,0
TXN107447,C1007,2337.72,20,0,0,2,3781.01,jewelry,1,0
TXN107448,C1637,4103.92,9,0,0,2,5361.0,travel,0,1
TXN107449,C1569,4530.17,11,0,0,1,4009.01,online_services,0,0
TXN107450,C1397,3887.93,5,0,0,3,9370.92,cash_withdrawal,0,0
TXN107451,C1206,3957.04,19,0,1,1,4340.44,travel,0,0
TXN107452,C1342,1659.49,6,0,0,2,1943.43,travel,0,0
TXN107453,C1919,3609.07,8,0,0,1,3969.31,restaurant,0,0
TXN107454,C1122,3100.36,20,0,0,1,3686.79,travel,0,0
TXN107455,C1462,3319.43,0,0,0,3,3846.3,restaurant,0,1
TXN107456,C1617,3642.59,20,0,0,4,3777.16,jewelry,1,0
TXN107457,C1524,4039.22,12,0,0,2,4999.73,electronics,0,0
TXN107458,C1189,1659.45,3,0,1,2,1325.68,grocery,0,0
TXN107459,C1396,2726.08,3,0,0,2,3885.62,jewelry,0,0
TXN107460,C1955,4793.66,6,0,0,3,9342.27,electronics,0,0
TXN107461,C1777,4798.29,18,0,0,1,4511.61,jewelry,1,0
TXN107462,C1765,4533.54,9,0,0,1,3821.29,cash_withdrawal,2,0
TXN107463,C1706,13653.67,21,0,0,3,7055.52,electronics,0,0
TXN107464,C1907,12266.19,18,0,0,2,5173.35,cash_withdrawal,0,0
TXN107465,C1310,2473.5,11,1,0,1,2731.09,restaurant,0,1
TXN107466,C1055,829.44,20,0,1,3,1790.4,jewelry,0,0
TXN107467,C1235,1100.98,18,1,0,1,1533.8,cash_withdrawal,1,0
TXN107468,C1258,1418.07,6,0,0,3,1500.63,online_services,0,0
TXN107469,C1024,3621.25,9,0,0,1,3319.05,grocery,3,0
TXN107470,C1221,1125.08,5,0,0,2,1278.56,cash_withdrawal,0,0
TXN107471,C1341,3719.13,6,0,0,1,2688.86,restaurant,1,0
TXN107472,C1969,6943.38,23,0,1,2,6594.78,restaurant,0,0
TXN107473,C1737,4829.55,10,0,0,1,5991.42,restaurant,0,0
TXN107474,C1400,4946.85,19,0,0,2,3620.69,cash_withdrawal,2,0
TXN107475,C1169,5258.41,15,0,0,5,4924.78,restaurant,0,0
TXN107476,C1574,8107.68,19,0,0,1,10157.83,travel,0,0
TXN107477,C1814,4393.97,21,0,0,3,6927.57,cash_withdrawal,1,0
TXN107478,C1960,794.09,7,0,1,1,742.16,grocery,0,1
TXN107479,C1631,6425.49,3,0,0,1,6010.3,grocery,1,0
TXN107480,C1873,2170.08,0,0,0,3,1494.14,online_services,0,0
TXN107481,C1051,6768.39,0,0,0,3,4964.72,travel,1,0
TXN107482,C1952,1297.56,0,0,0,3,1439.08,travel,3,0
TXN107483,C1455,2922.15,12,0,0,3,3619.31,jewelry,0,0
TXN107484,C1581,776.91,5,0,0,1,1038.48,grocery,0,0
TXN107485,C1054,3853.28,11,0,0,2,1378.98,electronics,3,0
TXN107486,C1661,3482.62,6,0,0,1,4221.06,restaurant,2,0
TXN107487,C1759,2020.21,11,0,0,1,1143.44,grocery,0,0
TXN107488,C1286,2152.38,13,0,0,1,4291.52,jewelry,0,0
TXN107489,C1022,10236.05,9,0,0,1,3407.81,cash_withdrawal,0,0
TXN107490,C1035,14228.23,3,0,0,1,6826.65,travel,0,0
TXN107491,C1145,13455.2,8,0,0,1,15883.15,restaurant,0,0
TXN107492,C1952,1866.46,6,0,0,1,1397.02,grocery,0,0
TXN107493,C1941,1704.11,20,0,0,2,1057.95,jewelry,1,0
TXN107494,C1975,320.34,21,0,0,2,982.44,cash_withdrawal,1,0
TXN107495,C1031,4271.73,15,0,0,1,5602.63,electronics,0,0
TXN107496,C1014,5137.96,3,0,0,3,4561.07,grocery,1,1
TXN107497,C1742,7926.04,7,1,0,7,5379.7,restaurant,0,0
TXN107498,C1890,1410.53,18,0,0,1,1545.28,jewelry,1,0
TXN107499,C1570,20139.93,8,0,0,2,8135.41,travel,0,0
TXN107500,C1023,1029.01,22,0,0,3,1507.9,online_services,0,1
TXN107501,C1491,1408.24,2,0,0,3,567.49,jewelry,0,1
TXN107502,C1708,6169.54,4,0,0,1,6174.99,electronics,0,0
TXN107503,C1066,446.55,12,0,0,2,871.66,jewelry,0,0
TXN107504,C1386,3181.7,0,0,0,1,2218.17,grocery,2,0
TXN107505,C1509,2992.84,13,0,0,1,3517.17,cash_withdrawal,1,0
TXN107506,C1476,1289.51,13,0,0,1,1670.83,electronics,0,0
TXN107507,C1996,3492.79,0,0,0,1,4926.93,online_services,0,0
TXN107508,C1918,7736.38,1,0,1,2,7804.8,jewelry,1,0
TXN107509,C1064,4105.67,8,0,0,1,3350.13,jewelry,0,0
TXN107510,C1288,3325.41,23,0,0,1,2624.98,restaurant,0,0
TXN107511,C1207,10435.05,8,0,0,5,14643.83,grocery,0,0
TXN107512,C1687,21493.66,8,0,0,3,11055.24,cash_withdrawal,0,0
TXN107513,C1192,3526.06,7,1,0,1,2829.87,jewelry,0,1
TXN107514,C1458,2883.37,0,0,1,1,2144.49,jewelry,2,0
TXN107515,C1045,1595.26,18,0,0,3,1806.75,cash_withdrawal,0,0
TXN107516,C1877,3294.15,13,0,0,1,3657.98,online_services,0,0
TXN107517,C1974,5350.62,22,0,0,1,5365.2,restaurant,0,0
TXN107518,C1810,3206.77,7,0,0,3,2461.74,jewelry,0,0
TXN107519,C1868,6887.73,23,0,0,2,7675.32,grocery,1,0
TXN107520,C1293,4763.62,11,0,0,4,6547.55,grocery,0,0
TXN107521,C1612,3384.62,11,0,0,1,2269.28,restaurant,0,0
TXN107522,C1840,4319.38,15,0,0,1,2499.26,online_services,2,1
TXN107523,C1167,4248.59,11,0,0,3,2784.0,jewelry,0,0
TXN107524,C1923,504.48,11,0,0,1,1942.1,jewelry,0,0
TXN107525,C1564,1610.85,17,0,0,1,1956.62,electronics,0,0
TXN107526,C1328,3954.01,23,0,0,3,5504.07,jewelry,3,0
TXN107527,C1355,1789.1,13,0,0,4,2116.83,electronics,0,0
TXN107528,C1594,1107.88,12,0,0,1,1646.94,travel,0,0
TXN107529,C1478,4756.47,11,0,0,2,3201.05,cash_withdrawal,0,1
TXN107530,C1299,1595.19,4,0,0,4,1817.43,cash_withdrawal,1,0
TXN107531,C1688,1681.55,15,0,0,5,1680.3,jewelry,0,0
TXN107532,C1555,3020.23,13,0,0,3,3435.17,travel,0,1
TXN107533,C1984,3766.99,13,0,0,2,2823.48,grocery,0,0
TXN107534,C1616,4279.18,8,0,0,1,1747.52,electronics,0,0
TXN107535,C1340,1159.74,11,0,0,3,1836.09,jewelry,2,0
TXN107536,C1477,2840.76,14,0,0,1,2552.27,cash_withdrawal,1,0
TXN107537,C1552,1052.55,21,0,0,1,1626.38,electronics,0,0
TXN107538,C1911,1755.21,1,0,0,2,1015.45,travel,0,1
TXN107539,C1518,4035.89,20,0,0,6,4058.33,electronics,0,0
TXN107540,C1613,2798.25,10,0,0,1,4285.57,online_services,0,0
TXN107541,C1647,6521.01,23,0,1,1,5696.78,electronics,0,0
TXN107542,C1871,1480.13,18,0,0,2,1704.78,electronics,0,0
TXN107543,C1835,2760.17,6,0,0,2,3780.65,cash_withdrawal,0,0
TXN107544,C1709,815.56,12,0,0,1,1134.96,grocery,0,0
TXN107545,C1843,5042.76,13,0,0,2,2762.07,grocery,0,0
TXN107546,C1513,5674.66,17,0,0,1,3245.18,grocery,0,0
TXN107547,C1532,7713.79,3,0,0,3,7194.08,online_services,0,0
TXN107548,C1004,7785.18,8,0,0,1,4981.21,online_services,1,0
TXN107549,C1680,229.78,5,0,0,2,870.3,jewelry,0,0
TXN107550,C1232,1143.16,21,0,0,3,1082.16,jewelry,1,0
TXN107551,C1806,1979.37,10,0,0,2,1676.89,restaurant,0,0
TXN107552,C1119,1299.05,10,0,0,3,3250.72,jewelry,0,0
TXN107553,C1856,5542.65,11,0,0,1,3280.22,online_services,2,0
TXN107554,C1959,4548.4,12,1,0,1,5049.91,online_services,0,0
TXN107555,C1672,1176.73,12,0,0,3,943.59,electronics,1,0
TXN107556,C1590,3965.48,11,0,0,4,4000.84,jewelry,0,0
TXN107557,C1417,1042.28,22,0,0,1,845.42,cash_withdrawal,1,0
TXN107558,C1108,2922.37,7,0,0,4,2550.16,jewelry,2,0
TXN107559,C1659,2519.79,14,0,0,1,1936.48,electronics,0,0
TXN107560,C1854,4057.97,22,0,0,4,3134.45,cash_withdrawal,0,0
TXN107561,C1192,1524.03,22,1,0,1,1087.38,grocery,0,0
TXN107562,C1914,985.22,16,0,0,1,1198.0,cash_withdrawal,3,1
TXN107563,C1110,5981.93,15,0,0,2,1792.68,electronics,0,0
TXN107564,C1937,10935.16,2,0,0,4,5498.01,jewelry,0,0
TXN107565,C1972,4343.99,9,0,0,2,3074.39,electronics,0,0
TXN107566,C1773,561.95,12,0,0,1,1600.96,travel,0,0
TXN107567,C1845,967.83,6,0,0,5,869.49,online_services,0,0
TXN107568,C1653,3353.24,3,0,0,2,4763.29,cash_withdrawal,0,0
TXN107569,C1195,6601.22,0,0,0,2,4967.87,grocery,0,0
TXN107570,C1031,788.72,9,0,1,1,1224.16,grocery,1,0
TXN107571,C1212,673.99,5,0,0,1,1515.25,cash_withdrawal,0,0
TXN107572,C1794,3079.8,21,0,0,1,2446.12,grocery,0,0
TXN107573,C1068,1365.08,8,0,0,3,2051.13,restaurant,0,0
TXN107574,C1973,13905.44,3,0,0,4,8250.81,restaurant,2,0
TXN107575,C1967,2770.64,11,0,0,2,1794.19,jewelry,0,0
TXN107576,C1412,1470.36,0,1,0,3,1119.61,jewelry,0,1
TXN107577,C1611,5609.67,9,0,0,4,13070.62,travel,0,0
TXN107578,C1397,8079.23,11,0,0,1,8538.38,electronics,0,0
TXN107579,C1311,2139.27,13,0,0,3,1935.62,online_services,0,1
TXN107580,C1603,944.21,15,0,0,3,1471.67,jewelry,0,0
TXN107581,C1629,1704.03,18,0,0,2,1654.09,grocery,0,0
TXN107582,C1695,778.39,15,0,0,1,1123.51,grocery,0,0
TXN107583,C1511,765.13,10,0,0,2,3214.5,travel,0,0
TXN107584,C1031,961.72,8,0,0,2,770.92,jewelry,0,0
TXN107585,C1484,2241.42,12,0,0,4,1983.78,cash_withdrawal,0,0
TXN107586,C1551,2154.78,3,0,0,6,1672.62,restaurant,0,1
TXN107587,C1705,2600.44,18,0,0,2,1765.43,online_services,0,0
TXN107588,C1901,3040.39,11,1,0,2,6100.19,jewelry,0,0
TXN107589,C1502,3881.02,0,0,0,1,3131.24,restaurant,0,0
TXN107590,C1039,949.62,15,0,0,2,1704.99,cash_withdrawal,0,0
TXN107591,C1927,3151.02,2,0,0,1,4611.02,restaurant,0,0
TXN107592,C1258,2559.91,17,0,0,1,3114.85,grocery,0,0
TXN107593,C1084,3494.44,7,0,0,1,2504.49,jewelry,0,0
TXN107594,C1850,4459.99,22,0,0,3,4056.93,jewelry,0,0
TXN107595,C1944,553.25,3,0,0,2,1362.31,restaurant,0,0
TXN107596,C1388,3171.03,23,0,1,3,4860.26,travel,0,0
TXN107597,C1247,5093.48,19,0,0,1,2817.2,restaurant,0,0
TXN107598,C1035,765.38,10,0,0,3,1547.93,travel,1,0
TXN107599,C1565,4647.25,22,0,0,3,2304.09,cash_withdrawal,0,0
TXN107600,C1462,977.06,6,0,0,1,1525.21,online_services,0,0
TXN107601,C1420,6642.62,3,0,0,3,4677.45,grocery,0,0
TXN107602,C1700,1051.2,4,1,0,3,2341.47,online_services,0,0
TXN107603,C1883,1887.61,21,0,0,3,1596.44,cash_withdrawal,1,0
TXN107604,C1028,4121.79,16,0,0,5,3591.88,restaurant,0,0
TXN107605,C1070,2514.04,16,0,0,2,3043.36,electronics,0,0
TXN107606,C1474,768.05,8,0,0,3,1726.9,jewelry,2,0
TXN107607,C1578,8909.11,12,0,0,6,5218.39,cash_withdrawal,1,0
TXN107608,C1947,2015.77,17,0,0,3,2543.53,jewelry,0,0
TXN107609,C1741,2378.82,1,0,0,2,3829.49,travel,0,0
TXN107610,C1599,1731.31,3,0,0,1,1276.06,jewelry,0,0
TXN107611,C1529,23329.89,15,0,0,2,33863.22,electronics,0,0
TXN107612,C1923,5724.76,14,0,0,2,6519.47,travel,0,1
TXN107613,C1874,13208.76,5,0,0,4,10951.24,grocery,0,0
TXN107614,C1297,1904.1,19,0,0,2,2438.75,travel,0,0
TXN107615,C1436,4713.68,3,0,0,2,3927.28,jewelry,2,0
TXN107616,C1158,882.09,2,0,0,1,1420.93,electronics,0,0
TXN107617,C1493,2989.39,15,0,0,1,2979.35,electronics,0,0
TXN107618,C1005,969.65,12,0,0,1,750.62,cash_withdrawal,1,0
TXN107619,C1762,10482.22,20,0,0,2,7894.01,electronics,0,0
TXN107620,C1791,487.7,12,0,0,3,1259.65,grocery,0,0
TXN107621,C1309,3184.78,5,0,0,5,3827.8,electronics,0,0
TXN107622,C1348,3513.1,21,0,0,3,4328.76,online_services,0,0
TXN107623,C1865,3657.77,15,0,0,1,4335.93,electronics,0,0
TXN107624,C1730,1771.0,14,0,0,1,1255.71,cash_withdrawal,0,0
TXN107625,C1717,981.34,3,0,0,1,3240.21,grocery,0,1
TXN107626,C1168,2941.36,4,0,0,4,3656.76,electronics,0,0
TXN107627,C1758,6183.07,19,0,0,2,3576.69,online_services,1,0
TXN107628,C1024,1632.25,14,0,0,1,1923.14,restaurant,1,0
TXN107629,C1375,10081.07,22,0,0,1,7677.16,restaurant,2,0
TXN107630,C1021,1243.1,22,0,0,3,2387.02,online_services,0,0
TXN107631,C1919,4891.26,22,0,0,5,4231.75,travel,0,1
TXN107632,C1650,4981.63,17,0,0,2,7087.14,grocery,0,0
TXN107633,C1428,410.38,15,0,0,2,750.05,grocery,0,0
TXN107634,C1285,1773.47,13,1,0,1,1609.91,online_services,0,0
TXN107635,C1718,2576.03,13,0,0,2,3138.68,grocery,0,0
TXN107636,C1066,532.63,2,0,0,1,1176.52,travel,1,0
TXN107637,C1898,994.46,21,1,0,5,1146.24,travel,0,1
TXN107638,C1486,3522.91,12,0,0,1,4668.64,online_services,0,0
TXN107639,C1941,2436.43,7,0,1,1,2760.54,electronics,0,0
TXN107640,C1123,947.25,0,0,0,1,873.13,electronics,0,0
TXN107641,C1088,887.49,18,1,0,1,1122.85,electronics,0,0
TXN107642,C1680,3462.48,6,0,0,1,2320.8,restaurant,0,0
TXN107643,C1675,3639.36,17,0,0,1,7607.11,travel,0,0
TXN107644,C1570,5847.74,8,0,0,3,4178.96,restaurant,0,0
TXN107645,C1068,1477.37,21,0,0,1,1238.88,electronics,2,0
TXN107646,C1596,9353.07,13,0,0,3,8896.02,grocery,0,0
TXN107647,C1573,1037.24,1,0,0,4,1870.18,electronics,0,0
TXN107648,C1207,4401.78,4,0,0,2,3471.05,travel,0,0
TXN107649,C1136,4119.78,23,0,1,1,3262.77,jewelry,0,0
TXN107650,C1400,2042.15,0,0,0,1,2401.65,travel,0,1
TXN107651,C1061,8097.92,16,1,0,1,6477.54,cash_withdrawal,0,0
TXN107652,C1012,697.9,3,1,0,1,467.61,online_services,0,1
TXN107653,C1681,8827.65,8,0,0,1,7310.29,online_services,2,0
TXN107654,C1543,5507.2,0,0,0,5,7443.12,travel,0,0
TXN107655,C1901,1933.73,4,1,0,1,1683.42,travel,0,1
TXN107656,C1942,6255.0,7,0,0,2,3768.93,cash_withdrawal,0,0
TXN107657,C1491,3525.99,6,0,0,2,5472.27,electronics,3,0
TXN107658,C1679,630.62,15,0,0,1,1141.44,restaurant,0,0
TXN107659,C1490,2773.8,6,0,0,1,3802.03,grocery,1,0
TXN107660,C1176,3248.94,12,0,0,1,1747.08,online_services,0,0
TXN107661,C1648,1568.65,20,0,0,2,1342.6,online_services,0,0
TXN107662,C1879,952.53,2,0,0,2,1380.1,electronics,0,1
TXN107663,C1683,3671.13,4,0,0,1,2806.01,cash_withdrawal,2,1
TXN107664,C1522,4283.7,4,1,0,1,3411.45,cash_withdrawal,0,0
TXN107665,C1778,5322.5,2,0,0,2,3488.08,restaurant,1,1
TXN107666,C1525,1984.62,2,0,0,4,5509.48,online_services,0,1
TXN107667,C1168,7002.23,7,0,1,1,3091.58,jewelry,0,0
TXN107668,C1771,2161.12,13,0,0,5,1871.4,cash_withdrawal,0,0
TXN107669,C1640,2796.5,11,0,0,1,1348.38,electronics,0,0
TXN107670,C1847,5169.62,8,0,0,2,6291.44,restaurant,0,0
TXN107671,C1061,1948.58,13,0,0,3,2107.79,grocery,0,0
TXN107672,C1891,3717.76,10,0,1,4,4917.62,cash_withdrawal,0,0
TXN107673,C1404,7074.0,0,0,1,2,5267.91,electronics,3,1
TXN107674,C1687,4901.95,23,0,0,1,3781.14,travel,1,0
TXN107675,C1400,27461.89,14,0,0,2,16852.2,online_services,0,0
TXN107676,C1856,3439.64,7,0,0,1,2312.75,jewelry,0,0
TXN107677,C1929,1205.38,4,1,0,2,1516.28,restaurant,0,0
TXN107678,C1629,6932.81,16,0,1,3,7840.83,restaurant,0,1
TXN107679,C1661,398.96,20,0,1,1,668.71,electronics,0,0
TXN107680,C1247,8016.97,19,0,0,7,7182.7,online_services,1,0
TXN107681,C1294,10407.57,15,0,0,2,9407.77,cash_withdrawal,0,0
TXN107682,C1076,5704.68,13,0,0,1,5691.9,online_services,0,0
TXN107683,C1031,7051.15,13,0,0,3,6421.05,grocery,0,0
TXN107684,C1575,5029.75,2,0,0,1,3489.49,jewelry,3,0
TXN107685,C1913,2223.51,4,0,0,1,2692.23,cash_withdrawal,0,0
TXN107686,C1656,4728.95,1,0,0,5,4472.25,travel,0,0
TXN107687,C1284,3549.63,12,0,0,2,2135.38,travel,0,0
TXN107688,C1475,15275.51,20,0,0,1,4887.16,cash_withdrawal,0,1
TXN107689,C1939,3896.13,10,0,0,2,3007.9,travel,0,0
TXN107690,C1856,527.37,17,0,0,5,763.1,online_services,0,1
TXN107691,C1334,3925.36,9,1,0,1,5267.9,cash_withdrawal,0,0
TXN107692,C1971,9186.0,15,0,0,2,3390.72,online_services,0,0
TXN107693,C1499,893.37,12,0,0,1,4043.84,cash_withdrawal,2,0
TXN107694,C1892,6302.38,22,0,0,1,3356.35,online_services,0,0
TXN107695,C1711,1879.68,17,0,0,2,3203.87,jewelry,2,0
TXN107696,C1619,2692.29,19,1,0,2,1835.67,jewelry,0,0
TXN107697,C1804,6725.96,18,0,0,4,10526.38,electronics,1,0
TXN107698,C1480,6468.53,10,0,0,3,3969.53,grocery,1,0
TXN107699,C1708,2965.9,15,0,0,1,3853.23,travel,0,0
TXN107700,C1545,2204.86,16,0,1,1,2272.46,online_services,0,1
TXN107701,C1646,5904.99,2,0,0,3,3931.06,travel,0,1
TXN107702,C1644,2440.56,8,0,1,1,2157.84,travel,0,0
TXN107703,C1895,2830.36,9,0,0,5,2720.69,online_services,1,0
TXN107704,C1525,1738.29,7,0,0,2,1787.83,travel,0,0
TXN107705,C1949,9309.34,10,0,0,4,9576.12,electronics,0,0
TXN107706,C1579,1684.46,6,0,0,1,1284.73,travel,0,0
TXN107707,C1995,843.62,9,0,1,4,1740.23,electronics,0,0
TXN107708,C1845,2334.51,10,0,0,1,2279.07,online_services,1,0
TXN107709,C1692,1960.12,13,0,0,1,1392.23,travel,0,0
TXN107710,C1270,813.62,19,0,0,2,1049.63,restaurant,0,0
TXN107711,C1685,4728.49,21,0,1,3,4465.49,electronics,0,0
TXN107712,C1786,1723.58,19,0,0,5,2266.76,cash_withdrawal,0,1
TXN107713,C1142,3645.24,22,0,0,2,5287.79,travel,0,0
TXN107714,C1194,3649.45,21,0,0,2,1928.72,jewelry,0,0
TXN107715,C1370,3025.22,22,0,0,3,3807.28,online_services,0,0
TXN107716,C1566,3423.88,10,0,1,3,1681.21,electronics,2,1
TXN107717,C1817,8535.03,14,0,0,1,5072.33,online_services,0,0
TXN107718,C1532,5264.39,5,0,0,3,3554.23,grocery,1,0
TXN107719,C1741,1635.03,23,0,0,3,1529.84,travel,0,0
TXN107720,C1653,2605.59,7,0,0,2,2118.32,electronics,0,0
TXN107721,C1612,538.39,20,0,0,4,549.31,cash_withdrawal,1,0
TXN107722,C1345,8310.49,5,1,0,1,5715.19,jewelry,0,0
TXN107723,C1829,3667.25,15,0,0,2,4857.87,travel,0,0
TXN107724,C1251,5145.11,12,0,0,1,3126.7,restaurant,1,0
TXN107725,C1734,20284.77,8,0,1,3,15004.26,online_services,0,1
TXN107726,C1470,4992.82,17,0,0,2,3963.9,travel,1,0
TXN107727,C1149,1591.2,8,0,0,1,2836.81,online_services,0,0
TXN107728,C1073,7401.49,8,0,0,1,7754.41,grocery,0,0
TXN107729,C1989,1748.08,12,0,0,1,1756.73,cash_withdrawal,0,0
TXN107730,C1563,5131.71,12,1,0,2,9888.45,grocery,0,0
TXN107731,C1068,1653.18,6,0,0,3,1300.23,cash_withdrawal,0,0
TXN107732,C1956,1450.6,8,0,0,1,2808.14,restaurant,0,0
TXN107733,C1465,3595.03,17,0,0,1,2730.1,online_services,0,0
TXN107734,C1840,1499.0,8,0,0,2,2879.37,online_services,1,0
TXN107735,C1581,658.82,13,0,0,1,535.69,electronics,0,0
TXN107736,C1272,1948.33,1,0,0,3,1256.94,restaurant,0,0
TXN107737,C1643,571.88,15,0,0,1,1501.68,online_services,0,0
TXN107738,C1110,10816.35,15,0,0,4,12460.89,restaurant,0,0
TXN107739,C1396,7698.67,10,0,0,3,5469.71,grocery,0,0
TXN107740,C1143,2809.52,5,0,0,4,2396.06,grocery,0,0
TXN107741,C1370,2775.79,1,0,1,3,2768.91,grocery,0,0
TXN107742,C1867,3712.2,2,0,0,3,2835.31,travel,0,0
TXN107743,C1110,2062.95,17,0,0,1,3160.55,online_services,2,0
TXN107744,C1274,6750.85,4,0,0,3,6776.31,cash_withdrawal,0,1
TXN107745,C1098,4495.82,23,0,0,2,7483.49,jewelry,0,0
TXN107746,C1433,3252.58,6,0,0,1,3836.09,grocery,0,0
TXN107747,C1912,2320.91,21,0,0,2,1381.95,online_services,0,0
TXN107748,C1061,1394.96,0,0,0,2,1253.04,grocery,1,1
TXN107749,C1345,3511.4,19,0,0,5,5012.89,jewelry,0,0
TXN107750,C1283,784.73,9,0,0,6,588.81,restaurant,0,0
TXN107751,C1246,3295.78,7,0,0,2,3062.44,electronics,0,0
TXN107752,C1633,1247.92,19,0,0,2,2169.42,online_services,0,0
TXN107753,C1769,3934.27,8,0,0,1,2704.61,online_services,1,0
TXN107754,C1362,4481.6,7,0,0,1,4576.51,electronics,0,0
TXN107755,C1023,5584.27,17,0,0,1,3772.92,online_services,0,0
TXN107756,C1324,1484.22,7,1,0,2,2352.62,electronics,1,0
TXN107757,C1825,2027.14,12,0,0,3,2350.49,electronics,0,0
TXN107758,C1554,3519.48,19,0,0,2,2250.69,grocery,1,0
TXN107759,C1977,1453.59,5,0,0,2,2006.33,grocery,1,0
TXN107760,C1584,6155.01,23,0,0,3,3438.77,online_services,1,0
TXN107761,C1997,2950.72,8,0,0,1,2203.46,cash_withdrawal,2,0
TXN107762,C1497,9647.01,3,0,0,4,6307.63,grocery,0,0
TXN107763,C1252,843.01,13,1,0,2,1859.91,electronics,0,0
TXN107764,C1247,2255.52,14,0,0,1,1251.38,online_services,2,0
TXN107765,C1169,4288.22,5,0,0,1,3351.34,electronics,0,0
TXN107766,C1286,8991.07,3,0,0,2,4734.49,grocery,0,1
TXN107767,C1244,6811.12,21,0,0,1,4472.2,travel,2,0
TXN107768,C1445,5152.29,18,0,0,2,2225.59,cash_withdrawal,0,0
TXN107769,C1614,17477.73,12,0,0,2,18474.46,restaurant,0,0
TXN107770,C1218,1367.17,7,0,0,3,1686.62,grocery,0,0
TXN107771,C1867,1679.98,2,0,0,2,2035.58,restaurant,1,0
TXN107772,C1729,2378.06,14,0,0,1,1850.3,restaurant,0,0
TXN107773,C1153,1464.62,23,0,0,2,886.54,restaurant,0,0
TXN107774,C1871,7005.46,19,0,1,2,4336.23,cash_withdrawal,0,0
TXN107775,C1389,986.07,0,0,0,3,1297.26,online_services,0,1
TXN107776,C1783,3668.2,8,1,1,4,2906.05,electronics,0,1
TXN107777,C1902,5028.53,21,0,0,5,3763.09,restaurant,0,0
TXN107778,C1447,3180.64,16,0,0,1,5468.54,travel,1,0
TXN107779,C1329,3228.88,0,0,0,4,6158.03,restaurant,2,1
TXN107780,C1519,2612.39,19,0,0,1,2673.96,restaurant,0,0
TXN107781,C1858,6131.95,14,0,0,4,4591.14,online_services,1,1
TXN107782,C1210,6496.91,11,0,0,1,4657.2,electronics,0,0
TXN107783,C1720,3791.8,2,1,0,1,2781.93,online_services,0,0
TXN107784,C1857,1721.87,22,0,0,2,1267.9,jewelry,1,0
TXN107785,C1386,1161.06,5,0,0,1,1512.71,cash_withdrawal,0,0
TXN107786,C1413,5084.91,6,0,0,4,4999.04,electronics,0,0
TXN107787,C1321,2821.54,11,0,0,5,1918.42,restaurant,0,0
TXN107788,C1280,6482.35,7,0,0,1,9154.34,jewelry,0,0
TXN107789,C1297,9362.07,7,1,0,2,3709.62,restaurant,0,0
TXN107790,C1614,2633.85,15,0,0,1,3753.22,grocery,0,0
TXN107791,C1702,4871.52,18,0,1,2,3267.83,electronics,0,0
TXN107792,C1660,2628.36,22,0,0,1,2365.04,grocery,2,0
TXN107793,C1463,1138.68,22,0,0,1,1702.64,cash_withdrawal,0,0
TXN107794,C1022,3210.81,12,0,0,4,4209.47,online_services,1,0
TXN107795,C1353,338.1,11,0,0,2,592.69,restaurant,0,0
TXN107796,C1020,3299.49,15,0,0,1,3563.17,restaurant,1,0
TXN107797,C1741,1208.21,14,1,0,1,1721.66,restaurant,2,0
TXN107798,C1091,1207.28,13,0,0,3,1377.13,travel,0,0
TXN107799,C1356,1880.24,7,0,0,5,1988.48,travel,0,0
TXN107800,C1375,8089.67,8,0,0,2,9855.29,restaurant,0,0
TXN107801,C1161,20601.78,5,0,1,3,17088.31,electronics,0,1
TXN107802,C1874,11835.05,18,0,0,3,12280.06,jewelry,0,0
TXN107803,C1529,2151.74,19,0,0,2,3679.81,online_services,0,0
TXN107804,C1829,2016.01,6,0,0,1,2427.88,cash_withdrawal,0,0
TXN107805,C1037,526.42,12,0,0,1,724.63,travel,0,0
TXN107806,C1049,7519.54,7,0,0,1,4140.08,grocery,0,0
TXN107807,C1724,4139.38,5,0,0,6,3337.32,grocery,0,0
TXN107808,C1630,1801.07,22,1,0,1,1254.89,online_services,0,1
TXN107809,C1051,2839.11,8,1,0,1,5750.88,grocery,0,0
TXN107810,C1537,1801.88,8,0,0,2,2759.04,restaurant,0,0
TXN107811,C1152,217.36,9,0,0,1,406.53,electronics,0,0
TXN107812,C1879,1698.97,13,0,0,1,1992.27,travel,0,0
TXN107813,C1891,4216.2,5,1,0,4,2698.26,electronics,0,0
TXN107814,C1419,1746.92,9,0,0,2,1279.44,electronics,1,0
TXN107815,C1533,2978.15,2,0,0,1,2566.91,electronics,0,1
TXN107816,C1892,4194.75,2,0,0,2,3552.81,online_services,0,0
TXN107817,C1053,2754.88,18,0,0,2,3767.88,jewelry,0,0
TXN107818,C1801,621.15,23,0,0,1,1615.59,electronics,0,0
TXN107819,C1295,2449.4,17,0,0,3,4214.97,restaurant,3,0
TXN107820,C1964,1188.4,13,0,0,1,1686.11,electronics,0,0
TXN107821,C1241,6995.08,0,0,0,3,9514.73,cash_withdrawal,0,0
TXN107822,C1984,2739.01,6,0,0,2,1870.16,online_services,1,0
TXN107823,C1729,3379.44,2,0,0,1,3412.72,grocery,0,0
TXN107824,C1791,4136.94,3,0,0,3,2414.74,travel,0,0
TXN107825,C1836,3509.18,5,0,0,1,1369.57,online_services,0,0
TXN107826,C1127,1372.0,14,1,0,1,3400.9,online_services,0,0
TXN107827,C1779,1687.6,11,0,0,1,2851.26,jewelry,0,0
TXN107828,C1183,13213.0,4,0,0,2,8573.03,online_services,0,0
TXN107829,C1954,1688.44,5,0,0,2,2124.27,electronics,0,0
TXN107830,C1805,2983.87,0,0,0,2,3620.55,travel,1,0
TXN107831,C1875,6683.2,5,0,1,1,4350.52,cash_withdrawal,0,0
TXN107832,C1278,11827.23,16,0,0,1,8092.75,cash_withdrawal,0,0
TXN107833,C1021,5401.01,16,0,0,1,7815.2,online_services,0,0
TXN107834,C1916,6207.63,1,0,0,2,4924.54,restaurant,0,0
TXN107835,C1138,35851.17,5,0,0,2,10653.75,grocery,0,0
TXN107836,C1480,729.18,4,0,0,2,1210.96,cash_withdrawal,0,1
TXN107837,C1135,4813.96,7,0,0,3,6471.39,cash_withdrawal,0,0
TXN107838,C1623,10422.61,11,0,1,3,5135.17,online_services,0,1
TXN107839,C1801,1995.31,8,0,0,4,4870.83,restaurant,0,0
TXN107840,C1251,1351.83,14,0,0,3,1967.44,electronics,0,1
TXN107841,C1727,6082.2,3,0,0,3,6347.82,jewelry,0,0
TXN107842,C1254,2181.34,5,0,0,5,2533.92,jewelry,0,0
TXN107843,C1620,300.5,1,0,0,1,827.24,grocery,0,1
TXN107844,C1386,901.2,4,0,0,1,938.28,grocery,0,0
TXN107845,C1294,1399.64,14,0,0,2,1180.89,online_services,2,1
TXN107846,C1818,4647.68,15,0,0,1,6376.91,jewelry,0,0
TXN107847,C1772,2284.6,12,0,0,2,3506.15,online_services,1,0
TXN107848,C1554,2090.23,23,0,0,1,3678.35,restaurant,0,0
TXN107849,C1910,9232.49,16,0,0,2,6469.47,restaurant,0,0
TXN107850,C1985,1403.3,20,0,0,4,1224.56,online_services,0,0
TXN107851,C1362,3134.85,19,0,0,1,3207.91,online_services,0,0
TXN107852,C1735,1798.96,23,0,0,3,2464.62,restaurant,0,0
TXN107853,C1769,5040.2,8,0,0,4,4805.95,online_services,0,1
TXN107854,C1959,1288.24,13,0,0,1,1985.0,electronics,0,0
TXN107855,C1515,952.73,15,0,0,1,825.73,electronics,2,0
TXN107856,C1824,805.47,1,0,0,4,2159.21,electronics,0,0
TXN107857,C1075,587.77,19,0,0,1,1149.12,travel,0,0
TXN107858,C1862,4765.05,9,1,0,5,3477.24,grocery,0,1
TXN107859,C1618,8217.61,13,1,0,4,7976.93,restaurant,0,0
TXN107860,C1384,3499.41,9,0,1,1,3217.17,travel,0,0
TXN107861,C1024,940.76,10,0,0,1,978.72,restaurant,2,0
TXN107862,C1203,2070.53,0,0,0,3,1561.84,electronics,2,0
TXN107863,C1445,3809.88,20,0,0,2,4584.31,cash_withdrawal,0,0
TXN107864,C1150,4657.43,14,0,0,4,4151.58,cash_withdrawal,0,0
TXN107865,C1604,4489.09,23,0,0,2,4048.6,electronics,0,0
TXN107866,C1664,2934.63,9,0,0,4,3201.18,restaurant,0,1
TXN107867,C1250,12776.64,4,1,0,1,11017.85,grocery,2,1
TXN107868,C1922,1975.69,7,0,0,1,3528.91,restaurant,0,0
TXN107869,C1258,3368.03,15,0,0,4,3640.97,restaurant,2,0
TXN107870,C1477,12356.54,22,0,0,2,7270.1,restaurant,2,0
TXN107871,C1380,574.9,6,1,1,3,856.98,restaurant,0,0
TXN107872,C1133,656.06,13,0,1,1,489.38,grocery,0,0
TXN107873,C1251,1536.06,4,1,0,3,2460.26,jewelry,0,1
TXN107874,C1944,1468.04,3,0,0,2,2818.22,travel,1,1
TXN107875,C1383,1874.3,1,0,0,1,2623.38,travel,0,0
TXN107876,C1476,3016.17,12,0,0,2,1727.69,jewelry,0,0
TXN107877,C1893,26081.87,13,0,0,3,8569.89,grocery,0,0
TXN107878,C1612,1128.43,9,0,0,1,2320.2,travel,0,0
TXN107879,C1840,5943.82,16,0,0,3,6123.86,online_services,0,0
TXN107880,C1488,2898.23,1,0,0,2,3456.76,cash_withdrawal,0,0
TXN107881,C1867,1888.07,15,0,0,1,1466.75,grocery,0,0
TXN107882,C1360,4955.25,10,1,0,4,3654.91,electronics,0,0
TXN107883,C1317,525.07,16,0,0,4,430.17,electronics,0,0
TXN107884,C1011,1682.47,3,0,0,1,1822.07,electronics,0,0
TXN107885,C1762,4618.34,22,0,0,4,2156.49,online_services,0,0
TXN107886,C1276,5473.01,1,1,0,1,4802.02,grocery,1,1
TXN107887,C1521,3837.41,6,0,0,3,5081.38,jewelry,0,0
TXN107888,C1533,1868.83,11,0,0,2,3225.41,grocery,0,0
TXN107889,C1459,1623.67,12,0,0,1,2969.49,travel,0,0
TXN107890,C1817,1824.16,19,0,0,4,3087.18,restaurant,0,0
TXN107891,C1355,2451.6,19,0,0,5,3773.58,travel,0,0
TXN107892,C1291,912.03,11,0,0,4,1167.49,grocery,0,0
TXN107893,C1820,2042.08,16,1,0,4,1973.69,online_services,0,0
TXN107894,C1126,4590.48,14,0,0,1,6739.95,cash_withdrawal,0,0
TXN107895,C1499,14742.62,13,0,0,1,8731.25,cash_withdrawal,0,0
TXN107896,C1526,3398.98,1,0,0,1,2195.29,jewelry,0,1
TXN107897,C1798,4473.26,17,1,1,2,6135.46,jewelry,1,0
TXN107898,C1766,1809.85,18,0,0,1,2382.77,online_services,0,0
TXN107899,C1068,4580.33,4,0,0,2,2148.43,cash_withdrawal,1,0
TXN107900,C1386,4400.37,10,0,0,1,5421.76,jewelry,0,0
TXN107901,C1731,4528.82,14,1,0,2,2467.01,jewelry,1,0
TXN107902,C1739,1905.5,20,0,0,1,1359.07,travel,0,1
TXN107903,C1147,1583.56,4,0,0,2,1956.28,cash_withdrawal,0,0
TXN107904,C1936,7580.3,6,0,0,1,5508.92,grocery,1,0
TXN107905,C1631,13256.83,12,0,0,2,5235.1,travel,0,0
TXN107906,C1403,5642.87,7,0,0,1,2890.32,grocery,0,0
TXN107907,C1045,3772.52,9,0,1,1,5509.87,grocery,0,0
TXN107908,C1976,2660.39,4,0,0,2,3642.51,electronics,0,0
TXN107909,C1428,1513.99,18,0,0,4,2461.98,electronics,1,0
TXN107910,C1427,3687.74,4,0,0,2,2317.89,restaurant,0,1
TXN107911,C1560,351.46,18,0,0,1,599.57,travel,0,0
TXN107912,C1938,11909.04,6,0,0,1,10528.54,grocery,0,0
TXN107913,C1067,13977.78,5,0,0,2,10072.94,cash_withdrawal,0,0
TXN107914,C1038,7116.83,8,0,0,1,3456.48,jewelry,0,0
TXN107915,C1494,1175.28,2,0,0,1,2464.26,electronics,0,0
TXN107916,C1479,5511.11,5,0,0,1,4595.48,jewelry,0,0
TXN107917,C1505,1104.51,3,0,0,4,1378.23,grocery,1,1
TXN107918,C1685,1829.95,14,0,0,2,1004.71,cash_withdrawal,0,0
TXN107919,C1920,3083.02,10,0,0,1,3982.36,online_services,0,0
TXN107920,C1745,10619.42,11,1,0,3,3777.02,cash_withdrawal,0,0
TXN107921,C1480,14314.78,8,0,0,1,10746.73,online_services,0,0
TXN107922,C1571,24119.18,17,0,0,4,16350.61,cash_withdrawal,0,0
TXN107923,C1759,4837.63,10,0,0,3,2442.86,jewelry,0,0
TXN107924,C1680,482.02,10,0,0,1,414.76,online_services,0,0
TXN107925,C1159,1446.72,21,1,0,2,1958.54,jewelry,0,0
TXN107926,C1855,2204.63,22,0,0,2,4417.71,online_services,0,0
TXN107927,C1532,2673.42,21,0,0,1,2632.8,travel,0,0
TXN107928,C1825,5330.13,19,0,0,3,7720.09,cash_withdrawal,0,0
TXN107929,C1918,3452.42,7,0,0,3,3494.38,electronics,1,0
TXN107930,C1834,1206.55,0,0,0,4,1513.61,restaurant,0,0
TXN107931,C1494,7459.53,8,0,0,1,4325.74,travel,0,0
TXN107932,C1962,2606.64,16,0,0,1,3351.87,travel,0,0
TXN107933,C1510,2270.32,23,0,0,2,2082.34,restaurant,0,0
TXN107934,C1052,2887.96,18,1,0,7,5267.27,travel,3,1
TXN107935,C1820,3596.9,8,0,0,2,2814.12,grocery,3,0
TXN107936,C1843,3880.83,4,0,0,4,3767.3,online_services,0,1
TXN107937,C1228,641.87,7,0,0,1,1079.97,electronics,0,0
TXN107938,C1475,3976.0,4,0,0,1,2561.96,grocery,0,0
TXN107939,C1714,3654.78,17,0,0,1,5305.67,online_services,3,1
TXN107940,C1371,1714.41,13,0,0,2,1789.17,jewelry,0,0
TXN107941,C1409,9655.44,13,0,0,2,9645.22,online_services,0,0
TXN107942,C1339,2907.16,9,0,1,1,1685.9,grocery,3,0
TXN107943,C1248,5530.17,5,1,0,2,3352.22,online_services,1,0
TXN107944,C1492,4570.61,21,0,0,1,2160.78,grocery,0,0
TXN107945,C1793,2792.88,10,0,0,2,5184.64,grocery,1,0
TXN107946,C1446,1417.55,12,0,0,1,1560.27,cash_withdrawal,0,0
TXN107947,C1442,10749.98,4,0,0,4,7039.29,restaurant,0,1
TXN107948,C1484,2031.76,0,0,1,2,3551.21,travel,1,1
TXN107949,C1960,2487.87,11,1,0,1,3390.29,grocery,0,0
TXN107950,C1315,9283.28,7,0,0,2,4163.42,restaurant,1,0
TXN107951,C1900,6722.86,15,0,1,4,3666.36,restaurant,1,0
TXN107952,C1602,1682.01,6,0,0,2,2056.54,restaurant,0,0
TXN107953,C1440,9265.03,7,0,0,3,11095.75,travel,2,0
TXN107954,C1249,4923.91,19,0,0,1,3701.41,cash_withdrawal,0,0
TXN107955,C1168,6423.8,10,0,0,2,5091.82,electronics,0,0
TXN107956,C1612,720.57,10,0,0,1,1877.52,online_services,0,0
TXN107957,C1385,689.9,2,1,0,3,1244.97,grocery,0,0
TXN107958,C1084,5474.16,2,0,0,3,2452.63,cash_withdrawal,1,0
TXN107959,C1755,5272.56,0,0,0,3,6152.51,electronics,0,0
TXN107960,C1553,7272.32,13,0,0,1,2834.24,restaurant,0,0
TXN107961,C1918,728.28,2,0,1,1,1236.61,cash_withdrawal,0,0
TXN107962,C1827,3336.19,22,0,0,1,2837.72,jewelry,0,0
TXN107963,C1155,9103.23,1,0,0,1,6321.85,grocery,1,0
TXN107964,C1482,2803.15,5,0,0,2,4025.76,grocery,0,0
TXN107965,C1136,6710.24,9,0,0,1,9499.32,cash_withdrawal,0,0
TXN107966,C1375,2801.23,21,0,0,5,2877.62,jewelry,0,1
TXN107967,C1940,1670.57,22,0,0,2,1990.48,travel,0,0
TXN107968,C1682,3890.86,18,0,0,2,3442.72,grocery,0,0
TXN107969,C1041,1627.78,5,0,0,3,1974.79,travel,0,1
TXN107970,C1338,12397.58,3,0,0,1,8375.34,grocery,1,0
TXN107971,C1596,7803.4,2,0,0,2,3946.91,grocery,0,0
TXN107972,C1629,1022.75,0,0,0,5,889.48,cash_withdrawal,0,1
TXN107973,C1944,3909.69,6,0,0,4,2199.92,cash_withdrawal,0,0
TXN107974,C1174,10636.44,12,0,0,5,8897.75,cash_withdrawal,0,0
TXN107975,C1502,2874.6,3,0,0,2,1464.07,travel,1,0
TXN107976,C1607,2376.49,9,0,0,1,1658.64,online_services,1,0
TXN107977,C1856,6606.88,16,0,0,3,3534.44,grocery,1,0
TXN107978,C1851,1726.09,19,0,0,1,1167.12,travel,0,0
TXN107979,C1141,2045.3,2,0,0,1,2295.79,restaurant,0,0
TXN107980,C1620,3625.07,8,0,0,3,3633.48,electronics,0,0
TXN107981,C1658,5456.3,22,0,0,1,3196.55,online_services,1,0
TXN107982,C1098,3381.56,15,0,0,2,4323.26,online_services,2,0
TXN107983,C1229,10392.51,22,1,0,1,11111.69,travel,0,0
TXN107984,C1032,4385.3,12,0,0,4,4062.45,cash_withdrawal,0,1
TXN107985,C1346,2811.57,21,0,0,7,3226.76,electronics,0,0
TXN107986,C1711,14628.6,15,0,0,2,4649.33,cash_withdrawal,1,1
TXN107987,C1463,2257.39,11,0,0,1,1396.99,online_services,0,0
TXN107988,C1313,10933.95,9,0,0,3,11567.04,jewelry,0,0
TXN107989,C1722,4235.41,12,0,0,1,2144.94,restaurant,1,0
TXN107990,C1826,2339.43,7,0,0,1,2809.28,cash_withdrawal,1,0
TXN107991,C1867,1471.63,9,0,0,3,1381.15,jewelry,0,0
TXN107992,C1334,3510.09,6,0,0,1,2616.64,electronics,1,0
TXN107993,C1472,622.96,4,0,0,1,1505.06,jewelry,0,1
TXN107994,C1158,5277.52,1,0,0,3,3303.55,grocery,0,1
TXN107995,C1060,3000.87,18,0,0,1,3704.62,grocery,0,0
TXN107996,C1151,4507.57,3,0,1,1,2664.32,restaurant,0,0
TXN107997,C1129,3223.74,4,0,0,5,5594.09,jewelry,0,1
TXN107998,C1075,3063.02,9,0,0,3,1744.72,cash_withdrawal,0,1
TXN107999,C1340,1318.99,22,0,0,3,1784.37,travel,0,0
TXN108000,C1593,2162.38,7,0,0,1,3502.32,jewelry,0,0
TXN108001,C1493,2094.98,13,0,0,1,2871.35,restaurant,0,0
TXN108002,C1125,1273.4,20,0,0,2,1757.02,jewelry,0,0
TXN108003,C1965,3936.18,21,0,0,2,3771.49,online_services,0,0
TXN108004,C1746,6723.49,18,0,0,2,7841.2,travel,0,0
TXN108005,C1959,3245.1,22,0,0,1,2256.45,electronics,0,1
TXN108006,C1917,3288.78,15,0,0,2,2516.27,jewelry,0,0
TXN108007,C1034,4953.88,11,0,0,2,5251.06,electronics,0,0
TXN108008,C1400,4966.38,6,0,0,2,4091.02,travel,0,0
TXN108009,C1067,1227.93,1,0,0,1,2392.09,grocery,0,0
TXN108010,C1861,3860.78,8,0,1,1,4843.98,restaurant,0,0
TXN108011,C1191,4225.17,15,0,0,1,5041.17,restaurant,0,0
TXN108012,C1674,6565.11,12,0,0,2,3964.98,cash_withdrawal,0,0
TXN108013,C1726,2369.34,10,0,0,5,2361.97,restaurant,0,0
TXN108014,C1136,2402.25,10,0,0,1,2511.27,jewelry,2,1
TXN108015,C1989,4311.96,22,0,0,2,3647.6,restaurant,0,0
TXN108016,C1674,1044.22,10,0,0,3,1107.01,cash_withdrawal,0,1
TXN108017,C1580,6632.26,22,0,0,1,4754.26,electronics,1,0
TXN108018,C1007,2283.64,5,0,0,4,2558.4,travel,0,0
TXN108019,C1425,2779.94,2,0,0,2,3559.37,restaurant,0,0
TXN108020,C1896,3003.35,10,0,0,1,1301.39,electronics,0,0
TXN108021,C1043,1627.64,4,1,0,1,2251.67,electronics,0,0
TXN108022,C1525,3236.39,19,0,0,2,2910.58,restaurant,1,0
TXN108023,C1980,10144.71,8,1,0,3,2611.09,electronics,0,0
TXN108024,C1738,2770.75,5,0,0,3,2251.66,restaurant,0,0
TXN108025,C1039,3827.72,0,0,0,2,3132.69,jewelry,0,0
TXN108026,C1369,6785.16,22,0,1,4,3806.11,travel,0,0
TXN108027,C1819,1664.07,19,1,0,4,1623.0,travel,0,0
TXN108028,C1345,3915.86,0,0,0,1,4164.26,grocery,0,0
TXN108029,C1494,6972.66,16,0,0,3,4862.27,electronics,0,0
TXN108030,C1216,15352.4,4,0,0,2,10611.82,travel,1,0
TXN108031,C1696,3358.93,21,0,0,1,4114.41,cash_withdrawal,0,0
TXN108032,C1754,1245.5,23,0,0,3,3094.72,online_services,0,0
TXN108033,C1280,973.14,16,0,0,1,2164.07,restaurant,0,0
TXN108034,C1910,884.11,16,0,0,5,990.06,online_services,0,0
TXN108035,C1627,1159.33,19,0,0,1,1309.55,electronics,1,0
TXN108036,C1445,2714.25,23,0,0,3,2594.89,cash_withdrawal,0,0
TXN108037,C1040,4343.79,14,0,0,4,4324.89,jewelry,0,0
TXN108038,C1605,2960.31,17,0,0,4,5917.25,travel,0,0
TXN108039,C1551,3515.34,14,0,0,1,2450.09,grocery,0,0
TXN108040,C1291,2580.55,10,0,0,1,2023.31,grocery,0,0
TXN108041,C1417,791.35,18,0,0,1,1124.79,jewelry,0,0
TXN108042,C1988,2042.15,2,1,0,1,1712.81,restaurant,0,1
TXN108043,C1849,2808.91,13,0,0,5,3398.28,restaurant,1,0
TXN108044,C1936,1764.03,19,0,0,1,1737.78,online_services,0,0
TXN108045,C1236,12357.87,10,0,0,3,7198.45,cash_withdrawal,0,0
TXN108046,C1605,5522.12,7,0,0,2,4031.21,restaurant,1,0
TXN108047,C1271,1281.53,9,0,0,1,1962.99,jewelry,0,0
TXN108048,C1872,1199.27,1,0,0,2,1859.63,cash_withdrawal,0,0
TXN108049,C1234,443.32,21,0,0,1,1029.05,online_services,0,0
TXN108050,C1260,3297.32,12,0,0,1,2778.67,travel,0,0
TXN108051,C1004,706.3,16,0,0,3,964.35,electronics,0,0
TXN108052,C1041,7975.92,7,0,0,1,7841.56,cash_withdrawal,0,0
TXN108053,C1460,10780.02,7,0,0,2,4654.07,restaurant,1,0
TXN108054,C1002,1535.08,13,0,0,1,1267.8,grocery,0,0
TXN108055,C1981,4465.79,2,0,1,3,4683.08,cash_withdrawal,0,0
TXN108056,C1822,10343.11,8,0,0,1,4563.05,online_services,0,0
TXN108057,C1833,1983.87,17,0,0,3,2269.26,restaurant,3,0
TXN108058,C1016,3657.78,16,0,0,2,3048.23,cash_withdrawal,1,0
TXN108059,C1975,4844.59,23,0,0,1,5643.32,cash_withdrawal,0,0
TXN108060,C1785,10330.34,20,0,0,1,5826.2,cash_withdrawal,0,0
TXN108061,C1313,3879.42,19,0,0,1,2601.83,jewelry,0,0
TXN108062,C1052,360.2,15,1,0,5,638.18,online_services,0,0
TXN108063,C1218,737.88,17,0,0,2,1365.62,jewelry,0,0
TXN108064,C1565,1598.94,9,0,0,2,1959.97,cash_withdrawal,0,0
TXN108065,C1118,2219.84,7,0,0,4,3961.12,restaurant,0,0
TXN108066,C1574,3330.67,23,1,0,3,3978.77,travel,1,1
TXN108067,C1181,10428.03,17,0,0,3,9814.21,jewelry,0,0
TXN108068,C1205,3124.51,0,0,0,1,1569.35,jewelry,0,0
TXN108069,C1439,1838.33,2,0,0,2,2247.96,travel,3,1
TXN108070,C1662,14455.88,7,0,0,5,10082.76,restaurant,0,0
TXN108071,C1021,3356.58,3,0,0,3,4212.38,electronics,0,1
TXN108072,C1953,8784.07,23,0,0,2,4649.92,jewelry,0,0
TXN108073,C1264,3953.15,5,0,0,3,4204.74,jewelry,0,0
TXN108074,C1299,4208.87,21,0,1,2,2654.02,travel,0,0
TXN108075,C1425,1508.01,5,0,0,2,1467.46,restaurant,2,0
TXN108076,C1208,3450.87,23,0,0,2,2136.72,electronics,0,0
TXN108077,C1370,3930.36,3,0,0,1,4376.61,cash_withdrawal,2,0
TXN108078,C1954,7004.99,9,0,0,2,9990.7,travel,0,0
TXN108079,C1555,2270.41,22,0,1,1,3008.02,online_services,0,0
TXN108080,C1654,2212.97,2,0,0,1,1547.3,grocery,0,0
TXN108081,C1159,3577.51,3,0,1,1,7160.22,cash_withdrawal,0,1
TXN108082,C1959,5439.37,0,0,0,4,4784.42,electronics,0,0
TXN108083,C1067,10752.09,8,0,0,1,10859.85,electronics,1,0
TXN108084,C1116,10177.69,14,0,0,2,7856.14,travel,0,0
TXN108085,C1124,2021.67,16,0,0,3,2863.64,cash_withdrawal,0,0
TXN108086,C1855,2665.28,17,0,0,1,4487.32,restaurant,0,0
TXN108087,C1523,3180.97,3,0,0,2,3863.2,restaurant,1,0
TXN108088,C1684,5947.79,19,0,0,1,5579.21,travel,2,1
TXN108089,C1804,1508.04,2,0,0,1,1340.12,travel,0,0
TXN108090,C1807,1442.44,2,0,1,3,1902.98,travel,0,0
TXN108091,C1180,964.17,12,0,0,1,2024.45,cash_withdrawal,0,0
TXN108092,C1193,864.84,17,0,0,2,936.96,travel,0,0
TXN108093,C1742,1398.64,0,0,0,3,841.78,online_services,0,1
TXN108094,C1823,1671.47,2,0,0,1,1545.94,grocery,2,0
TXN108095,C1166,8967.72,4,0,0,1,5622.17,travel,0,1
TXN108096,C1164,6276.1,16,0,0,1,6978.23,cash_withdrawal,0,0
TXN108097,C1706,6533.86,17,0,0,2,4148.51,electronics,0,0
TXN108098,C1490,1067.53,20,0,0,3,1217.33,travel,0,0
TXN108099,C1030,12054.36,10,0,0,4,5061.42,cash_withdrawal,0,0
TXN108100,C1398,586.19,13,0,0,1,1595.16,grocery,0,0
TXN108101,C1826,7008.14,16,0,0,1,13720.37,cash_withdrawal,0,0
TXN108102,C1831,9609.15,12,0,0,3,5356.33,electronics,0,0
TXN108103,C1171,1896.09,6,0,0,2,1302.57,online_services,2,0
TXN108104,C1652,1517.95,15,1,0,1,1132.8,cash_withdrawal,0,0
TXN108105,C1600,4678.88,23,0,0,1,4371.32,jewelry,0,0
TXN108106,C1068,9468.16,23,0,0,1,7757.56,electronics,0,0
TXN108107,C1854,9136.6,21,0,0,2,8118.41,cash_withdrawal,0,0
TXN108108,C1506,10862.34,17,0,0,3,12838.75,cash_withdrawal,0,1
TXN108109,C1468,7647.97,12,0,0,3,6773.22,travel,2,1
TXN108110,C1657,8517.08,11,0,0,2,5757.1,electronics,1,0
TXN108111,C1921,639.19,1,0,0,1,1136.56,grocery,2,1
TXN108112,C1463,1984.55,6,0,0,5,3555.42,grocery,1,1
TXN108113,C1584,7820.51,11,1,0,1,6049.75,grocery,1,1
TXN108114,C1680,3697.14,11,0,0,4,3295.7,jewelry,2,1
TXN108115,C1346,5659.25,13,0,0,3,2840.19,jewelry,0,0
TXN108116,C1857,4272.51,0,0,0,2,7369.48,travel,0,0
TXN108117,C1882,767.34,14,0,0,3,693.21,grocery,0,0
TXN108118,C1137,5806.44,3,0,0,4,6116.11,online_services,1,0
TXN108119,C1533,1463.11,17,0,0,3,1854.61,cash_withdrawal,1,0
TXN108120,C1119,3221.75,18,0,0,1,2898.16,electronics,0,0
TXN108121,C1484,5912.15,15,0,0,3,6606.83,online_services,0,0
TXN108122,C1564,3769.32,23,0,0,1,6293.94,cash_withdrawal,0,0
TXN108123,C1348,1263.64,3,1,0,1,2168.88,online_services,0,1
TXN108124,C1830,1892.72,1,0,0,1,1546.81,cash_withdrawal,3,0
TXN108125,C1855,1098.29,20,0,1,1,1321.35,travel,0,0
TXN108126,C1251,1489.15,9,0,0,3,1008.64,online_services,0,0
TXN108127,C1841,5111.47,13,0,0,1,4220.0,travel,1,0
TXN108128,C1039,6669.02,3,0,1,2,4290.08,grocery,0,0
TXN108129,C1961,3395.18,9,0,1,1,3480.06,jewelry,0,0
TXN108130,C1987,2265.11,4,0,0,2,1646.11,jewelry,0,0
TXN108131,C1264,3392.64,12,0,0,2,3347.26,electronics,0,0
TXN108132,C1287,13303.78,10,0,0,1,10176.28,cash_withdrawal,1,0
TXN108133,C1421,10987.04,2,0,0,2,8971.54,online_services,0,0
TXN108134,C1372,2596.61,2,0,0,1,2023.27,restaurant,0,0
TXN108135,C1315,1262.51,23,1,0,3,730.23,travel,0,0
TXN108136,C1416,2903.64,0,0,0,2,4606.08,grocery,0,0
TXN108137,C1291,1821.11,10,0,0,2,2455.94,electronics,0,0
TXN108138,C1728,1293.6,2,0,0,3,1386.11,cash_withdrawal,0,1
TXN108139,C1140,2781.69,16,0,0,3,5380.16,online_services,0,0
TXN108140,C1613,5676.6,3,1,0,1,3132.88,travel,0,1
TXN108141,C1116,2733.44,3,1,0,2,3945.15,travel,0,0
TXN108142,C1786,7961.89,10,0,0,1,7999.54,travel,0,0
TXN108143,C1909,501.9,3,0,0,2,1808.47,electronics,2,0
TXN108144,C1590,698.54,6,0,0,1,1225.36,online_services,0,0
TXN108145,C1819,3125.18,2,0,0,1,2344.87,electronics,0,0
TXN108146,C1050,1559.81,8,0,0,3,1656.88,travel,0,0
TXN108147,C1861,5003.49,17,0,0,2,6812.74,cash_withdrawal,1,0
TXN108148,C1554,2643.29,2,0,0,3,4690.42,cash_withdrawal,0,0
TXN108149,C1729,3090.77,17,0,0,1,3317.31,online_services,2,1
TXN108150,C1891,3275.31,22,0,0,1,1898.47,online_services,1,0
TXN108151,C1304,4939.46,17,0,0,1,3412.35,jewelry,0,0
TXN108152,C1304,1103.8,3,0,0,1,1042.85,restaurant,3,0
TXN108153,C1770,2756.76,1,0,0,3,1917.72,travel,2,0
TXN108154,C1940,2164.75,13,0,0,4,1600.99,grocery,2,0
TXN108155,C1673,11721.69,10,0,0,4,5126.9,travel,0,0
TXN108156,C1758,2900.87,1,0,0,3,3947.07,electronics,1,1
TXN108157,C1070,1557.83,3,0,0,1,1495.05,online_services,0,0
TXN108158,C1004,3504.6,3,1,0,1,5230.01,restaurant,0,0
TXN108159,C1043,1802.06,15,0,0,2,1177.19,cash_withdrawal,0,0
TXN108160,C1369,1705.16,12,0,0,5,4804.48,online_services,0,0
TXN108161,C1109,696.55,8,0,0,3,843.35,electronics,0,0
TXN108162,C1605,8249.56,17,0,0,3,6047.37,cash_withdrawal,0,0
TXN108163,C1253,2498.09,2,0,0,1,4588.41,travel,0,0
TXN108164,C1172,4512.09,5,0,0,2,2765.87,jewelry,0,0
TXN108165,C1940,4587.43,18,0,0,1,4847.25,jewelry,0,0
TXN108166,C1887,5060.56,3,0,0,2,3711.3,jewelry,0,0
TXN108167,C1831,8062.46,0,0,0,1,5520.78,restaurant,0,0
TXN108168,C1223,612.15,23,0,0,1,890.01,jewelry,0,0
TXN108169,C1129,2216.76,5,0,0,3,3515.64,jewelry,2,0
TXN108170,C1980,2330.57,21,0,0,4,3103.73,online_services,0,0
TXN108171,C1244,4886.5,13,0,0,1,5057.81,grocery,1,0
TXN108172,C1697,1182.39,16,0,0,2,1909.56,travel,0,0
TXN108173,C1590,4372.49,23,0,0,2,3355.63,cash_withdrawal,0,0
TXN108174,C1862,1696.91,6,0,0,1,2088.24,restaurant,0,0
TXN108175,C1560,242.05,7,0,0,3,394.23,grocery,0,0
TXN108176,C1440,2384.96,6,0,0,2,1703.28,online_services,0,0
TXN108177,C1682,2473.99,12,0,0,1,1868.48,electronics,0,0
TXN108178,C1844,9601.81,16,0,0,1,7255.48,travel,0,0
TXN108179,C1352,1263.69,4,0,0,2,2662.29,restaurant,0,0
TXN108180,C1997,1906.12,18,0,0,1,2746.88,restaurant,0,0
TXN108181,C1932,1910.64,18,0,0,3,2327.81,travel,1,0
TXN108182,C1275,5236.83,7,0,0,2,3972.83,online_services,0,0
TXN108183,C1876,1351.73,3,0,0,1,2454.51,jewelry,1,1
TXN108184,C1430,1462.4,8,0,0,1,2235.06,jewelry,0,0
TXN108185,C1619,1989.17,15,0,0,3,1903.38,grocery,2,0
TXN108186,C1117,5176.74,12,0,0,1,3540.36,online_services,0,0
TXN108187,C1195,1335.95,23,0,0,2,1282.51,travel,0,0
TXN108188,C1707,965.34,4,0,0,1,1842.45,online_services,2,1
TXN108189,C1188,5518.05,20,0,0,2,6990.46,online_services,0,0
TXN108190,C1122,4153.26,21,0,0,3,4880.78,electronics,0,0
TXN108191,C1135,3311.55,22,0,0,3,3672.49,grocery,0,0
TXN108192,C1236,3726.9,7,0,0,4,2855.36,jewelry,0,0
TXN108193,C1047,2543.66,23,0,0,3,2164.69,grocery,0,0
TXN108194,C1700,1788.93,12,0,1,2,1943.19,electronics,0,0
TXN108195,C1988,2351.49,6,0,0,1,2445.47,travel,0,0
TXN108196,C1982,5147.14,3,0,0,2,4282.59,online_services,0,0
TXN108197,C1002,3100.6,20,0,0,6,3156.29,electronics,2,0
TXN108198,C1734,10146.1,3,0,0,2,5392.35,cash_withdrawal,0,0
TXN108199,C1712,3822.23,0,0,0,1,4548.43,restaurant,2,0
TXN108200,C1109,1987.07,10,0,1,3,3761.01,electronics,0,0
TXN108201,C1457,11830.81,4,0,0,2,4494.66,electronics,0,1
TXN108202,C1741,4951.46,20,0,0,1,5597.48,cash_withdrawal,1,0
TXN108203,C1126,12544.6,11,1,0,3,9641.21,travel,1,1
TXN108204,C1420,7963.42,12,0,0,2,3242.11,jewelry,0,0
TXN108205,C1531,2224.8,21,0,0,2,1335.84,travel,0,0
TXN108206,C1454,3904.04,21,0,0,1,1416.18,electronics,1,0
TXN108207,C1878,1672.0,20,1,0,4,3735.31,electronics,0,0
TXN108208,C1211,2963.73,12,0,0,1,1725.61,travel,0,0
TXN108209,C1192,4169.12,21,0,0,2,3368.07,cash_withdrawal,0,0
TXN108210,C1969,8734.12,21,1,0,1,8049.23,electronics,0,0
TXN108211,C1501,1166.96,15,0,1,1,2645.31,travel,2,0
TXN108212,C1447,928.11,1,0,0,4,1461.36,travel,0,0
TXN108213,C1003,1447.66,13,0,0,2,3920.26,restaurant,1,0
TXN108214,C1162,4879.78,1,0,0,3,6591.89,cash_withdrawal,0,1
TXN108215,C1910,3985.89,1,0,0,1,7297.1,jewelry,1,1
TXN108216,C1469,4971.81,16,0,0,5,3765.43,travel,0,1
TXN108217,C1208,2102.32,13,0,0,1,1803.73,grocery,0,0
TXN108218,C1902,3754.12,9,0,0,1,3187.13,electronics,0,0
TXN108219,C1290,899.55,8,1,0,2,1653.05,electronics,0,0
TXN108220,C1436,7122.26,0,0,0,2,5970.52,restaurant,0,0
TXN108221,C1804,601.43,16,0,0,3,572.21,grocery,0,0
TXN108222,C1600,7581.45,14,0,0,4,5677.58,travel,0,1
TXN108223,C1310,5958.54,20,0,0,2,3640.98,electronics,0,0
TXN108224,C1460,2646.39,6,0,0,3,2710.06,jewelry,0,0
TXN108225,C1884,4689.96,8,0,0,1,4716.68,cash_withdrawal,0,0
TXN108226,C1488,1737.93,12,0,0,1,2347.17,travel,0,0
TXN108227,C1164,6968.29,15,0,0,1,5050.22,electronics,0,0
TXN108228,C1448,1554.33,4,0,0,2,4353.11,grocery,2,0
TXN108229,C1799,4558.27,7,0,0,2,3036.45,jewelry,0,0
TXN108230,C1497,2771.06,12,0,0,1,4245.66,electronics,0,0
TXN108231,C1971,1684.79,17,0,0,2,1792.87,online_services,0,0
TXN108232,C1657,3986.48,4,0,0,1,1869.01,grocery,3,0
TXN108233,C1274,2944.78,23,0,0,2,4114.34,travel,0,0
TXN108234,C1534,1860.62,8,0,0,2,1990.56,jewelry,0,0
TXN108235,C1101,14566.0,8,1,0,1,10309.37,cash_withdrawal,0,0
TXN108236,C1674,8077.1,16,0,0,5,7285.57,cash_withdrawal,0,0
TXN108237,C1317,3085.29,23,0,0,3,2390.31,restaurant,0,0
TXN108238,C1020,2455.41,2,1,0,4,2823.02,online_services,0,1
TXN108239,C1980,2588.45,3,0,0,1,2813.87,electronics,0,0
TXN108240,C1920,3375.82,9,0,0,2,3524.98,travel,2,0
TXN108241,C1829,1889.74,7,0,0,1,2467.97,cash_withdrawal,1,0
TXN108242,C1980,3976.48,21,0,0,3,5581.76,online_services,0,0
TXN108243,C1876,5187.36,19,0,0,3,4789.24,online_services,1,1
TXN108244,C1818,2144.57,16,0,0,1,2514.74,electronics,0,0
TXN108245,C1642,1108.51,15,0,0,2,1936.48,online_services,0,0
TXN108246,C1003,8988.15,4,0,0,1,8570.93,grocery,1,0
TXN108247,C1335,1979.29,22,0,1,1,3073.4,cash_withdrawal,0,0
TXN108248,C1567,11979.05,13,0,0,1,6211.63,online_services,0,0
TXN108249,C1349,1248.62,0,0,0,4,1797.11,restaurant,0,0
TXN108250,C1198,1501.4,5,0,0,1,1212.77,grocery,0,0
TXN108251,C1750,14464.62,9,0,0,3,9378.64,jewelry,0,0
TXN108252,C1782,4298.83,13,0,0,1,2357.68,travel,0,0
TXN108253,C1712,3244.55,8,0,0,1,1390.63,online_services,0,0
TXN108254,C1204,761.28,20,0,1,2,887.69,restaurant,0,0
TXN108255,C1685,8364.57,19,0,0,3,6182.98,online_services,0,0
TXN108256,C1577,6804.32,11,0,0,1,3012.42,grocery,0,0
TXN108257,C1389,9875.42,15,0,0,2,6527.09,online_services,1,0
TXN108258,C1200,1011.64,7,0,0,3,2106.97,travel,0,1
TXN108259,C1046,8087.99,10,0,0,4,6586.08,travel,0,1
TXN108260,C1482,6755.97,7,0,0,4,4028.17,online_services,0,0
TXN108261,C1341,3329.62,15,0,0,1,1264.46,electronics,0,0
TXN108262,C1441,4689.23,17,0,0,1,7294.57,grocery,0,0
TXN108263,C1706,2299.18,2,0,0,1,3730.39,grocery,0,0
TXN108264,C1578,2857.75,4,1,0,1,3272.96,electronics,0,0
TXN108265,C1420,5167.96,1,0,0,3,3082.24,electronics,1,0
TXN108266,C1478,690.98,13,0,0,2,779.5,online_services,0,0
TXN108267,C1756,3040.24,2,0,0,1,5000.37,grocery,2,0
TXN108268,C1697,3804.84,17,0,0,1,2882.47,restaurant,0,0
TXN108269,C1735,4642.22,4,0,0,2,3235.65,electronics,2,0
TXN108270,C1755,45971.68,6,0,0,1,26008.35,electronics,0,0
TXN108271,C1379,2064.59,3,0,0,3,3983.26,grocery,0,1
TXN108272,C1262,5740.22,0,0,0,3,6625.09,online_services,0,0
TXN108273,C1418,10297.35,3,0,0,4,6858.81,travel,0,0
TXN108274,C1658,3579.01,18,0,0,1,3759.84,restaurant,0,0
TXN108275,C1914,963.62,6,0,0,5,1304.0,grocery,0,0
TXN108276,C1348,6021.7,7,0,1,3,3316.07,online_services,0,1
TXN108277,C1121,4349.47,2,0,0,4,2469.4,cash_withdrawal,2,0
TXN108278,C1256,5591.99,19,0,0,2,2728.09,online_services,0,0
TXN108279,C1764,5158.22,20,0,0,1,3870.0,cash_withdrawal,0,0
TXN108280,C1246,5158.13,1,0,0,3,5822.65,restaurant,1,1
TXN108281,C1705,2701.49,8,0,1,2,3225.62,online_services,0,1
TXN108282,C1171,5807.63,21,0,0,2,9876.67,cash_withdrawal,1,0
TXN108283,C1712,253.59,23,0,0,3,770.55,grocery,0,0
TXN108284,C1948,3730.2,15,0,0,2,4132.25,cash_withdrawal,0,0
TXN108285,C1221,2371.6,13,0,0,4,1545.43,travel,0,0
TXN108286,C1102,2330.58,2,0,0,1,3193.11,online_services,0,0
TXN108287,C1596,4932.18,7,0,0,1,2439.93,online_services,0,0
TXN108288,C1284,2683.86,0,0,0,1,1574.76,restaurant,0,0
TXN108289,C1713,12651.79,11,0,0,1,5878.86,travel,0,0
TXN108290,C1771,17392.01,14,1,0,2,12298.72,online_services,2,0
TXN108291,C1712,2095.58,5,1,0,1,1471.25,grocery,0,0
TXN108292,C1756,2953.42,3,0,0,4,1765.84,jewelry,1,0
TXN108293,C1585,7027.41,0,0,0,5,3726.05,jewelry,0,0
TXN108294,C1281,2710.41,6,0,0,4,2298.45,electronics,0,0
TXN108295,C1842,1405.9,5,0,0,4,1485.93,electronics,0,0
TXN108296,C1755,2766.82,1,0,0,2,5670.42,jewelry,2,1
TXN108297,C1183,1584.39,6,0,0,2,1527.91,cash_withdrawal,0,0
TXN108298,C1214,2889.97,6,0,0,1,3286.2,electronics,0,0
TXN108299,C1302,1068.89,14,0,0,1,1229.93,grocery,1,0
TXN108300,C1677,7710.73,14,1,0,3,6402.43,electronics,0,0
TXN108301,C1633,7691.61,4,0,0,5,4311.34,grocery,0,0
TXN108302,C1120,3861.12,23,0,0,1,5877.9,jewelry,0,0
TXN108303,C1209,372.44,11,0,0,1,485.95,jewelry,0,0
TXN108304,C1774,3020.47,9,1,0,1,2405.62,cash_withdrawal,0,0
TXN108305,C1703,14442.24,13,0,0,1,9730.27,electronics,3,0
TXN108306,C1704,7845.42,2,0,0,2,6196.97,cash_withdrawal,0,1
TXN108307,C1922,2867.65,5,0,0,2,3612.94,restaurant,0,0
TXN108308,C1387,6403.43,0,0,0,1,4373.74,electronics,0,0
TXN108309,C1383,312.57,1,0,0,1,527.34,online_services,0,1
TXN108310,C1179,10253.3,21,0,0,5,4153.31,cash_withdrawal,0,0
TXN108311,C1914,7729.45,13,0,0,2,4920.54,grocery,0,0
TXN108312,C1086,1559.78,5,0,0,4,2343.97,electronics,0,0
TXN108313,C1074,610.21,4,0,1,2,705.82,restaurant,0,0
TXN108314,C1111,9073.51,13,0,1,2,3667.91,electronics,0,0
TXN108315,C1716,5142.41,5,0,0,1,6519.76,travel,0,0
TXN108316,C1730,2245.0,16,0,0,2,3795.81,jewelry,0,0
TXN108317,C1568,943.22,21,0,0,1,2037.67,online_services,2,1
TXN108318,C1972,3158.4,18,0,0,1,2021.97,online_services,0,0
TXN108319,C1337,10577.95,14,0,0,1,5437.22,electronics,0,0
TXN108320,C1848,3873.1,19,0,0,1,5148.99,online_services,2,0
TXN108321,C1676,2511.54,18,0,0,2,3053.05,electronics,0,0
TXN108322,C1976,1694.29,14,0,0,1,2561.88,restaurant,0,0
TXN108323,C1176,601.96,19,0,0,2,617.74,cash_withdrawal,1,0
TXN108324,C1813,1682.69,14,0,0,3,1664.69,travel,0,0
TXN108325,C1323,3641.29,8,1,0,2,4793.77,online_services,0,0
TXN108326,C1219,2860.69,23,0,0,5,2236.57,cash_withdrawal,1,0
TXN108327,C1790,8244.19,0,0,0,2,5972.24,electronics,1,1
TXN108328,C1415,6361.72,9,0,0,3,4288.43,restaurant,0,0
TXN108329,C1791,8691.55,17,0,0,3,5222.37,restaurant,1,0
TXN108330,C1949,3003.33,2,1,0,1,2808.51,cash_withdrawal,2,0
TXN108331,C1595,512.4,3,0,0,2,625.15,cash_withdrawal,0,0
TXN108332,C1711,4079.9,4,1,0,1,2830.07,grocery,0,1
TXN108333,C1235,1065.51,23,0,0,2,1289.64,jewelry,1,0
TXN108334,C1546,2841.27,3,0,0,1,2005.69,online_services,0,0
TXN108335,C1490,2075.59,12,0,0,3,2167.94,jewelry,0,1
TXN108336,C1594,2849.0,22,0,0,2,3102.4,jewelry,1,0
TXN108337,C1836,890.63,4,0,0,2,1733.36,grocery,0,0
TXN108338,C1530,4589.27,5,0,1,1,3831.9,online_services,0,0
TXN108339,C1896,5094.03,7,0,0,3,6571.29,cash_withdrawal,0,0
TXN108340,C1129,825.69,7,0,0,1,703.67,grocery,0,1
TXN108341,C1520,1470.52,19,0,0,1,3307.64,online_services,1,0
TXN108342,C1905,8662.81,2,0,0,1,7768.13,electronics,2,0
TXN108343,C1551,2703.08,17,0,1,1,1076.32,grocery,0,0
TXN108344,C1347,2459.21,16,0,0,5,3839.91,online_services,0,0
TXN108345,C1095,3077.8,8,0,0,1,3145.65,travel,0,0
TXN108346,C1340,6456.54,17,0,0,1,7955.81,electronics,0,0
TXN108347,C1847,2548.79,5,0,0,3,2124.77,grocery,0,0
TXN108348,C1437,2636.29,15,0,0,1,3883.0,cash_withdrawal,0,0
TXN108349,C1858,10215.76,6,0,0,3,7747.35,electronics,3,1
TXN108350,C1822,9712.75,7,0,0,1,8094.98,jewelry,0,0
TXN108351,C1651,2156.31,2,0,0,1,3124.66,online_services,0,0
TXN108352,C1151,1631.57,19,0,1,1,2125.11,restaurant,0,0
TXN108353,C1073,1774.26,13,0,0,1,2358.54,jewelry,0,0
TXN108354,C1649,987.21,17,0,0,2,1078.24,grocery,0,0
TXN108355,C1755,5600.47,10,0,1,1,2766.78,restaurant,0,0
TXN108356,C1168,463.26,21,0,0,1,777.59,travel,0,0
TXN108357,C1867,6735.53,10,0,1,1,5320.47,grocery,0,1
TXN108358,C1033,4616.35,0,0,1,2,6068.12,cash_withdrawal,0,1
TXN108359,C1027,5495.76,21,0,0,4,10003.27,jewelry,0,0
TXN108360,C1024,4292.77,23,1,0,1,3288.02,grocery,0,0
TXN108361,C1085,4098.5,10,0,0,2,2522.48,electronics,2,0
TXN108362,C1775,6341.83,23,0,1,2,8988.3,cash_withdrawal,0,0
TXN108363,C1652,12032.53,18,0,1,2,14221.14,grocery,0,0
TXN108364,C1084,11549.25,22,0,0,1,6837.49,electronics,0,0
TXN108365,C1492,3179.96,3,0,0,1,1579.75,restaurant,1,0
TXN108366,C1802,913.67,17,0,0,1,2901.79,jewelry,0,0
TXN108367,C1380,1454.76,1,0,0,1,1299.61,cash_withdrawal,0,0
TXN108368,C1645,1396.07,23,0,0,1,1267.67,online_services,0,0
TXN108369,C1026,2939.97,23,0,0,1,2955.94,electronics,0,0
TXN108370,C1361,3002.77,10,1,0,4,4230.46,restaurant,0,1
TXN108371,C1688,754.04,3,0,0,1,1405.39,cash_withdrawal,0,0
TXN108372,C1936,1565.04,16,1,0,4,1374.49,jewelry,0,1
TXN108373,C1296,1339.33,9,0,0,1,1760.24,travel,0,0
TXN108374,C1163,628.4,2,0,0,1,1087.46,online_services,0,1
TXN108375,C1832,2191.51,4,0,0,3,2196.41,online_services,1,0
TXN108376,C1684,4366.55,18,0,0,1,3541.37,online_services,0,0
TXN108377,C1488,6642.12,9,0,0,2,5050.56,restaurant,0,0
TXN108378,C1534,3444.23,2,0,0,7,2579.9,electronics,0,1
TXN108379,C1179,2549.25,9,0,0,1,4625.48,online_services,0,0
TXN108380,C1636,870.81,1,0,0,3,1493.27,travel,0,1
TXN108381,C1388,2065.28,15,0,0,2,1104.03,grocery,1,0
TXN108382,C1519,8173.13,13,0,0,1,2860.07,restaurant,0,0
TXN108383,C1026,2784.34,1,0,0,1,1856.22,online_services,0,0
TXN108384,C1050,2076.95,0,1,0,2,5055.01,jewelry,0,0
TXN108385,C1267,6785.76,7,0,0,1,8932.27,restaurant,1,0
TXN108386,C1353,687.27,20,0,0,4,801.2,travel,0,0
TXN108387,C1090,2263.4,11,0,0,1,2507.61,jewelry,0,1
TXN108388,C1528,9197.1,8,0,0,3,4651.83,online_services,0,0
TXN108389,C1153,3879.86,12,0,0,3,2826.08,restaurant,0,0
TXN108390,C1576,891.97,3,1,0,1,1265.72,electronics,0,0
TXN108391,C1422,4546.75,4,0,0,1,5487.43,cash_withdrawal,0,1
TXN108392,C1275,6589.78,16,0,0,4,6414.52,electronics,0,0
TXN108393,C1329,1881.06,11,0,0,3,3718.37,jewelry,1,0
TXN108394,C1050,1861.06,11,0,0,1,1246.36,travel,0,0
TXN108395,C1841,5284.15,5,0,0,1,4630.2,cash_withdrawal,0,0
TXN108396,C1590,872.32,12,0,0,1,1527.58,jewelry,1,0
TXN108397,C1042,5163.14,17,0,0,2,5159.54,jewelry,0,0
TXN108398,C1040,4015.59,20,0,0,2,2415.66,restaurant,0,0
TXN108399,C1054,660.34,13,0,0,1,607.31,electronics,2,0
TXN108400,C1246,1811.03,13,0,0,1,888.67,online_services,0,0
TXN108401,C1876,5536.66,19,0,1,2,4046.88,online_services,0,1
TXN108402,C1471,6124.44,19,0,0,2,8129.73,travel,0,0
TXN108403,C1805,2547.06,0,0,0,2,2438.88,cash_withdrawal,0,0
TXN108404,C1639,2477.98,20,0,0,1,3441.08,cash_withdrawal,0,0
TXN108405,C1946,11095.45,16,0,0,1,7270.2,electronics,0,0
TXN108406,C1128,2525.97,2,1,0,1,2087.2,grocery,0,1
TXN108407,C1274,2715.89,1,0,0,4,2952.69,grocery,1,1
TXN108408,C1886,21255.71,12,0,0,2,14954.68,travel,0,0
TXN108409,C1854,13641.92,16,0,0,2,9959.85,grocery,1,0
TXN108410,C1911,4441.45,17,0,0,1,4043.25,online_services,1,0
TXN108411,C1756,1393.45,0,1,0,1,1820.86,travel,0,1
TXN108412,C1640,2075.42,23,0,0,1,1997.38,travel,0,0
TXN108413,C1985,6648.8,20,0,0,3,5800.16,electronics,0,0
TXN108414,C1560,5660.93,15,0,0,3,5749.83,restaurant,0,0
TXN108415,C1901,3088.34,7,0,1,1,5848.27,online_services,0,0
TXN108416,C1198,4514.67,12,0,0,1,2746.21,jewelry,0,0
TXN108417,C1782,24342.62,6,0,0,1,16084.69,online_services,0,0
TXN108418,C1663,1806.24,2,0,0,2,3452.23,restaurant,0,0
TXN108419,C1274,1361.26,7,0,0,2,1989.66,electronics,0,0
TXN108420,C1689,8509.09,2,0,0,2,6335.21,electronics,0,0
TXN108421,C1713,2005.37,12,0,0,4,1234.55,online_services,0,0
TXN108422,C1694,3554.04,9,0,0,6,1890.79,jewelry,0,0
TXN108423,C1174,3759.57,16,0,0,1,5153.75,online_services,0,0
TXN108424,C1660,1117.42,21,0,0,3,2052.64,jewelry,0,0
TXN108425,C1748,5135.76,9,0,0,1,6059.25,restaurant,0,0
TXN108426,C1304,4460.64,5,0,0,2,4092.99,grocery,2,1
TXN108427,C1248,3006.51,13,0,0,1,2156.1,cash_withdrawal,0,0
TXN108428,C1734,849.19,4,0,0,1,741.54,travel,0,0
TXN108429,C1739,1663.19,23,0,0,2,2688.73,cash_withdrawal,2,1
TXN108430,C1541,4230.44,13,0,0,1,4616.46,electronics,0,0
TXN108431,C1106,6494.65,9,0,0,1,4436.93,cash_withdrawal,2,0
TXN108432,C1257,2026.55,2,0,0,1,3449.59,restaurant,1,0
TXN108433,C1894,2005.97,1,0,0,1,7871.76,cash_withdrawal,2,0
TXN108434,C1399,3980.65,9,0,0,1,2959.21,jewelry,0,0
TXN108435,C1399,3364.25,5,0,1,3,3537.51,travel,0,0
TXN108436,C1968,3388.13,11,1,0,2,1918.05,cash_withdrawal,1,0
TXN108437,C1297,2777.84,1,0,0,2,1949.75,electronics,1,0
TXN108438,C1412,2094.3,7,0,0,2,2251.49,jewelry,0,0
TXN108439,C1691,2800.98,11,0,0,1,2396.71,travel,2,0
TXN108440,C1556,1603.46,21,0,0,2,1136.42,electronics,1,0
TXN108441,C1300,4058.9,6,0,0,1,5476.72,cash_withdrawal,1,0
TXN108442,C1933,2402.15,23,0,0,5,3612.4,grocery,0,1
TXN108443,C1684,27489.5,2,0,0,2,9959.31,restaurant,0,0
TXN108444,C1386,2972.72,9,0,0,1,1155.71,restaurant,0,0
TXN108445,C1811,18903.16,8,0,0,1,15846.62,cash_withdrawal,3,0
TXN108446,C1297,5769.24,16,0,0,1,4376.63,online_services,0,0
TXN108447,C1983,6238.12,16,0,0,3,3543.87,online_services,0,0
TXN108448,C1938,6191.46,0,0,0,3,5676.73,cash_withdrawal,0,0
TXN108449,C1231,9224.69,23,0,0,2,6893.03,grocery,0,0
TXN108450,C1377,1904.87,7,0,0,4,2084.69,online_services,0,0
TXN108451,C1714,3926.4,16,0,0,1,4052.66,online_services,0,0
TXN108452,C1182,7604.36,8,0,0,4,6444.38,travel,1,0
TXN108453,C1742,4759.52,4,0,0,4,3914.8,restaurant,0,1
TXN108454,C1624,1682.24,22,0,0,1,1322.7,grocery,1,0
TXN108455,C1689,1706.42,22,0,1,1,2245.79,travel,0,0
TXN108456,C1038,7656.25,9,0,0,1,4997.27,jewelry,0,0
TXN108457,C1654,2556.41,1,0,0,2,3328.51,cash_withdrawal,0,0
TXN108458,C1298,4118.66,7,0,0,1,2498.22,electronics,0,0
TXN108459,C1938,4127.61,6,0,0,2,3119.59,electronics,0,0
TXN108460,C1993,8244.29,11,0,0,6,7660.57,electronics,0,0
TXN108461,C1848,2914.43,16,0,0,1,3889.93,travel,1,0
TXN108462,C1601,6570.16,10,0,0,3,7273.87,jewelry,0,0
TXN108463,C1125,1558.98,12,0,0,3,2541.09,jewelry,0,1
TXN108464,C1227,4403.01,4,0,0,2,3152.1,cash_withdrawal,2,1
TXN108465,C1104,3040.64,2,0,0,1,4481.11,grocery,0,0
TXN108466,C1728,12198.25,19,0,0,2,5296.07,restaurant,0,0
TXN108467,C1538,2346.18,14,0,0,1,3381.1,jewelry,1,0
TXN108468,C1899,4245.09,3,0,0,1,2971.27,online_services,2,1
TXN108469,C1049,5234.32,19,0,0,3,5214.27,electronics,2,0
TXN108470,C1246,2616.15,18,0,0,2,4397.34,grocery,3,0
TXN108471,C1646,2475.22,21,0,1,1,2575.01,electronics,0,0
TXN108472,C1504,9389.22,6,0,0,3,5403.54,electronics,0,1
TXN108473,C1414,1237.67,20,0,0,3,1957.27,travel,0,1
TXN108474,C1231,3882.32,1,0,0,1,2667.64,restaurant,0,0
TXN108475,C1875,3677.24,1,0,0,1,2764.91,jewelry,1,0
TXN108476,C1078,1486.79,2,0,0,4,2137.28,cash_withdrawal,0,1
TXN108477,C1626,1958.24,16,0,0,3,1605.91,restaurant,0,0
TXN108478,C1776,2752.01,10,0,0,3,3390.71,restaurant,0,0
TXN108479,C1097,7123.67,14,0,0,2,5490.38,online_services,1,1
TXN108480,C1878,3587.46,13,0,0,2,2738.59,cash_withdrawal,0,0
TXN108481,C1565,2369.36,23,0,0,1,1551.37,cash_withdrawal,3,0
TXN108482,C1537,1060.15,0,0,0,1,1788.32,grocery,0,0
TXN108483,C1933,9043.43,5,0,0,3,7392.49,electronics,0,0
TXN108484,C1840,2043.07,0,0,0,1,1411.85,cash_withdrawal,0,1
TXN108485,C1030,959.99,18,0,0,2,1174.96,grocery,0,0
TXN108486,C1342,5080.76,13,0,0,1,5159.85,grocery,0,0
TXN108487,C1562,1726.77,4,0,0,4,1136.48,cash_withdrawal,0,1
TXN108488,C1611,2854.29,16,1,0,1,1484.27,grocery,0,0
TXN108489,C1250,3117.59,22,0,0,3,2142.0,restaurant,0,0
TXN108490,C1341,3967.58,15,0,0,1,3545.74,jewelry,1,0
TXN108491,C1719,3206.21,15,0,0,1,2467.02,travel,2,0
TXN108492,C1746,3352.25,9,0,0,2,5013.82,cash_withdrawal,2,0
TXN108493,C1610,11848.72,3,0,0,3,11637.87,jewelry,0,1
TXN108494,C1929,1691.83,13,0,0,1,2090.85,grocery,1,0
TXN108495,C1903,7117.85,19,1,0,4,6362.22,jewelry,0,1
TXN108496,C1218,2614.94,12,0,0,2,2167.87,travel,2,1
TXN108497,C1624,4736.84,11,0,0,1,5073.62,electronics,1,0
TXN108498,C1907,3656.95,1,0,0,2,5714.53,grocery,1,0
TXN108499,C1318,2289.84,19,0,0,4,2475.34,grocery,1,1
TXN108500,C1827,2310.43,3,0,0,1,2019.11,cash_withdrawal,0,0
TXN108501,C1538,1261.31,20,0,0,2,758.04,cash_withdrawal,0,0
TXN108502,C1588,1446.69,9,0,0,3,1378.61,grocery,0,1
TXN108503,C1552,1184.91,9,1,0,2,1213.97,electronics,1,0
TXN108504,C1236,10883.52,12,0,0,5,3755.88,online_services,0,0
TXN108505,C1488,1679.37,10,0,0,2,2378.4,cash_withdrawal,0,0
TXN108506,C1027,4048.09,18,0,0,5,4489.84,electronics,0,0
TXN108507,C1774,1930.2,13,1,0,1,1760.98,electronics,0,0
TXN108508,C1174,2247.33,23,0,0,4,2541.05,electronics,0,0
TXN108509,C1964,2027.35,6,0,0,1,2753.75,online_services,0,0
TXN108510,C1616,1578.17,16,0,0,1,1313.25,electronics,1,0
TXN108511,C1075,3292.26,7,0,0,1,4338.65,restaurant,0,0
TXN108512,C1281,2145.34,10,0,0,5,1522.19,travel,2,0
TXN108513,C1428,1862.38,2,0,0,3,2018.52,grocery,0,0
TXN108514,C1261,5016.34,1,0,0,1,5261.39,jewelry,1,0
TXN108515,C1763,4170.31,23,0,0,2,2752.46,travel,0,0
TXN108516,C1133,2440.45,16,0,0,2,3050.73,online_services,0,0
TXN108517,C1417,4439.1,23,0,0,1,6754.37,grocery,2,0
TXN108518,C1849,2752.72,11,0,0,3,2878.3,jewelry,0,1
TXN108519,C1021,4334.47,10,0,1,5,3350.38,electronics,0,0
TXN108520,C1504,6378.97,12,0,0,2,6241.13,restaurant,0,0
TXN108521,C1445,1950.82,23,0,0,4,2158.95,grocery,0,0
TXN108522,C1531,2735.75,22,0,0,2,3719.46,grocery,0,0
TXN108523,C1119,11905.73,23,0,0,1,9165.95,electronics,0,0
TXN108524,C1436,1032.15,0,1,0,4,1336.99,grocery,0,0
TXN108525,C1966,4300.08,6,0,0,2,3754.6,cash_withdrawal,0,0
TXN108526,C1056,1110.18,16,0,0,3,1967.22,electronics,0,0
TXN108527,C1369,5937.64,12,0,0,2,3340.92,restaurant,0,0
TXN108528,C1905,7085.35,19,0,0,3,8037.9,grocery,0,0
TXN108529,C1837,4598.85,0,0,0,2,1651.72,restaurant,0,0
TXN108530,C1157,7664.27,21,0,1,2,5944.64,restaurant,0,0
TXN108531,C1074,4567.4,10,0,0,1,4872.99,jewelry,0,0
TXN108532,C1217,3503.99,3,0,0,7,3600.53,electronics,0,1
TXN108533,C1786,16589.75,6,1,0,2,13842.02,travel,0,0
TXN108534,C1919,4512.74,10,0,0,1,3412.85,travel,0,0
TXN108535,C1053,2522.09,13,1,0,1,2449.61,online_services,0,0
TXN108536,C1563,4228.61,5,1,0,2,6731.4,restaurant,0,0
TXN108537,C1585,5054.21,3,0,1,1,5710.71,restaurant,0,1
TXN108538,C1641,4931.76,15,0,0,3,3078.87,restaurant,0,0
TXN108539,C1781,4330.93,17,0,0,2,5890.6,jewelry,0,0
TXN108540,C1924,725.51,4,0,0,1,743.11,online_services,0,0
TXN108541,C1215,1220.95,16,0,0,1,1662.28,cash_withdrawal,0,0
TXN108542,C1270,5037.16,9,0,0,4,3146.05,jewelry,0,1
TXN108543,C1986,3243.54,1,0,0,1,3330.02,grocery,0,0
TXN108544,C1247,4541.9,9,0,0,1,4771.01,online_services,0,0
TXN108545,C1005,6169.0,16,0,0,1,6052.96,restaurant,0,0
TXN108546,C1798,865.12,6,0,0,5,992.01,travel,0,1
TXN108547,C1305,2855.26,7,0,0,2,2758.92,restaurant,0,0
TXN108548,C1883,1490.47,21,0,0,4,1726.24,online_services,0,0
TXN108549,C1754,2229.15,16,1,0,1,2489.45,electronics,0,0
TXN108550,C1417,1557.1,1,1,0,2,2349.07,electronics,0,0
TXN108551,C1239,6860.9,20,0,1,5,4733.74,travel,0,0
TXN108552,C1629,1237.91,23,0,0,3,3261.69,grocery,0,0
TXN108553,C1054,2193.78,3,1,0,1,1529.21,jewelry,3,0
TXN108554,C1379,4618.09,14,0,0,2,4399.84,jewelry,0,0
TXN108555,C1710,5532.31,0,0,1,5,2408.8,online_services,0,0
TXN108556,C1841,9554.59,1,0,0,2,11738.6,online_services,0,0
TXN108557,C1377,1716.45,18,0,1,4,3528.96,online_services,1,0
TXN108558,C1724,10029.11,2,0,0,2,2862.6,cash_withdrawal,0,1
TXN108559,C1296,3692.44,9,0,0,3,3491.48,online_services,0,0
TXN108560,C1186,2180.33,0,0,0,2,3164.67,jewelry,2,1
TXN108561,C1463,3812.57,8,0,0,3,3803.69,online_services,0,0
TXN108562,C1826,5495.0,5,0,0,4,3557.85,restaurant,0,0
TXN108563,C1774,4641.16,19,1,0,1,4791.26,jewelry,1,1
TXN108564,C1586,10328.02,19,0,0,1,12090.92,jewelry,0,0
TXN108565,C1430,2043.23,19,0,0,3,2198.88,online_services,2,1
TXN108566,C1827,3131.59,12,0,0,1,3510.2,cash_withdrawal,1,0
TXN108567,C1799,8828.43,21,0,0,3,4266.56,travel,0,0
TXN108568,C1850,7835.46,17,0,0,1,8726.26,jewelry,2,0
TXN108569,C1619,747.58,19,1,0,4,901.28,jewelry,0,0
TXN108570,C1747,4556.69,21,0,0,6,5062.0,jewelry,0,0
TXN108571,C1779,1080.44,14,0,0,2,742.49,grocery,0,0
TXN108572,C1910,1795.13,16,0,0,3,1449.5,travel,0,0
TXN108573,C1148,6152.97,17,0,1,1,3326.75,cash_withdrawal,0,0
TXN108574,C1374,4467.54,18,0,0,3,4468.57,restaurant,1,0
TXN108575,C1652,2346.59,18,0,1,3,1874.7,electronics,0,0
TXN108576,C1150,999.02,10,0,0,1,991.24,online_services,3,0
TXN108577,C1105,1707.09,9,0,0,4,2908.48,grocery,0,0
TXN108578,C1790,312.35,16,0,0,1,447.77,travel,0,0
TXN108579,C1583,2890.01,19,0,0,1,2491.13,cash_withdrawal,2,0
TXN108580,C1998,839.19,6,1,0,1,764.67,electronics,0,0
TXN108581,C1911,15367.62,6,0,0,2,11662.72,grocery,0,0
TXN108582,C1189,3984.25,7,1,0,1,3336.25,travel,0,0
TXN108583,C1799,2370.04,4,0,0,1,2914.6,cash_withdrawal,2,1
TXN108584,C1992,9455.72,13,0,0,2,4729.62,restaurant,0,0
TXN108585,C1577,3509.77,17,0,0,1,4310.57,grocery,0,0
TXN108586,C1417,3126.44,19,0,0,5,4086.42,jewelry,0,1
TXN108587,C1023,25191.93,17,0,0,3,12205.85,restaurant,0,0
TXN108588,C1158,4269.77,12,0,0,2,4851.63,jewelry,0,0
TXN108589,C1120,4358.3,14,0,0,1,5486.32,cash_withdrawal,0,0
TXN108590,C1427,3514.08,0,1,0,2,2502.46,jewelry,1,0
TXN108591,C1452,3994.47,5,0,0,2,4305.91,jewelry,1,0
TXN108592,C1221,1778.47,9,0,0,3,4690.51,online_services,0,0
TXN108593,C1965,4155.93,23,0,0,2,3172.24,electronics,1,0
TXN108594,C1532,2008.72,19,0,0,2,2668.4,electronics,0,0
TXN108595,C1333,3165.54,21,0,0,1,5121.1,jewelry,1,0
TXN108596,C1616,1972.93,11,0,1,5,4763.61,jewelry,1,1
TXN108597,C1249,1974.93,16,0,0,1,1557.07,electronics,0,0
TXN108598,C1673,24466.48,17,0,0,3,10510.86,cash_withdrawal,0,0
TXN108599,C1017,5210.7,9,0,0,4,2806.17,cash_withdrawal,0,0
TXN108600,C1003,1490.84,11,0,0,1,4409.99,restaurant,0,0
TXN108601,C1908,1151.15,21,0,0,1,1396.94,grocery,0,0
TXN108602,C1145,2315.75,22,0,0,6,802.68,online_services,0,1
TXN108603,C1624,1684.8,13,0,0,1,1293.58,travel,0,0
TXN108604,C1030,21763.64,17,0,0,1,13385.58,cash_withdrawal,0,0
TXN108605,C1869,7345.92,4,0,0,4,2671.42,restaurant,0,0
TXN108606,C1604,2344.56,11,0,0,4,1973.93,online_services,0,0
TXN108607,C1692,1179.73,4,0,0,1,1858.03,restaurant,2,1
TXN108608,C1676,8201.85,8,0,0,1,10145.73,grocery,2,0
TXN108609,C1802,3766.45,17,0,0,2,6045.67,restaurant,0,0
TXN108610,C1586,2102.02,12,0,0,1,1301.43,travel,0,0
TXN108611,C1416,1287.29,20,0,0,2,1417.24,grocery,0,0
TXN108612,C1945,3329.82,6,0,0,3,3183.11,grocery,1,0
TXN108613,C1575,5046.75,15,0,0,2,3090.08,cash_withdrawal,0,0
TXN108614,C1436,2618.33,3,0,1,3,2136.83,jewelry,0,1
TXN108615,C1850,7308.7,21,0,0,1,2847.18,electronics,0,0
TXN108616,C1784,2887.63,6,0,0,3,4450.26,cash_withdrawal,0,0
TXN108617,C1541,5077.48,10,1,0,3,3745.09,online_services,0,1
TXN108618,C1344,1205.45,3,0,0,1,1029.89,travel,0,1
TXN108619,C1863,3622.97,6,0,1,2,2006.21,cash_withdrawal,0,0
TXN108620,C1273,3848.86,12,1,0,4,3823.64,online_services,0,0
TXN108621,C1152,7066.44,7,0,0,2,4988.34,online_services,0,0
TXN108622,C1815,17540.09,9,0,0,1,6131.72,cash_withdrawal,3,1
TXN108623,C1521,3853.21,8,0,1,1,3436.54,jewelry,0,1
TXN108624,C1920,4268.88,1,0,0,3,5508.45,cash_withdrawal,0,0
TXN108625,C1030,1879.38,5,0,0,2,844.28,restaurant,0,0
TXN108626,C1770,6509.29,7,0,0,2,3747.93,grocery,0,0
TXN108627,C1006,924.97,21,0,0,2,2025.66,cash_withdrawal,2,0
TXN108628,C1526,4289.75,13,0,0,1,2036.28,online_services,1,1
TXN108629,C1400,1034.54,12,0,0,1,1184.54,grocery,0,0
TXN108630,C1056,5057.86,3,0,0,1,5492.95,cash_withdrawal,0,0
TXN108631,C1781,4160.56,12,0,0,3,4648.94,online_services,0,0
TXN108632,C1206,13618.93,2,0,0,1,7959.09,grocery,0,0
TXN108633,C1684,11361.13,6,0,0,3,9158.74,cash_withdrawal,0,0
TXN108634,C1626,13670.51,10,0,0,3,6898.51,cash_withdrawal,1,0
TXN108635,C1992,1379.05,0,0,0,1,1772.16,grocery,0,0
TXN108636,C1968,3527.27,2,0,0,1,3824.73,restaurant,0,0
TXN108637,C1540,1177.81,1,0,0,4,2025.05,online_services,2,0
TXN108638,C1663,2536.19,8,1,0,4,4412.13,grocery,0,0
TXN108639,C1300,6203.61,20,0,0,1,6007.08,online_services,2,1
TXN108640,C1074,1129.84,23,0,0,3,1867.11,travel,0,0
TXN108641,C1055,2070.45,14,0,0,1,2077.13,restaurant,0,0
TXN108642,C1792,2944.9,5,0,1,3,2389.35,cash_withdrawal,0,1
TXN108643,C1644,1039.6,16,0,1,2,2218.54,electronics,0,0
TXN108644,C1892,10150.13,18,0,0,1,9703.75,restaurant,0,0
TXN108645,C1657,4224.74,13,1,0,1,3475.32,jewelry,0,0
TXN108646,C1147,2490.27,1,0,0,1,1890.9,jewelry,0,1
TXN108647,C1377,5072.94,7,0,0,3,2238.56,jewelry,0,0
TXN108648,C1286,1843.73,8,0,0,1,5775.48,grocery,0,0
TXN108649,C1917,3131.98,15,0,0,1,4415.79,restaurant,1,1
TXN108650,C1453,3189.46,19,0,1,3,4015.59,travel,0,0
TXN108651,C1400,8834.5,5,0,0,1,7128.18,grocery,0,0
TXN108652,C1731,2529.2,14,0,0,3,4270.92,electronics,1,0
TXN108653,C1743,2947.38,12,0,0,3,2328.81,cash_withdrawal,0,1
TXN108654,C1883,1026.49,13,0,0,2,2149.17,jewelry,0,1
TXN108655,C1133,4153.63,19,0,0,4,5294.03,electronics,2,0
TXN108656,C1352,3043.27,0,0,0,1,5160.88,online_services,0,0
TXN108657,C1817,1607.5,2,0,0,2,1008.95,jewelry,0,0
TXN108658,C1893,7426.52,15,0,0,3,6146.64,jewelry,0,0
TXN108659,C1640,5216.36,15,0,0,1,1860.32,restaurant,0,0
TXN108660,C1945,2093.75,1,1,0,2,2613.99,electronics,0,1
TXN108661,C1578,7925.87,22,0,0,2,9609.78,online_services,1,1
TXN108662,C1068,3071.21,8,0,0,2,1787.74,grocery,0,0
TXN108663,C1406,1159.36,16,0,0,1,1409.97,jewelry,0,0
TXN108664,C1546,1732.18,8,0,0,4,1205.51,grocery,0,0
TXN108665,C1993,3318.4,6,0,0,1,3082.14,electronics,0,0
TXN108666,C1207,2866.52,14,1,0,4,5640.36,electronics,0,1
TXN108667,C1091,14558.66,4,0,0,4,9567.52,travel,0,0
TXN108668,C1366,1518.88,22,0,1,3,3561.84,electronics,0,1
TXN108669,C1207,2527.94,11,0,0,3,4562.53,restaurant,0,0
TXN108670,C1111,792.79,14,0,0,3,1337.67,online_services,0,0
TXN108671,C1949,1062.49,2,0,0,1,1057.86,restaurant,1,0
TXN108672,C1010,6167.24,6,0,0,2,3963.22,cash_withdrawal,0,0
TXN108673,C1920,12543.6,5,0,1,3,17098.09,jewelry,0,0
TXN108674,C1104,1177.74,2,1,0,1,1926.16,online_services,0,1
TXN108675,C1167,2808.6,0,0,0,2,4250.62,restaurant,0,0
TXN108676,C1115,3542.59,7,0,0,2,3730.72,cash_withdrawal,2,0
TXN108677,C1432,3442.56,7,0,0,1,3378.17,cash_withdrawal,0,0
TXN108678,C1525,3837.66,21,0,0,2,5342.33,travel,1,1
TXN108679,C1135,2897.03,14,0,0,3,3863.45,restaurant,0,1
TXN108680,C1559,7797.44,18,0,0,1,9314.87,travel,0,0
TXN108681,C1385,3042.2,3,0,0,3,3736.98,electronics,0,0
TXN108682,C1223,4702.86,14,0,0,1,2198.84,grocery,3,0
TXN108683,C1912,1767.18,21,0,0,3,2970.04,online_services,0,0
TXN108684,C1303,4305.98,9,0,0,2,3043.01,travel,0,0
TXN108685,C1606,1322.56,1,0,0,3,3052.43,jewelry,0,1
TXN108686,C1984,1817.14,5,0,0,3,2045.64,cash_withdrawal,1,0
TXN108687,C1592,4622.09,10,0,0,1,2765.36,grocery,1,1
TXN108688,C1144,3829.21,12,0,0,2,4913.91,travel,0,0
TXN108689,C1522,2089.18,1,0,0,1,3012.12,cash_withdrawal,0,0
TXN108690,C1096,5372.58,13,0,0,2,5754.65,travel,0,0
TXN108691,C1291,4186.28,1,0,0,3,2845.34,electronics,1,0
TXN108692,C1462,2279.67,6,0,0,2,2941.43,jewelry,0,0
TXN108693,C1256,5560.76,3,0,0,2,4227.53,restaurant,0,1
TXN108694,C1481,3668.25,17,0,0,1,3603.78,grocery,1,0
TXN108695,C1949,986.77,4,0,0,1,2861.6,restaurant,1,0
TXN108696,C1758,2876.72,15,0,0,2,3709.77,jewelry,2,0
TXN108697,C1525,5900.39,5,0,1,3,4203.85,electronics,3,0
TXN108698,C1076,3403.11,0,0,0,2,3304.07,cash_withdrawal,0,0
TXN108699,C1165,911.0,20,0,0,2,1614.3,grocery,0,0
TXN108700,C1899,6236.67,15,0,0,1,4564.06,cash_withdrawal,0,0
TXN108701,C1603,5423.88,17,0,0,1,3602.58,cash_withdrawal,0,0
TXN108702,C1186,6380.57,3,0,0,2,4515.54,jewelry,0,0
TXN108703,C1198,3992.42,8,0,0,2,5845.29,online_services,0,0
TXN108704,C1952,1378.17,13,0,0,1,1890.02,electronics,0,0
TXN108705,C1586,18790.36,17,1,0,2,11739.17,travel,1,0
TXN108706,C1752,6007.82,15,0,0,1,2367.69,cash_withdrawal,0,0
TXN108707,C1748,10776.13,21,0,0,2,6859.15,online_services,0,0
TXN108708,C1448,5623.83,7,0,0,3,4829.41,cash_withdrawal,0,0
TXN108709,C1436,8835.45,7,1,0,1,8929.83,cash_withdrawal,0,1
TXN108710,C1842,891.17,17,0,0,1,1330.37,electronics,3,0
TXN108711,C1897,2813.0,3,0,0,1,5207.57,cash_withdrawal,0,1
TXN108712,C1527,4727.62,5,0,0,2,7025.08,online_services,2,0
TXN108713,C1697,8942.49,10,0,0,3,7616.02,restaurant,0,0
TXN108714,C1029,2487.58,10,0,0,3,3371.47,electronics,0,0
TXN108715,C1586,979.64,14,0,0,4,1399.71,jewelry,1,0
TXN108716,C1023,5145.66,15,1,0,2,6184.31,cash_withdrawal,1,1
TXN108717,C1719,810.45,18,0,0,1,1505.94,online_services,0,0
TXN108718,C1736,1231.6,20,0,0,2,1214.88,restaurant,0,0
TXN108719,C1412,2068.54,21,0,0,1,2779.25,grocery,0,0
TXN108720,C1464,9004.21,15,0,0,1,7828.57,jewelry,0,0
TXN108721,C1062,2318.77,12,0,0,1,4654.45,cash_withdrawal,0,0
TXN108722,C1960,1482.65,15,0,0,2,1306.77,electronics,0,0
TXN108723,C1921,2369.69,12,0,0,2,2583.0,online_services,1,0
TXN108724,C1798,365.38,4,0,0,2,418.96,cash_withdrawal,0,0
TXN108725,C1811,1333.25,0,0,0,4,1114.75,travel,2,0
TXN108726,C1782,3333.75,0,0,1,3,2418.17,restaurant,0,0
TXN108727,C1553,13763.36,4,0,0,1,4593.73,grocery,1,1
TXN108728,C1674,3308.55,5,0,0,6,4193.78,electronics,0,0
TXN108729,C1229,4974.37,20,0,0,1,8647.45,travel,1,0
TXN108730,C1335,27030.64,21,1,0,2,19104.27,electronics,0,0
TXN108731,C1088,12677.22,12,0,0,2,8730.36,jewelry,0,0
TXN108732,C1894,2213.01,21,0,0,3,1917.55,travel,0,0
TXN108733,C1015,2635.79,10,0,0,4,4271.22,online_services,0,0
TXN108734,C1458,1819.38,3,0,0,1,3022.85,jewelry,0,0
TXN108735,C1271,545.03,12,0,0,4,1407.42,online_services,0,0
TXN108736,C1153,1797.88,23,0,0,1,2871.89,grocery,1,0
TXN108737,C1535,2034.32,20,0,0,3,1636.76,cash_withdrawal,0,0
TXN108738,C1959,507.57,5,0,0,3,1164.43,grocery,1,0
TXN108739,C1584,1832.79,4,1,0,1,2834.55,travel,0,1
TXN108740,C1581,5063.1,12,0,0,3,3368.9,restaurant,0,1
TXN108741,C1773,618.57,19,0,0,4,847.87,grocery,0,0
TXN108742,C1570,6705.91,18,0,0,3,3325.93,online_services,1,0
TXN108743,C1791,4047.41,21,0,0,2,3211.89,travel,1,0
TXN108744,C1240,2813.27,13,0,1,2,4271.11,online_services,0,0
TXN108745,C1623,8536.43,17,0,0,3,8103.9,travel,0,0
TXN108746,C1802,5989.83,17,0,0,1,3223.91,cash_withdrawal,0,0
TXN108747,C1016,3325.16,5,0,0,1,3467.47,electronics,0,0
TXN108748,C1913,22429.8,1,0,0,1,16374.79,cash_withdrawal,0,0
TXN108749,C1338,6745.92,1,0,0,1,2486.52,online_services,0,1
TXN108750,C1708,5712.36,23,0,0,3,3466.45,electronics,0,0
TXN108751,C1678,4251.92,17,0,0,2,2981.03,restaurant,0,0
TXN108752,C1998,948.3,23,0,0,3,1156.12,online_services,0,1
TXN108753,C1733,3686.39,22,0,0,4,5302.56,travel,0,0
TXN108754,C1519,999.16,9,0,0,1,805.31,jewelry,0,0
TXN108755,C1133,3189.45,9,0,0,1,2915.51,online_services,1,1
TXN108756,C1345,364.88,23,1,0,4,734.39,online_services,1,0
TXN108757,C1524,6876.45,17,0,0,2,6599.77,jewelry,0,0
TXN108758,C1067,3545.44,20,0,0,3,2461.94,grocery,0,0
TXN108759,C1290,5251.42,11,0,0,5,7166.06,restaurant,2,0
TXN108760,C1641,4670.53,17,0,0,1,3014.05,online_services,2,0
TXN108761,C1468,607.25,1,0,0,1,987.52,jewelry,0,0
TXN108762,C1670,921.03,14,0,0,3,680.19,grocery,0,0
TXN108763,C1365,9430.18,5,0,0,1,8411.58,electronics,0,0
TXN108764,C1916,3602.53,17,0,0,3,2442.66,restaurant,0,0
TXN108765,C1458,3943.21,12,0,0,4,4534.62,restaurant,0,0
TXN108766,C1200,6810.44,17,0,0,2,5063.27,cash_withdrawal,0,0
TXN108767,C1995,1602.45,21,0,1,1,2146.3,electronics,0,0
TXN108768,C1026,6201.95,19,0,0,2,5186.22,restaurant,0,0
TXN108769,C1281,4795.5,12,0,0,1,4086.22,cash_withdrawal,1,0
TXN108770,C1079,1932.15,19,0,0,1,2071.03,grocery,1,1
TXN108771,C1736,2559.8,20,0,0,1,2331.81,jewelry,0,0
TXN108772,C1996,18047.96,14,1,0,1,6244.8,restaurant,0,1
TXN108773,C1625,10095.27,17,0,0,1,9056.09,restaurant,0,0
TXN108774,C1393,936.03,17,0,0,4,1736.88,electronics,1,0
TXN108775,C1877,5117.56,19,0,0,2,4830.06,online_services,0,0
TXN108776,C1937,2465.31,13,0,0,1,3680.83,online_services,0,0
TXN108777,C1509,8232.55,22,1,0,1,8247.28,cash_withdrawal,0,0
TXN108778,C1157,12058.62,4,0,0,1,7956.19,travel,1,1
TXN108779,C1528,1106.08,18,1,0,1,977.99,electronics,0,0
TXN108780,C1505,2009.53,23,0,0,1,1380.76,grocery,1,0
TXN108781,C1809,1741.88,20,0,0,1,1887.65,online_services,0,0
TXN108782,C1325,1567.43,21,0,1,3,2760.0,online_services,0,0
TXN108783,C1000,1727.3,12,1,0,5,1244.86,jewelry,1,1
TXN108784,C1190,631.77,21,0,0,5,910.43,jewelry,0,0
TXN108785,C1811,4195.9,7,0,1,1,4155.43,travel,0,0
TXN108786,C1053,3490.02,22,0,0,5,6263.48,travel,0,1
TXN108787,C1904,1953.32,0,1,0,1,4144.07,jewelry,0,1
TXN108788,C1916,5736.93,11,0,0,1,6513.42,cash_withdrawal,0,0
TXN108789,C1399,3657.58,12,0,0,4,3139.2,jewelry,0,0
TXN108790,C1634,5837.53,10,0,0,1,5415.42,jewelry,0,0
TXN108791,C1467,2235.25,18,0,0,2,4423.81,grocery,0,0
TXN108792,C1031,1712.51,21,1,0,1,2313.89,grocery,0,0
TXN108793,C1171,10307.8,8,0,0,2,5932.27,online_services,0,0
TXN108794,C1180,4546.62,23,0,0,3,3000.58,travel,0,0
TXN108795,C1872,5722.08,11,0,1,1,4375.95,travel,0,1
TXN108796,C1257,10223.37,5,0,0,2,6385.89,online_services,0,0
TXN108797,C1402,1577.32,14,0,0,2,1188.64,online_services,0,0
TXN108798,C1403,2929.83,6,0,0,1,3017.88,electronics,0,0
TXN108799,C1361,2275.34,19,0,0,1,991.16,travel,0,0
TXN108800,C1190,6765.34,20,0,0,2,8224.85,electronics,1,0
TXN108801,C1649,1611.1,4,0,1,1,1785.01,jewelry,1,0
TXN108802,C1545,13525.76,23,0,0,1,7055.51,online_services,2,1
TXN108803,C1867,3305.32,8,0,1,3,3559.31,cash_withdrawal,3,0
TXN108804,C1400,2002.42,7,0,0,6,1839.43,cash_withdrawal,0,0
TXN108805,C1963,11620.57,6,0,0,2,8840.12,online_services,0,0
TXN108806,C1983,2083.37,18,0,0,3,3774.52,grocery,0,0
TXN108807,C1348,5839.7,12,0,0,2,5783.63,electronics,0,0
TXN108808,C1266,7041.49,2,0,0,1,6095.8,jewelry,3,0
TXN108809,C1696,909.87,10,0,0,3,1675.17,electronics,0,1
TXN108810,C1545,1464.2,10,1,0,3,2682.26,jewelry,0,0
TXN108811,C1954,8781.81,15,0,0,2,9569.89,electronics,1,0
TXN108812,C1935,6845.02,10,0,0,3,6231.36,restaurant,2,0
TXN108813,C1171,1628.66,18,0,0,2,2156.7,electronics,1,0
TXN108814,C1413,5730.43,18,0,0,3,4828.66,electronics,0,0
TXN108815,C1889,2329.45,22,0,0,3,2682.96,electronics,0,0
TXN108816,C1351,13098.44,16,0,0,1,5254.57,online_services,0,0
TXN108817,C1800,3787.38,21,0,0,1,3323.05,travel,0,0
TXN108818,C1104,3916.92,7,0,0,3,3577.25,cash_withdrawal,0,0
TXN108819,C1962,2059.22,16,0,0,3,1951.03,grocery,1,0
TXN108820,C1573,1144.61,22,0,1,3,1813.52,restaurant,0,1
TXN108821,C1378,1528.25,11,0,0,1,1409.59,grocery,0,0
TXN108822,C1974,576.89,20,0,1,3,1479.32,restaurant,1,1
TXN108823,C1531,2922.14,8,0,0,4,6057.76,restaurant,0,0
TXN108824,C1972,15042.81,17,0,0,2,9008.02,travel,0,0
TXN108825,C1016,2627.36,19,0,0,2,2158.57,travel,0,0
TXN108826,C1774,1806.43,15,0,0,2,3023.5,cash_withdrawal,0,0
TXN108827,C1696,4106.33,9,0,0,2,4114.74,cash_withdrawal,0,0
TXN108828,C1267,756.27,7,0,1,1,1430.08,grocery,1,0
TXN108829,C1198,5902.78,9,0,0,2,6638.69,jewelry,0,0
TXN108830,C1638,3831.02,3,0,0,1,4888.29,jewelry,0,0
TXN108831,C1915,3281.22,16,0,0,1,3273.86,cash_withdrawal,0,0
TXN108832,C1590,1765.93,2,0,0,2,2158.08,cash_withdrawal,0,0
TXN108833,C1115,3154.02,15,0,0,2,2986.35,online_services,0,0
TXN108834,C1495,2744.9,5,0,0,4,2231.46,grocery,1,0
TXN108835,C1203,6109.22,16,0,1,2,4435.07,cash_withdrawal,0,0
TXN108836,C1721,8712.74,10,0,0,7,7449.38,online_services,0,0
TXN108837,C1241,923.11,8,0,0,3,1547.58,cash_withdrawal,0,0
TXN108838,C1038,3892.71,2,0,0,2,4495.52,cash_withdrawal,0,1
TXN108839,C1372,5633.92,6,0,0,6,10656.06,restaurant,3,1
TXN108840,C1314,6134.05,2,0,0,1,3663.45,travel,0,0
TXN108841,C1300,1069.96,14,0,0,2,783.09,grocery,0,0
TXN108842,C1334,3087.69,10,0,0,1,3436.71,electronics,0,0
TXN108843,C1109,2633.77,6,0,0,3,3204.68,jewelry,1,1
TXN108844,C1177,1540.69,11,0,0,3,938.56,online_services,0,0
TXN108845,C1907,5935.49,6,0,0,3,6540.07,cash_withdrawal,0,0
TXN108846,C1429,2735.58,15,0,0,4,3450.72,jewelry,1,0
TXN108847,C1866,704.5,16,0,0,4,709.06,grocery,0,0
TXN108848,C1243,9115.08,13,0,0,1,4213.34,restaurant,0,0
TXN108849,C1871,1886.99,10,0,0,2,1466.75,grocery,0,0
TXN108850,C1016,2012.85,19,1,1,1,2873.48,travel,0,0
TXN108851,C1975,3022.6,4,1,0,5,3816.77,jewelry,0,0
TXN108852,C1885,1758.36,20,0,0,2,1074.5,cash_withdrawal,1,0
TXN108853,C1111,369.79,9,0,0,2,532.42,cash_withdrawal,0,0
TXN108854,C1811,335.24,2,0,0,1,608.8,grocery,0,1
TXN108855,C1794,3998.33,11,0,0,2,4162.96,electronics,0,0
TXN108856,C1467,3300.62,12,0,0,1,3256.88,online_services,0,0
TXN108857,C1541,1995.18,3,0,0,2,2794.16,jewelry,3,0
TXN108858,C1605,2687.52,16,1,0,1,2880.77,restaurant,0,0
TXN108859,C1574,4084.75,1,0,0,3,2099.48,online_services,0,0
TXN108860,C1750,3628.75,4,0,0,1,2925.56,cash_withdrawal,0,1
TXN108861,C1489,844.78,0,0,0,1,1111.03,travel,0,0
TXN108862,C1369,1437.31,4,0,0,2,3028.8,electronics,0,1
TXN108863,C1864,1569.3,16,0,0,3,3811.15,online_services,0,0
TXN108864,C1571,3702.79,11,0,0,1,4665.31,restaurant,1,0
TXN108865,C1166,931.98,4,0,0,2,1511.6,travel,0,0
TXN108866,C1570,1232.6,13,0,0,2,1362.26,restaurant,0,0
TXN108867,C1059,713.87,10,0,0,1,1923.05,cash_withdrawal,1,0
TXN108868,C1791,2894.44,18,0,0,1,2357.43,online_services,0,0
TXN108869,C1425,5191.85,14,0,0,2,3558.04,online_services,3,0
TXN108870,C1452,1393.11,8,0,0,1,3155.78,travel,3,0
TXN108871,C1883,13878.56,5,1,0,2,6285.25,electronics,0,0
TXN108872,C1504,424.58,22,0,0,4,673.16,travel,0,0
TXN108873,C1522,4098.85,10,0,0,2,2298.24,jewelry,0,0
TXN108874,C1914,3475.85,21,0,0,1,3205.92,travel,0,0
TXN108875,C1554,4457.82,20,0,0,1,2722.42,travel,0,0
TXN108876,C1750,3918.82,18,0,0,2,2698.87,restaurant,0,0
TXN108877,C1987,1064.83,11,0,0,2,1226.86,cash_withdrawal,0,0
TXN108878,C1887,3067.3,10,0,0,2,3554.23,cash_withdrawal,0,0
TXN108879,C1729,1047.08,19,0,0,1,1809.86,travel,0,0
TXN108880,C1182,1661.46,16,0,0,2,2514.38,electronics,0,0
TXN108881,C1311,2892.15,19,0,0,2,1809.87,grocery,0,0
TXN108882,C1990,1008.38,2,1,0,1,1106.69,cash_withdrawal,0,0
TXN108883,C1709,5175.81,13,0,0,1,4185.68,travel,1,0
TXN108884,C1026,4668.92,4,0,0,1,6414.11,cash_withdrawal,0,1
TXN108885,C1006,17110.04,1,1,0,2,13040.51,grocery,0,1
TXN108886,C1159,6921.67,9,0,0,2,6569.86,travel,0,0
TXN108887,C1654,1255.66,7,1,0,1,3039.83,online_services,0,0
TXN108888,C1662,2980.75,7,0,0,1,3534.72,grocery,0,0
TXN108889,C1981,4654.43,7,0,0,2,7847.96,electronics,0,0
TXN108890,C1658,1273.58,3,0,0,5,3150.34,cash_withdrawal,0,0
TXN108891,C1333,1116.31,10,0,0,1,2866.47,grocery,1,0
TXN108892,C1213,1724.11,0,0,0,2,2423.63,travel,0,0
TXN108893,C1348,1580.18,15,0,0,3,4118.09,grocery,0,0
TXN108894,C1534,5043.31,6,0,0,4,4740.76,jewelry,1,0
TXN108895,C1648,3807.85,13,0,0,6,2869.16,online_services,0,1
TXN108896,C1755,5862.66,5,0,0,2,8347.52,jewelry,0,1
TXN108897,C1102,1966.6,9,0,0,1,3743.81,travel,1,0
TXN108898,C1291,1156.93,16,0,0,4,1748.86,online_services,2,0
TXN108899,C1631,1701.81,12,0,0,2,2174.11,restaurant,0,0
TXN108900,C1600,3928.58,19,0,0,2,3614.51,jewelry,0,0
TXN108901,C1502,3662.22,4,0,0,1,4453.85,restaurant,1,0
TXN108902,C1986,2154.05,22,0,0,2,1714.36,electronics,0,0
TXN108903,C1433,1263.81,14,0,0,2,2389.49,jewelry,0,0
TXN108904,C1807,5675.11,14,0,1,2,2745.16,jewelry,0,1
TXN108905,C1972,4780.19,9,0,0,1,6268.96,jewelry,0,0
TXN108906,C1423,1810.61,4,0,1,2,1949.3,jewelry,0,0
TXN108907,C1006,10814.66,4,0,0,1,11297.07,travel,2,0
TXN108908,C1866,2542.3,16,0,0,1,2792.35,jewelry,1,0
TXN108909,C1720,6069.73,5,0,0,1,9326.14,travel,1,0
TXN108910,C1294,4056.77,6,0,0,1,3023.09,grocery,0,0
TXN108911,C1538,1945.91,6,0,0,1,1847.55,cash_withdrawal,0,0
TXN108912,C1833,1122.77,5,0,0,1,2042.17,jewelry,0,0
TXN108913,C1556,2931.01,3,0,1,1,1032.66,jewelry,0,1
TXN108914,C1136,7064.34,6,0,0,3,7357.93,cash_withdrawal,0,0
TXN108915,C1064,3039.67,4,0,0,2,2426.03,electronics,0,0
TXN108916,C1621,5810.28,4,0,0,1,7387.24,cash_withdrawal,0,0
TXN108917,C1660,2609.26,0,0,0,4,1863.89,jewelry,0,1
TXN108918,C1312,1656.54,19,0,0,4,1687.45,grocery,0,1
TXN108919,C1060,2950.66,12,0,0,5,1520.04,jewelry,3,0
TXN108920,C1008,25690.37,2,0,0,1,10137.45,online_services,1,0
TXN108921,C1250,2459.26,13,0,0,1,1410.72,travel,0,0
TXN108922,C1501,4544.1,5,0,0,4,4545.51,electronics,0,1
TXN108923,C1734,3315.32,17,0,0,1,3985.51,restaurant,0,0
TXN108924,C1353,445.16,0,0,0,4,356.5,online_services,0,0
TXN108925,C1169,8512.04,15,1,0,5,4806.54,restaurant,3,1
TXN108926,C1531,4754.73,22,1,0,4,3545.99,grocery,2,0
TXN108927,C1681,3452.08,14,0,0,4,8046.9,electronics,0,0
TXN108928,C1805,13417.46,5,0,0,1,10673.7,travel,0,0
TXN108929,C1491,4456.42,14,0,0,1,2463.33,travel,0,0
TXN108930,C1266,1852.53,23,0,0,1,1568.62,travel,2,0
TXN108931,C1575,1537.62,20,0,0,4,1533.1,travel,0,0
TXN108932,C1495,2068.68,4,0,0,3,2593.76,restaurant,3,0
TXN108933,C1158,1143.65,18,0,0,1,2393.48,grocery,1,0
TXN108934,C1333,1144.54,4,0,0,2,2279.87,online_services,0,1
TXN108935,C1092,3627.53,16,0,0,1,4642.56,cash_withdrawal,2,0
TXN108936,C1794,4877.9,21,0,0,2,3602.06,jewelry,0,0
TXN108937,C1464,9837.01,12,0,0,1,3147.84,jewelry,1,0
TXN108938,C1567,3273.06,7,1,0,3,4157.56,jewelry,0,0
TXN108939,C1104,4112.45,12,0,1,1,1948.76,grocery,1,0
TXN108940,C1562,4507.33,5,0,0,2,4116.68,jewelry,0,0
TXN108941,C1450,4464.25,3,0,0,3,3053.98,jewelry,0,0
TXN108942,C1480,2471.2,5,0,0,3,2878.07,grocery,0,0
TXN108943,C1468,2289.37,21,0,0,2,3386.14,electronics,1,0
TXN108944,C1203,1053.89,14,0,0,1,1550.35,cash_withdrawal,0,0
TXN108945,C1734,2384.08,23,0,0,2,2340.05,electronics,0,0
TXN108946,C1948,5377.45,18,0,0,1,6382.84,jewelry,0,0
TXN108947,C1596,3693.12,5,1,1,3,3329.36,cash_withdrawal,1,0
TXN108948,C1948,10781.68,0,0,0,3,7382.55,travel,0,0
TXN108949,C1186,691.48,5,0,0,3,1561.72,electronics,2,0
TXN108950,C1590,10203.69,18,0,0,2,6081.33,online_services,0,0
TXN108951,C1219,4348.85,23,0,0,2,2854.2,restaurant,0,1
TXN108952,C1902,7869.89,5,0,0,1,7609.71,grocery,0,0
TXN108953,C1750,10442.21,13,0,0,2,5677.86,cash_withdrawal,0,0
TXN108954,C1334,1807.39,21,0,0,1,2434.66,cash_withdrawal,1,0
TXN108955,C1599,22727.61,2,1,0,1,8026.6,jewelry,0,0
TXN108956,C1310,4062.5,7,0,1,2,7197.96,online_services,0,0
TXN108957,C1563,1823.58,4,0,0,2,1841.13,electronics,0,0
TXN108958,C1918,1333.56,5,0,0,3,2844.94,travel,0,1
TXN108959,C1668,6097.02,11,0,0,1,6222.3,jewelry,0,0
TXN108960,C1987,5383.95,7,0,0,1,7362.84,cash_withdrawal,0,0
TXN108961,C1591,15134.0,17,0,0,1,9134.86,electronics,2,0
TXN108962,C1327,2650.6,17,0,0,4,1512.9,travel,0,0
TXN108963,C1273,3702.29,13,0,0,1,2908.36,grocery,0,1
TXN108964,C1500,917.62,23,0,0,2,1315.74,jewelry,3,0
TXN108965,C1474,1083.07,23,1,0,1,1612.79,jewelry,0,0
TXN108966,C1903,911.7,15,0,0,1,1368.8,electronics,0,0
TXN108967,C1165,4475.59,12,0,0,4,4079.51,travel,0,0
TXN108968,C1253,13802.62,0,0,0,1,10873.92,online_services,0,1
TXN108969,C1340,7979.18,8,0,0,2,5012.89,cash_withdrawal,1,0
TXN108970,C1259,8956.48,18,0,0,3,6642.11,cash_withdrawal,0,0
TXN108971,C1975,1877.35,15,0,0,3,3077.56,online_services,0,1
TXN108972,C1732,1379.51,23,0,0,2,1630.04,grocery,0,0
TXN108973,C1184,3875.19,14,0,0,1,2381.92,online_services,0,0
TXN108974,C1844,5452.44,18,0,0,2,3441.09,restaurant,2,1
TXN108975,C1002,7188.07,5,0,0,3,6709.01,online_services,0,0
TXN108976,C1178,4427.47,14,0,0,2,3573.04,grocery,0,0
TXN108977,C1165,1318.91,1,0,0,1,1875.07,travel,0,1
TXN108978,C1252,1226.19,21,0,0,4,1703.44,online_services,0,0
TXN108979,C1479,2374.77,16,0,0,1,3581.43,restaurant,0,0
TXN108980,C1736,3019.6,3,0,0,1,3761.4,electronics,1,1
TXN108981,C1502,5567.38,22,0,0,2,5702.67,cash_withdrawal,0,0
TXN108982,C1334,2566.46,4,0,0,1,1790.03,online_services,1,0
TXN108983,C1974,2192.44,17,0,0,4,1837.5,online_services,0,0
TXN108984,C1248,2538.49,4,0,0,1,3382.85,electronics,0,0
TXN108985,C1028,2765.51,21,0,0,4,2981.5,cash_withdrawal,0,0
TXN108986,C1995,3009.8,3,0,0,1,2885.06,electronics,0,0
TXN108987,C1812,3243.83,11,0,0,1,2649.53,restaurant,1,0
TXN108988,C1746,1756.5,23,0,0,3,2765.03,cash_withdrawal,1,0
TXN108989,C1055,11586.85,17,0,0,1,4735.43,electronics,0,0
TXN108990,C1177,2048.46,1,0,0,1,3045.7,grocery,2,0
TXN108991,C1271,1183.37,17,0,0,1,2685.3,restaurant,2,0
TXN108992,C1621,11049.69,21,1,0,2,12875.59,restaurant,1,0
TXN108993,C1531,4132.42,16,0,0,1,4910.34,online_services,0,0
TXN108994,C1884,3475.45,18,0,0,1,2889.0,restaurant,0,0
TXN108995,C1357,24394.15,21,0,0,2,7646.53,electronics,0,0
TXN108996,C1709,1523.1,23,0,0,1,1153.13,jewelry,0,0
TXN108997,C1721,5342.7,11,0,0,2,4218.73,jewelry,0,0
TXN108998,C1526,909.46,11,1,0,4,2299.17,electronics,0,0
TXN108999,C1242,6295.96,20,0,0,2,3154.32,online_services,0,0
TXN109000,C1403,4444.07,1,0,0,4,4580.36,cash_withdrawal,0,0
TXN109001,C1857,3007.02,1,0,0,3,3142.57,electronics,1,0
TXN109002,C1017,2538.33,8,0,0,4,1479.14,travel,1,0
TXN109003,C1241,1692.07,12,0,0,2,2092.12,jewelry,0,0
TXN109004,C1083,11972.5,18,1,0,2,5498.1,cash_withdrawal,3,0
TXN109005,C1813,1856.45,18,1,0,1,2972.47,travel,1,1
TXN109006,C1112,6621.13,14,0,0,2,6616.04,grocery,1,0
TXN109007,C1355,3834.55,5,0,0,6,2869.56,electronics,0,0
TXN109008,C1892,4342.3,23,0,0,1,3193.64,online_services,0,0
TXN109009,C1920,2013.32,2,0,0,2,4448.08,grocery,0,0
TXN109010,C1797,1095.27,4,0,0,2,1275.88,jewelry,0,0
TXN109011,C1591,4515.49,5,0,0,2,2478.29,cash_withdrawal,0,0
TXN109012,C1949,4717.02,23,0,0,2,3737.3,online_services,0,0
TXN109013,C1767,2867.45,11,0,0,3,6042.55,jewelry,0,0
TXN109014,C1024,5178.01,2,0,0,2,4244.68,travel,0,0
TXN109015,C1203,1162.42,15,0,0,1,1259.21,travel,0,0
TXN109016,C1669,3114.36,23,0,0,1,4275.24,online_services,0,0
TXN109017,C1197,3743.21,1,0,0,7,3480.4,online_services,1,1
TXN109018,C1843,2990.49,6,0,0,2,3949.6,grocery,0,0
TXN109019,C1590,7854.14,13,0,0,2,4250.88,restaurant,3,0
TXN109020,C1084,6725.58,6,0,0,1,6379.03,jewelry,0,0
TXN109021,C1607,3129.78,15,0,0,3,3010.67,grocery,0,0
TXN109022,C1623,2206.46,3,0,0,4,6867.61,electronics,1,1
TXN109023,C1407,4709.3,1,0,0,3,5666.53,jewelry,0,0
TXN109024,C1154,5500.78,23,0,0,4,7951.83,electronics,0,0
TXN109025,C1118,2011.73,6,0,0,3,1300.42,electronics,0,0
TXN109026,C1120,17057.97,21,0,0,5,9099.04,jewelry,1,0
TXN109027,C1983,12251.02,14,0,0,1,13919.58,restaurant,0,0
TXN109028,C1477,1669.85,21,0,0,3,4393.67,electronics,0,0
TXN109029,C1054,3655.74,3,0,0,1,3567.31,online_services,0,1
TXN109030,C1789,2652.28,23,0,0,1,2187.27,jewelry,0,0
TXN109031,C1091,2146.2,3,0,0,3,2147.24,grocery,0,0
TXN109032,C1391,2269.16,12,0,0,4,1263.73,grocery,1,0
TXN109033,C1132,716.06,5,0,0,2,660.02,grocery,0,0
TXN109034,C1123,18185.04,19,1,0,3,16400.86,jewelry,2,0
TXN109035,C1032,8682.64,14,0,0,1,9391.57,electronics,0,0
TXN109036,C1740,4034.49,10,1,0,4,3891.82,jewelry,0,0
TXN109037,C1760,2279.05,16,0,1,2,1668.64,cash_withdrawal,0,0
TXN109038,C1448,2648.31,7,0,0,5,2395.5,electronics,0,0
TXN109039,C1947,482.41,19,0,0,3,613.91,jewelry,0,0
TXN109040,C1747,2092.66,6,0,0,1,1655.64,grocery,2,0
TXN109041,C1300,2303.78,18,0,0,1,2052.25,electronics,2,1
TXN109042,C1441,4424.93,12,0,0,1,4189.01,travel,1,0
TXN109043,C1213,2357.16,17,0,0,1,3957.02,grocery,0,0
TXN109044,C1676,1755.98,5,0,0,1,1602.13,restaurant,0,0
TXN109045,C1666,703.64,21,0,0,1,1213.99,cash_withdrawal,1,0
TXN109046,C1308,786.42,16,0,0,1,1943.89,grocery,2,0
TXN109047,C1153,2654.89,9,0,0,5,5330.85,electronics,0,0
TXN109048,C1102,2093.47,2,0,0,3,2258.34,travel,1,0
TXN109049,C1023,1237.84,17,1,0,3,1387.48,jewelry,0,0
TXN109050,C1404,2129.3,20,0,0,4,3091.14,online_services,0,1
TXN109051,C1143,7968.36,10,0,0,1,3067.34,cash_withdrawal,1,1
TXN109052,C1008,1577.82,18,0,1,5,2811.87,jewelry,0,0
TXN109053,C1334,24934.99,4,0,0,3,12740.61,electronics,1,0
TXN109054,C1610,2733.48,9,0,0,3,3697.2,restaurant,0,0
TXN109055,C1131,1589.26,0,0,0,1,2438.05,cash_withdrawal,0,0
TXN109056,C1842,1861.12,18,0,0,1,3185.66,electronics,0,0
TXN109057,C1717,3123.53,11,0,0,2,5420.58,travel,0,0
TXN109058,C1738,6969.89,12,0,0,2,6601.12,cash_withdrawal,0,0
TXN109059,C1809,8330.84,2,0,0,2,13475.58,cash_withdrawal,0,1
TXN109060,C1759,1367.06,23,0,0,1,1943.94,jewelry,2,0
TXN109061,C1001,1827.08,6,0,0,1,1793.96,jewelry,0,0
TXN109062,C1682,2696.8,18,0,0,1,1515.56,online_services,3,0
TXN109063,C1353,10572.07,4,0,0,1,11125.27,cash_withdrawal,0,1
TXN109064,C1711,1888.8,18,0,0,4,1580.81,restaurant,0,0
TXN109065,C1843,4866.8,0,0,0,4,6737.22,cash_withdrawal,0,0
TXN109066,C1099,1816.32,7,0,0,3,2175.18,restaurant,0,0
TXN109067,C1121,4557.55,4,0,0,2,6467.3,travel,0,0
TXN109068,C1195,763.96,13,0,0,2,878.3,travel,0,0
TXN109069,C1562,3525.11,10,0,0,1,3108.67,online_services,0,0
TXN109070,C1375,3294.36,12,0,0,1,3876.57,travel,0,0
TXN109071,C1780,5384.36,4,0,0,4,5070.65,electronics,1,0
TXN109072,C1866,2376.88,0,0,0,1,2943.09,travel,0,0
TXN109073,C1964,4471.49,2,0,0,4,4888.09,jewelry,1,1
TXN109074,C1797,11291.99,4,0,1,6,9266.76,grocery,0,1
TXN109075,C1144,1784.97,15,0,0,1,2579.89,grocery,0,0
TXN109076,C1432,3642.49,3,0,0,2,5966.45,travel,0,0
TXN109077,C1628,820.23,5,1,0,3,791.59,restaurant,0,1
TXN109078,C1236,1901.13,17,0,0,1,2880.47,restaurant,0,0
TXN109079,C1284,1989.19,1,0,0,1,2282.37,electronics,1,0
TXN109080,C1613,5608.91,19,0,0,2,4267.68,grocery,0,0
TXN109081,C1453,4216.04,23,0,0,2,5534.65,jewelry,2,0
TXN109082,C1987,4706.65,2,0,0,4,3785.53,restaurant,0,1
TXN109083,C1436,1645.16,18,0,0,1,2267.32,grocery,0,0
TXN109084,C1422,11444.05,7,0,0,1,8508.89,electronics,0,0
TXN109085,C1129,2112.36,9,0,0,7,1787.99,online_services,1,0
TXN109086,C1665,3414.81,3,0,0,4,4309.36,travel,0,1
TXN109087,C1327,1589.03,8,0,0,5,1210.27,cash_withdrawal,0,0
TXN109088,C1162,3699.86,21,0,1,3,2668.04,jewelry,0,0
TXN109089,C1657,1254.17,0,0,0,3,1800.64,electronics,0,0
TXN109090,C1718,1753.59,22,0,0,2,3969.82,cash_withdrawal,0,0
TXN109091,C1292,691.83,1,0,0,1,1336.57,electronics,1,0
TXN109092,C1060,3471.58,3,0,0,2,2234.19,grocery,0,0
TXN109093,C1630,15992.86,11,0,0,2,8612.56,restaurant,0,0
TXN109094,C1979,6817.14,15,0,0,1,3458.59,online_services,0,0
TXN109095,C1936,7542.97,20,0,1,1,4800.22,restaurant,0,0
TXN109096,C1377,7655.22,13,0,0,1,5561.04,cash_withdrawal,0,0
TXN109097,C1315,1324.05,19,0,0,1,1282.19,grocery,0,0
TXN109098,C1379,784.42,14,1,1,2,1802.91,online_services,0,0
TXN109099,C1693,1444.22,11,0,0,1,2013.16,travel,0,0
TXN109100,C1291,1477.87,13,0,0,3,2349.93,cash_withdrawal,0,0
TXN109101,C1176,2627.05,7,0,0,2,2436.21,travel,0,0
TXN109102,C1491,1655.73,3,0,0,3,2359.51,electronics,0,0
TXN109103,C1856,2440.02,8,0,0,2,3253.46,restaurant,1,0
TXN109104,C1444,1889.85,0,0,0,1,2040.03,grocery,0,0
TXN109105,C1045,2547.75,17,0,0,5,2299.51,grocery,0,1
TXN109106,C1787,3121.08,3,0,0,3,4805.04,cash_withdrawal,0,0
TXN109107,C1802,3666.76,16,0,0,2,2683.06,grocery,0,0
TXN109108,C1039,1539.09,6,0,0,1,2478.92,grocery,0,0
TXN109109,C1825,2381.69,23,1,1,1,2175.97,cash_withdrawal,0,1
TXN109110,C1422,3647.68,17,0,0,4,4004.09,electronics,0,0
TXN109111,C1102,8359.22,14,0,0,1,6913.86,restaurant,0,0
TXN109112,C1282,1956.44,2,1,0,4,2069.96,restaurant,0,1
TXN109113,C1165,7805.88,13,0,0,1,6313.5,online_services,0,0
TXN109114,C1043,6887.23,17,0,0,1,3508.88,grocery,3,0
TXN109115,C1529,2446.41,3,0,0,3,3467.72,cash_withdrawal,0,0
TXN109116,C1744,7306.05,21,1,0,1,4452.16,travel,0,0
TXN109117,C1458,1936.7,3,0,0,4,1733.72,electronics,2,0
TXN109118,C1606,4513.95,0,0,0,1,4532.47,cash_withdrawal,0,0
TXN109119,C1737,3255.65,3,0,0,1,3938.41,travel,0,0
TXN109120,C1721,685.41,1,0,0,4,1108.67,restaurant,3,0
TXN109121,C1086,922.7,6,0,1,1,1860.53,online_services,0,0
TXN109122,C1043,892.03,13,0,0,4,1203.12,restaurant,0,0
TXN109123,C1104,1949.31,7,0,0,4,2914.28,grocery,0,0
TXN109124,C1473,1561.19,22,0,0,2,2258.77,electronics,0,0
TXN109125,C1340,1330.76,2,0,0,2,2728.64,grocery,2,0
TXN109126,C1832,2281.47,9,0,0,1,2571.09,travel,0,0
TXN109127,C1993,10709.19,16,0,0,1,8810.17,travel,0,0
TXN109128,C1503,2197.86,9,0,0,2,1564.27,electronics,1,0
TXN109129,C1820,1012.01,12,0,0,6,1250.06,electronics,0,0
TXN109130,C1116,13239.15,22,0,1,2,6342.49,electronics,0,0
TXN109131,C1025,1059.13,0,0,1,1,1545.74,online_services,0,0
TXN109132,C1445,13308.38,5,0,0,5,7807.05,travel,0,1
TXN109133,C1544,3130.6,16,0,0,2,1734.28,jewelry,0,0
TXN109134,C1363,1011.64,14,0,0,6,1030.14,restaurant,0,0
TXN109135,C1720,5295.88,13,0,0,1,5912.7,online_services,0,0
TXN109136,C1259,5024.67,15,0,1,1,3397.21,grocery,0,0
TXN109137,C1209,1193.03,3,0,0,2,1712.61,online_services,0,1
TXN109138,C1005,13862.24,10,0,0,3,5292.87,electronics,0,1
TXN109139,C1687,6609.59,6,0,1,1,2325.52,online_services,1,0
TXN109140,C1412,3105.05,5,0,0,1,2149.56,cash_withdrawal,0,0
TXN109141,C1829,1584.44,14,1,0,2,2721.91,travel,0,0
TXN109142,C1858,3311.66,13,0,0,2,3241.22,restaurant,0,0
TXN109143,C1447,2747.69,4,1,0,1,2869.36,grocery,0,0
TXN109144,C1361,6122.7,18,0,0,3,7374.83,grocery,0,0
TXN109145,C1537,5089.73,7,1,0,3,5865.31,cash_withdrawal,0,0
TXN109146,C1141,4471.3,22,0,0,1,6393.12,cash_withdrawal,0,0
TXN109147,C1486,892.4,0,0,0,4,1197.61,grocery,0,0
TXN109148,C1058,1601.08,8,0,0,2,1458.03,restaurant,0,0
TXN109149,C1424,6502.23,13,0,0,2,5471.21,grocery,1,0
TXN109150,C1318,1945.51,10,0,0,1,1958.28,jewelry,0,0
TXN109151,C1603,1046.42,0,0,0,2,2243.6,cash_withdrawal,0,0
TXN109152,C1069,2189.34,3,0,0,1,3114.18,grocery,0,0
TXN109153,C1457,3944.32,18,1,0,5,2439.36,restaurant,0,0
TXN109154,C1682,7540.95,14,0,0,1,8208.38,grocery,0,0
TXN109155,C1935,914.41,8,0,0,4,2219.16,grocery,0,1
TXN109156,C1020,6390.75,23,0,0,2,14586.71,jewelry,0,0
TXN109157,C1268,6141.14,18,0,0,1,2798.43,electronics,1,0
TXN109158,C1556,4253.64,17,0,0,1,3622.54,grocery,2,0
TXN109159,C1840,8444.31,22,0,0,4,7112.24,online_services,0,0
TXN109160,C1775,2678.18,22,0,0,5,2222.68,cash_withdrawal,0,0
TXN109161,C1724,3734.23,20,0,0,2,6160.41,jewelry,0,0
TXN109162,C1276,2672.03,18,0,0,2,1673.73,grocery,0,0
TXN109163,C1322,990.91,7,0,0,3,1378.75,jewelry,0,0
TXN109164,C1724,2146.42,2,0,0,2,5678.6,travel,0,0
TXN109165,C1803,3018.7,5,0,0,1,2507.49,grocery,0,0
TXN109166,C1261,3126.3,19,1,0,1,2242.74,online_services,0,1
TXN109167,C1513,3206.94,1,0,0,1,3244.37,cash_withdrawal,0,0
TXN109168,C1603,3013.6,9,0,0,2,3072.56,jewelry,0,0
TXN109169,C1850,14616.81,19,0,0,1,16406.85,cash_withdrawal,1,0
TXN109170,C1508,1676.77,12,0,0,2,2175.2,cash_withdrawal,0,0
TXN109171,C1620,1753.88,16,0,1,2,2406.75,restaurant,0,0
TXN109172,C1654,942.16,7,0,0,3,2333.91,jewelry,0,1
TXN109173,C1066,1793.33,6,0,0,1,2909.12,restaurant,0,0
TXN109174,C1604,2917.76,14,0,0,2,4975.72,jewelry,0,0
TXN109175,C1123,5838.98,13,0,0,1,4753.98,restaurant,0,0
TXN109176,C1617,1772.73,17,0,0,2,1413.39,jewelry,0,0
TXN109177,C1299,2849.25,3,0,0,2,3445.57,restaurant,0,1
TXN109178,C1929,4457.8,12,1,0,1,4655.55,grocery,0,0
TXN109179,C1152,1315.87,6,0,0,2,1745.61,restaurant,1,0
TXN109180,C1293,3056.43,1,0,0,2,3030.66,restaurant,0,1
TXN109181,C1491,7301.03,18,0,0,3,5849.04,travel,3,1
TXN109182,C1254,1882.38,7,0,0,2,2297.05,cash_withdrawal,1,0
TXN109183,C1178,2239.01,10,0,0,1,3212.79,restaurant,0,0
TXN109184,C1187,6609.63,6,0,0,3,8849.29,jewelry,0,0
TXN109185,C1705,1027.68,16,0,0,5,1556.1,jewelry,0,0
TXN109186,C1605,2434.38,19,0,0,2,1492.21,travel,1,0
TXN109187,C1596,2988.3,18,0,0,3,3306.1,grocery,0,0
TXN109188,C1625,5374.45,14,0,0,4,5988.18,cash_withdrawal,0,1
TXN109189,C1015,1877.87,2,0,1,3,1847.96,jewelry,0,0
TXN109190,C1842,3121.41,8,0,0,2,2404.36,electronics,0,0
TXN109191,C1904,1896.44,13,0,0,1,3902.99,cash_withdrawal,0,0
TXN109192,C1978,580.93,21,0,0,1,1291.44,electronics,0,0
TXN109193,C1026,4806.94,6,0,0,1,5634.55,restaurant,0,0
TXN109194,C1052,5866.51,16,0,0,3,3948.85,restaurant,0,0
TXN109195,C1839,4740.23,17,0,0,2,8852.05,cash_withdrawal,1,0
TXN109196,C1175,265.63,3,0,1,1,947.79,grocery,0,0
TXN109197,C1420,2749.07,1,1,0,1,1720.17,cash_withdrawal,0,0
TXN109198,C1162,11403.47,21,0,0,1,5613.52,jewelry,2,0
TXN109199,C1675,5088.64,0,0,0,1,5675.28,jewelry,3,0
TXN109200,C1822,4217.55,21,0,0,1,1736.48,jewelry,0,0
TXN109201,C1265,599.22,3,0,0,1,815.63,cash_withdrawal,0,1
TXN109202,C1953,2797.49,17,0,0,1,2641.37,cash_withdrawal,0,0
TXN109203,C1085,406.29,7,0,0,1,906.48,travel,0,0
TXN109204,C1700,1066.81,22,0,0,4,1398.38,cash_withdrawal,0,0
TXN109205,C1629,4159.92,18,1,0,3,5863.0,online_services,0,0
TXN109206,C1609,686.9,16,1,0,2,1954.24,cash_withdrawal,0,0
TXN109207,C1598,13124.61,14,0,0,2,13386.33,electronics,0,0
TXN109208,C1918,1153.39,3,0,0,3,2498.65,grocery,0,0
TXN109209,C1999,4615.72,14,0,0,1,6139.81,grocery,0,1
TXN109210,C1748,1347.53,17,0,0,1,962.02,online_services,0,0
TXN109211,C1640,1376.36,18,0,0,1,1237.04,travel,0,0
TXN109212,C1950,593.37,21,0,0,1,1067.91,online_services,1,0
TXN109213,C1031,744.44,2,0,0,3,1514.43,online_services,0,1
TXN109214,C1950,4599.8,12,0,0,3,3879.66,travel,0,1
TXN109215,C1311,4774.21,17,0,0,6,10598.74,electronics,0,1
TXN109216,C1164,3239.12,3,0,0,1,3584.98,restaurant,0,0
TXN109217,C1969,2391.75,11,0,0,5,2116.37,online_services,2,1
TXN109218,C1525,10753.24,23,0,0,2,6941.53,electronics,0,0
TXN109219,C1584,4881.69,14,0,0,1,2596.78,online_services,1,0
TXN109220,C1382,3747.21,14,0,1,2,4786.06,grocery,1,1
TXN109221,C1552,3575.08,5,0,0,1,3268.1,grocery,0,0
TXN109222,C1831,3560.64,0,0,0,1,1591.91,travel,2,1
TXN109223,C1553,2373.39,1,0,0,3,3056.11,restaurant,0,0
TXN109224,C1485,10212.76,10,0,0,2,8091.75,restaurant,0,0
TXN109225,C1682,14369.3,2,0,0,1,15473.75,cash_withdrawal,1,0
TXN109226,C1862,6837.1,5,0,0,3,3817.94,cash_withdrawal,0,0
TXN109227,C1193,4440.79,12,0,0,1,7420.35,online_services,2,0
TXN109228,C1087,7669.1,9,0,0,2,4879.46,online_services,2,0
TXN109229,C1412,989.74,2,0,0,2,800.85,cash_withdrawal,0,0
TXN109230,C1663,2415.49,21,0,0,1,2527.56,grocery,2,0
TXN109231,C1956,2538.73,5,0,0,1,2446.13,online_services,0,0
TXN109232,C1912,2161.72,15,0,0,1,1578.13,jewelry,0,0
TXN109233,C1836,2388.29,18,0,0,4,2546.18,travel,0,0
TXN109234,C1810,2442.5,5,0,0,2,2260.55,online_services,0,0
TXN109235,C1686,991.08,13,0,0,2,874.09,online_services,2,1
TXN109236,C1925,894.93,16,0,0,2,1421.36,electronics,0,0
TXN109237,C1474,4249.9,23,0,0,2,3765.4,cash_withdrawal,0,0
TXN109238,C1401,3423.5,18,0,0,2,3871.78,jewelry,0,0
TXN109239,C1952,3990.2,15,0,0,1,7421.47,jewelry,0,0
TXN109240,C1650,12848.75,1,0,0,1,14942.37,travel,0,1
TXN109241,C1044,7773.92,18,0,0,1,10794.72,travel,0,0
TXN109242,C1234,6049.06,22,0,0,3,3295.38,grocery,0,0
TXN109243,C1264,399.99,2,0,0,3,982.77,cash_withdrawal,0,0
TXN109244,C1594,2588.59,13,0,0,1,3607.13,grocery,0,0
TXN109245,C1363,2055.3,13,0,0,5,2846.85,grocery,0,1
TXN109246,C1506,8643.03,17,0,0,3,7657.29,jewelry,0,0
TXN109247,C1254,944.22,5,0,0,3,1101.9,restaurant,0,0
TXN109248,C1290,3473.91,21,0,0,6,5033.69,cash_withdrawal,0,1
TXN109249,C1707,1418.6,17,1,0,4,1228.76,online_services,0,1
TXN109250,C1229,8433.35,10,0,0,1,14174.58,jewelry,0,0
TXN109251,C1386,2422.15,11,0,0,1,2966.24,grocery,1,0
TXN109252,C1797,2589.64,14,0,0,2,3588.76,online_services,0,0
TXN109253,C1817,2427.01,21,0,0,3,2207.32,jewelry,0,0
TXN109254,C1656,1382.05,12,0,0,1,1104.92,electronics,0,0
TXN109255,C1299,4493.34,20,0,0,2,4619.11,grocery,0,0
TXN109256,C1906,1339.69,19,1,0,2,1590.23,restaurant,0,0
TXN109257,C1718,3653.8,20,0,0,1,2921.48,travel,1,1
TXN109258,C1855,3886.52,19,0,0,1,2702.81,restaurant,1,0
TXN109259,C1392,716.37,17,0,0,1,1182.01,electronics,0,0
TXN109260,C1737,1600.47,8,0,0,3,1672.26,online_services,0,0
TXN109261,C1439,2044.11,0,1,0,2,2198.85,travel,0,1
TXN109262,C1463,3238.14,16,0,0,2,3508.79,travel,0,1
TXN109263,C1155,4054.72,2,0,0,3,3412.14,restaurant,0,0
TXN109264,C1011,7529.09,4,0,0,1,6089.85,online_services,0,0
TXN109265,C1346,716.76,3,0,0,3,898.07,restaurant,1,0
TXN109266,C1145,9435.46,5,1,0,1,3236.0,travel,0,0
TXN109267,C1593,9577.99,7,0,0,2,11434.05,cash_withdrawal,0,0
TXN109268,C1645,2311.42,13,0,0,1,1530.82,travel,0,0
TXN109269,C1555,4023.05,17,0,0,1,2836.25,electronics,0,0
TXN109270,C1000,1714.05,16,0,0,1,1964.71,online_services,1,0
TXN109271,C1983,1334.58,7,0,0,3,3006.91,travel,0,0
TXN109272,C1547,17831.01,12,0,0,2,12666.71,online_services,0,0
TXN109273,C1713,6836.7,16,0,0,1,8139.86,electronics,0,0
TXN109274,C1628,2540.48,1,0,0,3,1990.07,restaurant,2,1
TXN109275,C1140,6472.79,8,0,0,3,3994.29,restaurant,0,0
TXN109276,C1491,4003.44,4,1,0,1,2937.94,cash_withdrawal,0,0
TXN109277,C1539,1146.99,14,0,0,3,757.46,online_services,0,0
TXN109278,C1589,16204.07,2,0,0,4,3300.39,restaurant,0,0
TXN109279,C1022,1177.76,19,0,0,2,735.42,cash_withdrawal,0,0
TXN109280,C1064,5634.08,2,0,0,1,6797.44,travel,0,0
TXN109281,C1075,3940.13,6,0,0,1,1941.73,cash_withdrawal,0,0
TXN109282,C1115,3916.64,18,0,1,1,3042.9,cash_withdrawal,3,0
TXN109283,C1742,1881.37,7,0,1,1,1568.42,travel,1,0
TXN109284,C1677,3187.46,19,0,0,3,1971.2,jewelry,0,0
TXN109285,C1834,7568.22,5,1,0,4,6446.46,cash_withdrawal,0,0
TXN109286,C1894,2835.98,6,0,0,3,4009.71,jewelry,0,0
TXN109287,C1417,2783.38,3,0,0,2,1155.94,electronics,0,1
TXN109288,C1218,680.25,15,0,0,1,2019.29,jewelry,0,0
TXN109289,C1417,3633.94,0,0,1,3,3397.43,travel,0,0
TXN109290,C1191,1660.13,7,0,0,2,2410.67,grocery,0,0
TXN109291,C1940,1764.7,8,0,0,1,2352.81,travel,0,0
TXN109292,C1569,3149.99,16,0,0,2,1867.63,grocery,0,0
TXN109293,C1410,17949.79,10,0,0,3,16727.14,cash_withdrawal,1,0
TXN109294,C1849,3453.69,22,0,1,1,5988.39,grocery,0,0
TXN109295,C1931,4357.28,5,0,1,2,1964.2,travel,1,0
TXN109296,C1928,2210.39,8,0,0,2,2509.92,cash_withdrawal,0,0
TXN109297,C1309,2052.63,15,0,0,1,2621.52,electronics,0,0
TXN109298,C1268,21424.04,3,0,0,1,46223.96,online_services,0,0
TXN109299,C1099,6737.81,13,1,0,1,6271.2,travel,2,1
TXN109300,C1665,3494.19,1,1,0,1,2537.98,cash_withdrawal,0,0
TXN109301,C1197,1385.34,22,0,0,2,2469.95,travel,0,0
TXN109302,C1280,2536.79,0,0,0,1,2764.62,cash_withdrawal,0,0
TXN109303,C1580,267.56,13,0,0,6,807.61,restaurant,0,1
TXN109304,C1865,5786.66,2,0,0,1,2795.64,restaurant,0,0
TXN109305,C1773,7828.45,23,0,0,6,4330.88,restaurant,0,1
TXN109306,C1918,4808.51,23,0,0,3,6218.63,grocery,0,0
TXN109307,C1790,2148.33,16,0,0,4,3827.3,electronics,0,0
TXN109308,C1716,3978.78,8,0,0,1,2773.08,online_services,0,0
TXN109309,C1551,563.76,18,0,0,2,1160.39,cash_withdrawal,0,0
TXN109310,C1559,2597.59,20,0,0,1,2156.54,grocery,2,0
TXN109311,C1559,984.43,17,1,0,2,2514.56,jewelry,0,0
TXN109312,C1002,1788.14,12,0,0,3,1961.36,restaurant,0,0
TXN109313,C1853,7802.09,17,0,0,1,6817.72,electronics,0,0
TXN109314,C1099,1678.91,8,0,0,1,1517.43,grocery,0,0
TXN109315,C1453,3121.03,8,0,0,1,2942.87,restaurant,0,0
TXN109316,C1529,2251.28,3,0,0,1,3313.18,cash_withdrawal,1,0
TXN109317,C1231,12717.36,10,1,0,1,10298.12,online_services,0,0
TXN109318,C1189,1497.42,12,0,0,1,2126.72,jewelry,2,0
TXN109319,C1385,1187.99,8,0,0,2,1670.67,online_services,0,0
TXN109320,C1432,3042.76,19,0,0,1,4093.81,jewelry,1,0
TXN109321,C1551,1261.46,19,0,0,1,1320.8,cash_withdrawal,0,0
TXN109322,C1937,977.7,7,0,0,3,1734.65,jewelry,0,0
TXN109323,C1998,6003.66,18,0,0,1,5055.88,restaurant,2,0
TXN109324,C1713,2534.42,19,0,0,4,2994.95,online_services,0,0
TXN109325,C1450,2332.59,9,0,0,1,2024.38,online_services,0,0
TXN109326,C1390,4948.89,18,0,0,3,4193.76,travel,0,1
TXN109327,C1705,1149.77,2,1,0,3,1531.33,travel,0,0
TXN109328,C1348,1220.83,18,0,0,5,4808.16,travel,0,0
TXN109329,C1321,7701.53,21,0,0,1,9623.01,grocery,0,0
TXN109330,C1113,6197.8,3,0,0,1,10436.99,online_services,0,0
TXN109331,C1138,2903.78,23,0,0,1,2749.22,online_services,0,0
TXN109332,C1695,3215.4,5,0,0,1,3405.58,grocery,2,1
TXN109333,C1865,17213.3,21,0,1,4,24077.03,cash_withdrawal,0,1
TXN109334,C1489,3569.23,11,0,0,2,2713.73,electronics,1,0
TXN109335,C1713,1924.36,12,0,1,2,2507.23,jewelry,0,0
TXN109336,C1045,2288.29,11,0,0,2,1976.22,grocery,0,0
TXN109337,C1072,1341.8,15,0,0,2,1255.89,grocery,0,0
TXN109338,C1432,3640.34,21,0,0,3,3305.4,jewelry,0,0
TXN109339,C1063,3461.4,7,0,0,2,3405.42,cash_withdrawal,1,0
TXN109340,C1610,6840.51,17,0,0,2,8688.37,cash_withdrawal,0,1
TXN109341,C1789,527.68,17,0,0,4,978.04,cash_withdrawal,0,0
TXN109342,C1404,4733.51,6,0,0,5,3822.33,restaurant,0,0
TXN109343,C1321,900.37,7,0,0,2,1114.86,restaurant,0,0
TXN109344,C1999,5483.72,22,0,0,3,7946.48,jewelry,0,0
TXN109345,C1128,2985.37,3,0,0,2,2201.99,online_services,0,0
TXN109346,C1593,8601.13,8,0,0,2,12571.08,travel,1,0
TXN109347,C1381,2165.58,19,0,0,1,2962.22,grocery,0,0
TXN109348,C1388,879.76,15,0,0,5,1033.86,grocery,1,1
TXN109349,C1050,906.08,0,0,0,4,1572.96,online_services,0,0
TXN109350,C1671,1702.79,20,0,0,3,1853.21,online_services,0,0
TXN109351,C1308,2060.34,4,0,0,1,2351.95,travel,0,0
TXN109352,C1543,1342.54,18,0,0,2,1529.04,travel,0,0
TXN109353,C1183,157.57,1,0,0,2,847.27,travel,0,0
TXN109354,C1942,2505.9,12,0,0,4,2276.93,restaurant,0,0
TXN109355,C1698,2818.94,8,0,0,1,7207.43,cash_withdrawal,0,0
TXN109356,C1924,8545.78,23,0,0,2,5785.86,cash_withdrawal,0,0
TXN109357,C1570,9667.63,19,0,0,1,8038.94,restaurant,0,0
TXN109358,C1441,2996.67,15,0,0,1,3181.42,restaurant,0,0
TXN109359,C1051,6643.67,10,0,0,2,3312.51,cash_withdrawal,0,0
TXN109360,C1446,1921.46,8,0,0,1,1806.15,electronics,0,0
TXN109361,C1014,5830.73,9,0,0,1,2111.79,travel,0,0
TXN109362,C1433,8562.75,11,0,0,5,7444.86,restaurant,0,0
TXN109363,C1774,916.5,14,1,1,1,864.69,travel,1,0
TXN109364,C1550,2032.56,0,0,0,4,3252.64,online_services,0,1
TXN109365,C1461,3529.23,9,0,0,1,1733.85,cash_withdrawal,0,0
TXN109366,C1326,7583.57,7,0,0,2,4011.36,electronics,0,0
TXN109367,C1800,6188.03,16,0,0,2,6568.58,cash_withdrawal,1,0
TXN109368,C1623,1088.7,0,0,0,1,2528.96,restaurant,0,0
TXN109369,C1133,9605.55,7,0,0,1,5232.72,cash_withdrawal,0,0
TXN109370,C1801,1980.79,11,0,0,1,1166.01,travel,0,0
TXN109371,C1818,8144.92,12,0,0,3,3991.54,restaurant,1,0
TXN109372,C1802,4423.83,4,0,0,1,5098.41,cash_withdrawal,0,0
TXN109373,C1648,8345.09,5,0,0,2,6241.11,cash_withdrawal,0,0
TXN109374,C1428,18483.39,10,0,0,3,14396.57,jewelry,0,1
TXN109375,C1296,1781.54,1,0,0,2,2183.36,grocery,3,0
TXN109376,C1406,2939.36,20,0,0,1,3443.92,travel,0,0
TXN109377,C1618,1898.98,19,1,0,1,2752.09,travel,1,0
TXN109378,C1234,1620.44,1,0,0,4,2035.22,grocery,1,1
TXN109379,C1711,3769.4,21,0,0,1,4106.96,restaurant,0,0
TXN109380,C1164,4508.98,5,0,0,1,8515.44,grocery,0,0
TXN109381,C1179,3169.91,4,0,0,1,1942.84,travel,0,0
TXN109382,C1185,1662.78,14,1,0,2,1275.2,restaurant,0,0
TXN109383,C1987,1008.49,15,0,0,1,1635.78,jewelry,0,0
TXN109384,C1672,20183.07,15,1,0,2,10706.95,travel,0,0
TXN109385,C1410,1014.63,4,0,0,2,2268.84,cash_withdrawal,0,0
TXN109386,C1323,1746.22,19,0,0,1,2513.02,grocery,0,0
TXN109387,C1399,1387.74,0,0,0,4,2943.0,grocery,0,1
TXN109388,C1080,6068.33,5,0,0,2,8687.3,travel,3,0
TXN109389,C1726,2453.07,3,1,0,2,2110.76,grocery,0,0
TXN109390,C1381,1843.49,16,0,0,2,2513.25,cash_withdrawal,1,0
TXN109391,C1979,1381.17,8,0,0,1,2704.43,online_services,2,0
TXN109392,C1816,1000.13,16,0,0,1,800.76,jewelry,2,0
TXN109393,C1397,4986.19,1,0,0,3,6454.34,grocery,0,0
TXN109394,C1778,2844.5,17,0,0,3,2919.84,grocery,0,0
TXN109395,C1110,5761.91,15,0,0,1,3378.73,online_services,0,0
TXN109396,C1528,923.47,12,0,0,4,819.84,restaurant,3,0
TXN109397,C1728,3752.01,15,0,0,3,5321.32,online_services,0,0
TXN109398,C1130,4269.7,6,0,0,1,2701.48,cash_withdrawal,1,0
TXN109399,C1081,3060.22,5,0,0,1,2440.54,online_services,0,0
TXN109400,C1609,6531.67,11,0,0,1,5166.42,restaurant,0,0
TXN109401,C1953,6605.12,0,0,1,1,3745.42,cash_withdrawal,0,1
TXN109402,C1279,1232.18,14,0,0,1,1665.83,electronics,0,0
TXN109403,C1735,6289.04,13,0,0,1,6491.87,cash_withdrawal,0,0
TXN109404,C1269,8483.77,5,0,0,1,5352.23,jewelry,0,0
TXN109405,C1831,7782.91,13,0,0,1,8830.43,grocery,2,1
TXN109406,C1150,2059.33,23,0,0,2,1861.68,grocery,0,0
TXN109407,C1941,2937.19,5,0,0,4,2928.1,grocery,0,1
TXN109408,C1208,16591.48,16,0,0,1,7270.86,travel,0,0
TXN109409,C1234,2078.86,23,0,0,4,2434.25,cash_withdrawal,0,0
TXN109410,C1905,2972.44,15,0,0,2,2734.84,travel,0,0
TXN109411,C1233,2005.88,13,1,0,3,3096.47,travel,2,1
TXN109412,C1713,5710.79,18,0,0,1,8321.69,jewelry,2,0
TXN109413,C1395,1774.08,17,0,0,1,1264.2,grocery,2,0
TXN109414,C1472,1168.42,17,0,0,1,883.91,travel,0,0
TXN109415,C1997,1505.67,20,0,0,2,2234.27,electronics,0,0
TXN109416,C1377,3549.91,8,0,0,3,3029.52,online_services,0,0
TXN109417,C1179,1682.03,9,0,0,5,2193.95,electronics,0,0
TXN109418,C1126,934.44,21,0,0,2,1389.11,online_services,0,0
TXN109419,C1711,4251.22,7,0,0,2,3830.55,online_services,0,0
TXN109420,C1332,3148.34,8,0,0,2,3234.58,travel,0,0
TXN109421,C1816,3369.33,8,0,0,3,2715.99,grocery,0,0
TXN109422,C1032,1823.89,21,0,0,1,2683.56,restaurant,1,0
TXN109423,C1260,3790.01,9,0,0,1,3027.92,jewelry,2,0
TXN109424,C1376,388.93,9,0,0,3,607.47,jewelry,0,1
TXN109425,C1478,2695.02,10,0,1,4,3285.18,jewelry,3,1
TXN109426,C1149,2604.87,6,0,0,2,1844.98,cash_withdrawal,0,0
TXN109427,C1901,2463.71,2,0,0,1,3561.4,grocery,1,0
TXN109428,C1143,2120.26,6,1,0,1,1693.5,electronics,0,0
TXN109429,C1957,9417.7,22,0,0,3,11351.74,restaurant,0,0
TXN109430,C1292,3552.15,17,0,1,1,3654.23,online_services,0,1
TXN109431,C1783,2912.7,23,0,0,3,3456.01,jewelry,0,0
TXN109432,C1503,3113.2,21,0,0,1,1782.68,online_services,0,0
TXN109433,C1751,6758.93,2,0,1,2,7280.77,restaurant,0,0
TXN109434,C1448,3539.15,12,0,0,1,2804.95,cash_withdrawal,2,0
TXN109435,C1211,13035.8,7,1,0,1,5131.4,jewelry,0,1
TXN109436,C1300,4867.97,20,0,0,1,4021.17,jewelry,1,0
TXN109437,C1694,3018.85,23,1,0,1,4962.91,electronics,2,1
TXN109438,C1501,3590.95,5,0,0,2,2536.15,grocery,0,0
TXN109439,C1196,772.89,17,0,0,2,1196.59,online_services,0,0
TXN109440,C1388,3549.44,21,0,0,2,6162.01,electronics,0,0
TXN109441,C1839,251.58,2,0,0,1,541.63,restaurant,0,0
TXN109442,C1362,1671.41,22,0,0,1,2640.38,grocery,0,0
TXN109443,C1670,3312.82,17,0,0,1,4933.77,grocery,0,0
TXN109444,C1820,4519.48,2,0,0,2,4772.5,online_services,0,1
TXN109445,C1802,3104.93,12,0,0,3,2797.13,electronics,0,0
TXN109446,C1846,1357.55,1,0,0,2,632.4,travel,1,1
TXN109447,C1336,11355.16,22,0,0,3,9314.96,jewelry,3,0
TXN109448,C1199,5406.18,1,0,0,1,4824.89,restaurant,0,0
TXN109449,C1623,6754.49,7,0,0,1,5324.64,travel,0,0
TXN109450,C1736,2162.23,17,0,0,3,1708.74,online_services,0,0
TXN109451,C1849,1919.28,4,0,0,2,2267.18,travel,1,0
TXN109452,C1639,1958.28,7,0,0,2,1549.15,travel,0,0
TXN109453,C1868,3270.63,7,0,0,1,3963.19,travel,0,0
TXN109454,C1012,2647.22,1,0,0,1,2921.64,cash_withdrawal,1,1
TXN109455,C1942,3116.91,22,0,0,3,2984.5,cash_withdrawal,0,0
TXN109456,C1649,15319.03,23,0,0,2,12294.42,grocery,0,0
TXN109457,C1527,4198.53,2,0,0,2,3345.2,jewelry,0,0
TXN109458,C1893,3188.58,12,0,0,1,2417.1,restaurant,1,0
TXN109459,C1485,521.68,16,0,0,1,646.6,travel,0,0
TXN109460,C1526,8973.17,2,0,0,5,7870.19,cash_withdrawal,0,0
TXN109461,C1435,1517.52,11,0,0,2,1205.83,electronics,1,0
TXN109462,C1285,1389.84,8,0,0,2,1401.03,travel,0,0
TXN109463,C1938,5960.4,21,0,0,1,5562.08,travel,0,0
TXN109464,C1267,2748.86,8,0,0,1,1960.67,restaurant,0,0
TXN109465,C1054,7594.22,17,0,0,2,4137.07,electronics,0,0
TXN109466,C1839,1677.3,17,0,0,1,3933.68,travel,0,0
TXN109467,C1704,609.81,2,0,1,1,582.81,restaurant,2,0
TXN109468,C1617,5333.71,19,1,0,1,10855.84,electronics,0,0
TXN109469,C1461,1757.8,22,0,0,1,1477.73,cash_withdrawal,0,0
TXN109470,C1565,5402.01,3,0,1,2,6865.35,grocery,0,0
TXN109471,C1657,4193.55,21,0,0,3,7423.92,jewelry,0,0
TXN109472,C1773,10859.2,23,0,0,2,6471.13,jewelry,0,0
TXN109473,C1328,7387.17,7,0,1,1,10679.44,jewelry,0,1
TXN109474,C1610,1310.17,3,0,0,2,1308.77,electronics,0,0
TXN109475,C1549,3510.62,14,1,1,4,4571.84,online_services,0,0
TXN109476,C1524,5735.75,21,0,0,2,2616.32,travel,1,0
TXN109477,C1895,10239.37,17,0,0,1,6519.45,jewelry,0,0
TXN109478,C1395,3265.99,19,0,0,2,6121.13,online_services,0,0
TXN109479,C1593,1521.04,13,0,0,2,1268.52,online_services,0,0
TXN109480,C1540,6687.2,16,0,0,2,3478.96,cash_withdrawal,0,0
TXN109481,C1158,1029.26,22,0,0,1,1561.4,online_services,0,0
TXN109482,C1062,2837.36,9,0,0,4,1547.91,travel,0,0
TXN109483,C1492,551.13,18,1,1,4,755.56,jewelry,0,1
TXN109484,C1136,1088.74,15,0,0,1,2026.38,grocery,2,0
TXN109485,C1280,2929.89,14,0,1,2,3925.89,jewelry,2,0
TXN109486,C1140,1471.77,8,0,0,1,1746.48,restaurant,0,0
TXN109487,C1238,3858.97,1,0,0,1,2592.05,cash_withdrawal,0,0
TXN109488,C1091,8838.44,23,0,0,2,5069.34,online_services,0,0
TXN109489,C1553,17483.75,23,0,0,4,9428.59,restaurant,0,0
TXN109490,C1727,5190.27,8,0,0,1,2977.89,electronics,1,0
TXN109491,C1274,661.44,4,0,0,1,1213.52,electronics,0,0
TXN109492,C1851,908.29,17,0,1,1,2597.12,jewelry,3,0
TXN109493,C1231,4682.69,18,0,0,7,5800.94,restaurant,0,1
TXN109494,C1166,2672.86,16,0,0,2,3050.77,electronics,0,0
TXN109495,C1243,1458.04,18,0,0,3,3337.86,cash_withdrawal,0,0
TXN109496,C1105,6033.42,4,0,0,4,4163.82,grocery,0,0
TXN109497,C1661,4053.83,21,0,0,4,5191.79,online_services,0,0
TXN109498,C1511,1274.3,0,0,0,2,941.12,restaurant,1,0
TXN109499,C1942,11706.66,5,1,0,1,11586.04,online_services,1,1
TXN109500,C1215,4554.38,5,0,0,2,7766.84,online_services,1,0
TXN109501,C1887,13320.03,16,0,0,3,7912.78,grocery,0,0
TXN109502,C1728,341.89,18,0,0,2,558.45,online_services,0,0
TXN109503,C1946,5610.7,6,0,0,3,9800.14,electronics,1,0
TXN109504,C1149,4123.26,3,0,0,1,3261.53,grocery,1,0
TXN109505,C1835,2224.76,3,0,0,1,3953.6,grocery,1,1
TXN109506,C1189,23324.9,7,0,0,1,23235.03,electronics,0,0
TXN109507,C1910,3538.29,0,0,1,1,2682.29,grocery,0,1
TXN109508,C1064,1622.11,22,0,0,3,1618.86,online_services,2,0
TXN109509,C1395,2940.59,14,0,0,1,2673.41,restaurant,0,0
TXN109510,C1388,2675.47,3,1,0,2,3313.3,grocery,0,0
TXN109511,C1931,12398.91,0,0,1,2,5738.06,online_services,0,1
TXN109512,C1861,2827.16,20,0,0,3,4985.85,online_services,1,0
TXN109513,C1687,2662.54,17,1,0,3,3555.48,cash_withdrawal,0,0
TXN109514,C1692,2029.17,15,0,0,1,1187.69,jewelry,0,0
TXN109515,C1395,3715.93,3,0,0,1,2091.05,grocery,0,0
TXN109516,C1560,1470.78,2,0,0,1,4812.94,cash_withdrawal,1,1
TXN109517,C1302,7203.08,6,0,0,1,12132.36,travel,1,1
TXN109518,C1392,2801.61,2,0,0,4,3914.12,travel,2,0
TXN109519,C1063,1198.52,23,0,0,1,2317.88,electronics,0,0
TXN109520,C1919,2953.6,17,0,0,2,1962.55,travel,0,0
TXN109521,C1950,2032.15,10,0,0,2,2434.65,jewelry,0,0
TXN109522,C1249,537.31,20,0,0,9,1552.99,grocery,0,0
TXN109523,C1603,705.69,16,0,0,1,1173.29,cash_withdrawal,1,0
TXN109524,C1048,1198.59,15,0,0,2,1416.77,travel,0,0
TXN109525,C1431,1015.18,17,0,0,2,1254.13,jewelry,2,0
TXN109526,C1141,2470.59,6,0,0,1,3823.24,travel,1,0
TXN109527,C1316,3151.42,13,1,1,8,2234.44,cash_withdrawal,2,1
TXN109528,C1602,3225.68,10,0,0,2,3795.03,cash_withdrawal,0,0
TXN109529,C1692,3627.67,3,0,0,2,5858.08,grocery,0,0
TXN109530,C1003,2012.4,6,0,0,2,3288.55,jewelry,2,0
TXN109531,C1791,1141.61,0,1,0,1,1426.15,restaurant,0,0
TXN109532,C1855,1641.04,12,1,1,2,2981.49,electronics,3,1
TXN109533,C1003,3469.12,11,0,0,3,4168.21,cash_withdrawal,0,0
TXN109534,C1835,1696.33,8,0,0,1,1204.57,travel,0,0
TXN109535,C1975,903.57,23,0,0,2,1326.98,online_services,1,0
TXN109536,C1388,3255.37,14,0,0,2,4268.77,cash_withdrawal,0,0
TXN109537,C1076,1053.02,10,0,0,1,1270.99,grocery,0,0
TXN109538,C1924,355.54,22,0,0,2,597.73,grocery,1,0
TXN109539,C1446,2318.83,13,0,0,1,1308.56,jewelry,0,0
TXN109540,C1399,2094.61,13,0,0,1,1528.16,travel,1,0
TXN109541,C1094,2403.26,2,0,0,1,1591.74,grocery,2,0
TXN109542,C1926,1437.77,20,0,0,1,1995.4,restaurant,0,0
TXN109543,C1938,3634.82,11,0,0,1,2348.92,travel,0,0
TXN109544,C1888,6359.92,2,0,0,4,4601.75,jewelry,0,0
TXN109545,C1092,1341.64,22,0,0,3,1851.49,cash_withdrawal,0,0
TXN109546,C1913,1811.19,7,0,0,1,2477.94,travel,0,0
TXN109547,C1001,3725.06,14,0,0,2,4672.38,online_services,0,0
TXN109548,C1331,1950.01,3,0,0,2,3706.41,restaurant,0,1
TXN109549,C1628,5559.68,18,0,0,2,2569.73,travel,2,0
TXN109550,C1790,5066.41,19,0,0,1,7553.51,restaurant,3,0
TXN109551,C1042,1130.58,16,0,0,1,2453.09,online_services,0,0
TXN109552,C1015,1071.29,11,0,0,2,1802.39,cash_withdrawal,1,0
TXN109553,C1575,6822.11,6,0,0,1,4750.47,restaurant,0,0
TXN109554,C1429,11460.81,17,0,0,4,7712.32,electronics,0,0
TXN109555,C1301,4325.7,17,1,0,1,6041.4,electronics,1,1
TXN109556,C1386,5236.55,17,0,0,3,3051.41,jewelry,0,0
TXN109557,C1581,1489.56,18,0,0,1,2045.51,online_services,0,1
TXN109558,C1414,2605.54,5,0,0,3,4596.78,restaurant,0,0
TXN109559,C1621,1411.37,14,0,0,1,2510.38,cash_withdrawal,0,1
TXN109560,C1015,5424.54,16,0,0,1,3925.47,electronics,0,0
TXN109561,C1552,689.39,13,0,0,4,971.74,online_services,0,1
TXN109562,C1568,1416.86,16,0,0,1,4969.74,jewelry,2,0
TXN109563,C1579,13749.8,3,0,0,3,4500.71,restaurant,1,1
TXN109564,C1541,5007.63,21,0,0,1,5565.84,jewelry,1,0
TXN109565,C1656,9345.04,15,0,0,1,7959.72,cash_withdrawal,0,0
TXN109566,C1629,1546.0,2,0,0,2,1682.12,travel,0,0
TXN109567,C1031,1154.09,11,0,0,1,2607.33,cash_withdrawal,0,0
TXN109568,C1605,2181.72,13,0,1,2,2758.76,electronics,2,0
TXN109569,C1371,1480.41,14,0,0,4,2346.94,cash_withdrawal,0,0
TXN109570,C1079,6772.93,18,0,1,3,7116.22,restaurant,0,1
TXN109571,C1918,5058.1,12,0,0,1,5862.77,grocery,0,0
TXN109572,C1709,2246.03,19,0,0,7,3323.03,electronics,0,0
TXN109573,C1129,2112.37,0,0,0,2,2413.42,grocery,0,0
TXN109574,C1135,2838.34,13,0,0,9,5129.81,jewelry,0,0
TXN109575,C1782,8503.86,11,0,0,2,4940.55,restaurant,0,0
TXN109576,C1869,2384.19,20,0,0,2,5157.96,online_services,0,0
TXN109577,C1591,3222.36,17,0,1,1,4711.19,cash_withdrawal,0,0
TXN109578,C1893,2161.93,5,0,0,4,3368.65,restaurant,0,0
TXN109579,C1015,7051.96,9,0,0,2,5301.82,grocery,0,0
TXN109580,C1566,2735.94,0,0,0,1,3025.73,cash_withdrawal,0,0
TXN109581,C1966,4067.21,18,1,0,1,2834.69,travel,0,1
TXN109582,C1956,656.21,4,0,0,2,1060.73,grocery,2,0
TXN109583,C1802,3339.36,14,0,0,1,1991.07,travel,0,0
TXN109584,C1343,2124.81,16,1,0,1,3285.01,travel,2,1
TXN109585,C1994,30225.91,3,1,0,1,10833.41,restaurant,0,0
TXN109586,C1498,3791.85,14,0,1,3,3999.76,travel,0,0
TXN109587,C1723,4537.78,2,0,0,2,3742.81,jewelry,0,0
TXN109588,C1765,4830.96,4,0,0,3,5474.93,restaurant,0,0
TXN109589,C1303,2012.68,12,0,0,3,2126.16,online_services,0,0
TXN109590,C1189,2286.44,2,0,0,2,1726.22,grocery,0,0
TXN109591,C1554,1490.03,21,0,0,1,1776.82,cash_withdrawal,0,0
TXN109592,C1854,2845.65,20,0,0,1,3187.27,online_services,0,0
TXN109593,C1148,5220.98,8,1,0,2,6298.07,grocery,0,0
TXN109594,C1623,915.71,22,0,0,2,1559.55,online_services,0,0
TXN109595,C1412,4268.1,4,0,0,3,5931.94,restaurant,0,0
TXN109596,C1272,2530.14,5,0,0,6,2595.85,electronics,0,1
TXN109597,C1144,2029.14,19,0,1,2,1936.58,restaurant,0,0
TXN109598,C1342,26363.23,16,0,0,6,15374.55,online_services,1,1
TXN109599,C1076,18543.5,14,0,0,2,13236.95,grocery,2,0
TXN109600,C1830,3172.6,22,0,0,2,2313.38,travel,0,0
TXN109601,C1738,3940.8,23,0,0,1,3825.23,travel,0,0
TXN109602,C1272,6295.11,4,0,0,3,6082.73,grocery,0,1
TXN109603,C1843,1946.73,17,0,0,3,2029.39,travel,1,0
TXN109604,C1697,4361.4,9,0,0,3,3849.27,travel,0,0
TXN109605,C1497,5222.08,1,0,0,3,3424.09,travel,0,0
TXN109606,C1445,5423.32,16,0,1,2,4003.8,electronics,0,0
TXN109607,C1002,1115.77,18,0,0,1,1230.51,electronics,0,1
TXN109608,C1129,3041.95,11,0,0,1,3748.14,restaurant,0,0
TXN109609,C1850,4984.33,0,0,0,5,3436.82,jewelry,3,0
TXN109610,C1588,13133.58,0,0,0,2,7411.37,jewelry,3,1
TXN109611,C1050,9274.8,2,0,0,4,6320.28,jewelry,2,0
TXN109612,C1408,7685.48,7,0,0,1,3493.21,jewelry,0,0
TXN109613,C1920,1533.28,10,0,0,2,1191.04,restaurant,1,0
TXN109614,C1281,4093.39,1,0,0,1,2441.09,restaurant,0,0
TXN109615,C1175,10007.15,6,0,0,3,7271.19,cash_withdrawal,0,0
TXN109616,C1139,2600.25,8,0,0,1,3137.99,cash_withdrawal,0,0
TXN109617,C1885,2757.81,15,1,0,1,3782.02,electronics,0,1
TXN109618,C1515,958.94,5,0,0,1,1393.65,online_services,0,0
TXN109619,C1625,3083.82,10,0,0,3,3372.79,jewelry,0,0
TXN109620,C1906,2231.14,8,0,0,1,4230.17,grocery,0,0
TXN109621,C1059,728.31,2,0,0,1,916.58,restaurant,1,0
TXN109622,C1532,1346.79,20,0,0,2,1656.06,cash_withdrawal,0,0
TXN109623,C1529,1510.02,5,0,0,1,2416.33,electronics,0,0
TXN109624,C1705,667.4,8,0,0,1,1580.25,jewelry,1,0
TXN109625,C1463,3959.58,7,0,0,3,3979.39,grocery,0,0
TXN109626,C1139,1503.42,13,0,0,3,1982.17,grocery,3,1
TXN109627,C1398,797.22,17,0,0,1,886.27,cash_withdrawal,0,0
TXN109628,C1790,1244.08,11,0,0,3,2043.9,grocery,0,0
TXN109629,C1493,2246.7,2,1,0,1,2345.64,grocery,0,1
TXN109630,C1805,1250.7,11,0,1,1,1128.72,online_services,3,1
TXN109631,C1656,3157.16,22,0,0,1,3678.3,cash_withdrawal,0,0
TXN109632,C1971,3598.66,1,0,0,1,5943.42,grocery,0,1
TXN109633,C1118,7654.47,18,0,0,5,9332.51,travel,0,1
TXN109634,C1998,3886.25,0,0,0,1,3522.85,online_services,0,0
TXN109635,C1182,1568.12,14,0,1,1,1597.06,cash_withdrawal,0,0
TXN109636,C1111,3658.14,21,0,0,1,3176.06,grocery,0,0
TXN109637,C1322,1134.75,5,0,0,1,591.2,restaurant,0,0
TXN109638,C1082,9766.89,23,0,0,1,5242.01,grocery,0,0
TXN109639,C1761,3109.11,11,0,0,2,3484.11,electronics,2,0
TXN109640,C1969,3478.14,14,0,1,2,3397.37,grocery,0,1
TXN109641,C1840,1523.77,18,0,1,1,2125.91,electronics,1,0
TXN109642,C1204,19233.6,1,0,0,3,9995.03,grocery,0,0
TXN109643,C1473,3522.8,2,0,0,2,2442.13,cash_withdrawal,0,0
TXN109644,C1440,1673.65,18,1,0,4,1421.12,travel,0,0
TXN109645,C1696,1661.03,0,0,0,1,3951.49,grocery,0,0
TXN109646,C1979,5379.54,15,0,0,3,1775.08,travel,1,1
TXN109647,C1927,3930.82,22,0,0,1,4435.67,cash_withdrawal,1,0
TXN109648,C1669,10447.25,2,1,1,2,6199.35,online_services,0,1
TXN109649,C1587,1295.41,9,0,0,1,1768.25,online_services,1,0
TXN109650,C1728,1420.52,10,0,0,1,2184.03,jewelry,1,0
TXN109651,C1300,9940.56,7,0,0,3,13466.22,cash_withdrawal,2,0
TXN109652,C1661,13645.62,4,0,0,3,6556.1,cash_withdrawal,0,1
TXN109653,C1581,6832.25,16,0,0,2,6463.25,restaurant,3,0
TXN109654,C1423,3973.43,18,0,0,1,1858.32,online_services,0,0
TXN109655,C1586,1890.79,6,0,0,1,3919.97,cash_withdrawal,0,0
TXN109656,C1878,1903.05,13,0,1,2,2726.34,travel,0,0
TXN109657,C1134,2927.17,19,0,0,2,2205.43,travel,1,0
TXN109658,C1285,2176.67,15,0,0,1,1533.89,cash_withdrawal,0,0
TXN109659,C1118,6392.91,13,0,0,1,5838.51,cash_withdrawal,0,0
TXN109660,C1750,992.35,2,0,0,3,1884.21,online_services,1,0
TXN109661,C1812,14696.51,23,0,0,1,11342.52,online_services,0,0
TXN109662,C1947,6739.23,4,0,0,1,4227.81,restaurant,2,1
TXN109663,C1207,3371.32,9,0,0,3,4899.46,cash_withdrawal,1,0
TXN109664,C1551,2882.92,2,0,0,1,2566.91,electronics,3,0
TXN109665,C1923,10341.65,23,0,0,1,5475.92,cash_withdrawal,0,0
TXN109666,C1072,1573.77,1,0,0,2,1260.3,travel,0,0
TXN109667,C1340,5302.42,1,0,0,2,3281.11,electronics,1,1
TXN109668,C1360,5033.99,17,0,0,1,4130.73,jewelry,1,0
TXN109669,C1625,6643.8,12,0,0,4,5464.51,electronics,0,0
TXN109670,C1701,1117.7,5,0,0,3,1812.66,grocery,2,0
TXN109671,C1479,20180.42,9,0,0,2,14327.78,electronics,1,0
TXN109672,C1994,2623.88,23,0,0,3,7182.86,travel,0,0
TXN109673,C1448,1904.34,8,0,1,3,2001.0,online_services,0,0
TXN109674,C1782,1080.4,7,0,0,1,1297.95,travel,0,0
TXN109675,C1892,1812.55,4,0,0,1,3289.73,restaurant,0,0
TXN109676,C1542,1290.64,1,0,0,3,1162.96,restaurant,0,0
TXN109677,C1882,9314.86,8,0,0,2,6472.64,online_services,1,0
TXN109678,C1445,3834.35,1,0,0,1,4804.43,jewelry,0,0
TXN109679,C1439,4284.74,14,0,0,4,2261.68,electronics,0,0
TXN109680,C1602,2187.21,17,0,0,2,3728.32,electronics,0,0
TXN109681,C1734,6020.72,8,0,0,2,4894.87,travel,0,0
TXN109682,C1953,1738.8,17,0,0,1,1461.02,online_services,0,0
TXN109683,C1199,1064.83,17,0,0,2,1602.94,travel,0,1
TXN109684,C1990,6339.93,5,0,0,3,6207.58,travel,0,0
TXN109685,C1819,1713.0,7,0,0,2,1937.75,restaurant,0,0
TXN109686,C1943,850.19,20,0,0,2,754.88,cash_withdrawal,2,1
TXN109687,C1305,3527.17,12,0,0,4,4146.13,electronics,0,0
TXN109688,C1553,45100.94,1,0,0,3,36842.21,travel,0,0
TXN109689,C1342,1759.15,1,0,1,4,1394.7,restaurant,0,1
TXN109690,C1835,2998.33,14,1,0,1,2085.79,travel,0,0
TXN109691,C1721,3941.32,1,0,0,3,4712.99,restaurant,0,0
TXN109692,C1368,8434.36,14,0,0,2,7236.84,online_services,0,0
TXN109693,C1343,723.58,11,0,0,1,1781.7,grocery,2,0
TXN109694,C1372,1527.74,12,0,0,3,2557.63,electronics,2,1
TXN109695,C1210,3458.97,18,0,0,6,5123.56,electronics,0,0
TXN109696,C1746,3314.88,0,0,0,1,2812.79,online_services,1,0
TXN109697,C1034,2115.43,17,0,0,2,1715.53,travel,0,0
TXN109698,C1923,3446.85,10,1,0,2,1898.48,grocery,0,0
TXN109699,C1043,1667.75,15,0,0,1,3372.86,jewelry,0,0
TXN109700,C1716,2764.32,9,0,0,1,4585.0,jewelry,0,0
TXN109701,C1028,1681.74,21,0,0,3,1432.9,online_services,0,0
TXN109702,C1104,5507.4,7,0,0,2,4191.15,grocery,0,0
TXN109703,C1973,20774.71,2,0,0,4,10042.8,grocery,1,0
TXN109704,C1473,3158.12,16,0,0,3,3277.24,restaurant,1,1
TXN109705,C1097,1121.89,19,0,1,3,862.05,jewelry,0,0
TXN109706,C1019,1123.72,4,0,1,2,2073.73,travel,0,0
TXN109707,C1824,6354.92,9,1,0,3,3234.58,jewelry,0,0
TXN109708,C1965,2002.83,14,0,0,4,715.2,jewelry,0,0
TXN109709,C1398,3927.14,1,0,0,1,2389.03,jewelry,0,0
TXN109710,C1719,5188.59,5,0,0,2,4446.64,electronics,0,0
TXN109711,C1649,1429.48,0,0,0,1,1259.2,restaurant,0,0
TXN109712,C1734,6933.48,19,0,0,4,7416.95,travel,0,0
TXN109713,C1941,11188.29,7,1,0,1,7288.46,travel,0,0
TXN109714,C1837,2425.78,8,0,0,2,1879.51,jewelry,0,0
TXN109715,C1963,3198.76,2,0,0,3,2604.87,jewelry,0,0
TXN109716,C1181,3333.45,0,0,0,2,4287.43,grocery,0,0
TXN109717,C1682,833.41,4,1,0,3,1106.26,electronics,0,1
TXN109718,C1448,5637.05,10,0,0,1,4335.25,cash_withdrawal,0,0
TXN109719,C1812,3404.01,18,0,0,1,1075.17,travel,1,0
TXN109720,C1892,4022.43,1,0,0,1,2657.22,grocery,0,1
TXN109721,C1161,1237.74,13,0,0,3,1857.36,cash_withdrawal,1,1
TXN109722,C1831,3850.22,22,0,1,4,2447.64,grocery,0,0
TXN109723,C1080,2886.23,10,0,0,3,4673.05,grocery,1,0
TXN109724,C1345,3149.0,6,0,0,3,4896.03,cash_withdrawal,0,0
TXN109725,C1736,1524.08,5,0,0,1,1472.54,travel,0,0
TXN109726,C1989,2968.1,20,0,0,2,3546.88,jewelry,0,0
TXN109727,C1702,7051.27,18,0,1,1,8280.78,travel,0,0
TXN109728,C1450,1895.77,20,0,0,4,1932.4,online_services,2,0
TXN109729,C1347,4556.29,1,0,0,1,2599.64,restaurant,0,0
TXN109730,C1289,2947.03,1,0,0,3,2626.06,cash_withdrawal,0,0
TXN109731,C1504,1300.94,3,0,0,2,3420.71,cash_withdrawal,3,0
TXN109732,C1453,2617.81,22,0,0,2,3946.27,electronics,0,1
TXN109733,C1864,2402.18,4,0,0,1,2164.26,restaurant,0,0
TXN109734,C1609,1851.23,17,0,1,1,3698.72,grocery,0,1
TXN109735,C1953,2264.43,11,0,0,1,2482.71,jewelry,0,0
TXN109736,C1760,1300.23,18,0,0,3,1654.28,jewelry,0,0
TXN109737,C1374,7015.11,20,0,0,1,6668.75,grocery,0,0
TXN109738,C1935,5316.5,7,0,0,1,3117.29,jewelry,0,0
TXN109739,C1769,1671.71,2,0,0,1,1483.01,grocery,1,0
TXN109740,C1009,7255.16,12,0,1,2,8768.8,travel,3,0
TXN109741,C1980,2453.04,21,1,1,1,4240.27,online_services,0,1
TXN109742,C1221,7503.49,9,0,0,3,4178.42,cash_withdrawal,0,1
TXN109743,C1738,7703.51,0,0,0,4,4367.74,electronics,0,0
TXN109744,C1706,1062.82,18,0,0,6,1898.9,grocery,0,0
TXN109745,C1003,305.61,8,0,0,5,459.72,travel,0,0
TXN109746,C1129,9404.12,1,0,0,1,5657.66,electronics,0,0
TXN109747,C1438,4279.92,1,0,0,2,3918.93,online_services,0,0
TXN109748,C1626,1269.04,22,0,0,7,1969.91,cash_withdrawal,1,1
TXN109749,C1291,1146.27,2,0,0,4,2825.73,grocery,1,0
TXN109750,C1555,3024.75,9,0,0,1,2829.49,jewelry,0,0
TXN109751,C1628,2332.53,3,0,0,1,3674.92,electronics,1,0
TXN109752,C1669,9572.39,10,0,0,2,7861.35,online_services,0,0
TXN109753,C1631,1619.52,5,0,0,1,1695.48,online_services,0,0
TXN109754,C1367,10762.96,11,1,0,1,8704.96,cash_withdrawal,0,0
TXN109755,C1768,1374.01,7,0,0,1,3662.98,travel,0,0
TXN109756,C1702,2195.7,18,1,0,1,1877.16,travel,2,1
TXN109757,C1150,3431.7,1,0,0,2,5743.04,travel,0,0
TXN109758,C1397,2763.6,2,0,0,3,3022.95,grocery,0,1
TXN109759,C1060,4983.6,13,0,0,4,2990.16,restaurant,0,0
TXN109760,C1583,2067.52,18,0,0,5,2565.46,grocery,0,0
TXN109761,C1659,9406.05,0,1,0,3,7233.46,restaurant,3,0
TXN109762,C1584,1057.75,13,0,0,2,1612.46,cash_withdrawal,0,0
TXN109763,C1560,1002.52,1,0,0,3,1148.88,grocery,0,0
TXN109764,C1559,1688.33,12,0,0,1,3705.27,jewelry,0,0
TXN109765,C1449,15241.61,15,0,0,2,21884.32,travel,0,0
TXN109766,C1045,1017.43,22,0,0,1,712.09,electronics,1,0
TXN109767,C1490,6563.26,16,0,0,3,8053.32,travel,0,0
TXN109768,C1711,1869.85,21,0,1,1,2604.02,electronics,0,0
TXN109769,C1733,2343.42,6,0,0,1,1912.63,jewelry,0,0
TXN109770,C1198,2390.56,18,0,0,1,2578.47,cash_withdrawal,0,0
TXN109771,C1295,9826.4,9,0,0,2,9251.83,online_services,0,0
TXN109772,C1715,4897.38,11,0,0,1,3418.27,cash_withdrawal,1,0
TXN109773,C1230,3847.28,0,0,0,2,4544.04,grocery,0,0
TXN109774,C1402,4094.27,15,0,0,4,5209.31,restaurant,0,0
TXN109775,C1386,3308.97,5,0,0,1,3082.72,travel,1,0
TXN109776,C1335,1726.96,0,0,0,2,1973.37,electronics,0,0
TXN109777,C1164,5243.58,20,0,0,3,7772.08,travel,0,0
TXN109778,C1848,13263.92,0,1,0,3,10263.35,grocery,0,1
TXN109779,C1505,5384.48,6,0,0,2,2616.19,restaurant,0,0
TXN109780,C1320,23153.01,8,0,0,1,18290.0,electronics,1,0
TXN109781,C1920,2685.61,12,0,0,2,1968.05,electronics,0,0
TXN109782,C1292,548.53,3,0,0,2,650.6,restaurant,1,0
TXN109783,C1550,5737.55,8,0,0,4,6077.9,electronics,0,0
TXN109784,C1596,3454.77,1,0,1,2,2784.86,jewelry,0,0
TXN109785,C1191,2972.89,21,0,0,3,1676.09,online_services,0,0
TXN109786,C1719,1125.84,4,0,0,1,1679.08,electronics,0,0
TXN109787,C1808,1353.89,7,0,0,1,1399.89,travel,0,0
TXN109788,C1338,971.57,3,0,0,3,1934.35,grocery,0,0
TXN109789,C1015,1866.61,23,1,1,2,2033.77,cash_withdrawal,0,1
TXN109790,C1032,1288.63,18,0,0,3,1239.72,grocery,0,0
TXN109791,C1658,7910.48,13,0,0,2,9821.63,cash_withdrawal,0,0
TXN109792,C1693,1634.72,1,0,1,1,1294.76,travel,0,0
TXN109793,C1250,1880.92,0,0,0,3,2368.36,jewelry,0,0
TXN109794,C1782,3698.13,17,0,0,3,2594.78,online_services,2,0
TXN109795,C1935,3840.26,13,0,0,2,7177.34,online_services,3,0
TXN109796,C1259,10982.03,7,0,0,3,3147.41,grocery,2,1
TXN109797,C1155,7670.78,3,0,0,2,7906.36,grocery,0,0
TXN109798,C1393,6990.02,12,0,1,1,4741.73,restaurant,2,0
TXN109799,C1225,11167.25,4,0,0,1,9359.39,online_services,1,0
TXN109800,C1949,3440.28,0,0,1,2,4361.13,travel,0,0
TXN109801,C1917,3119.91,21,0,1,2,6702.37,travel,0,0
TXN109802,C1980,3688.56,14,0,0,1,4124.4,travel,1,0
TXN109803,C1772,2739.07,18,0,0,5,2453.65,online_services,0,0
TXN109804,C1808,5023.39,17,0,0,4,4679.25,restaurant,0,0
TXN109805,C1331,1673.41,18,0,0,1,3470.88,cash_withdrawal,0,0
TXN109806,C1190,402.8,2,0,1,1,1465.65,electronics,0,0
TXN109807,C1607,1516.26,23,0,0,1,1718.54,online_services,0,0
TXN109808,C1789,740.21,13,0,0,3,1368.78,travel,0,0
TXN109809,C1171,1709.0,12,0,0,1,1485.69,grocery,0,0
TXN109810,C1236,1220.25,7,0,0,2,1267.21,restaurant,0,0
TXN109811,C1687,1639.96,5,0,0,4,2012.27,cash_withdrawal,2,0
TXN109812,C1008,2570.65,22,0,0,1,2946.6,electronics,0,0
TXN109813,C1468,2434.08,11,0,0,1,3740.35,travel,0,0
TXN109814,C1533,2906.1,5,0,0,4,3074.35,grocery,2,0
TXN109815,C1261,2681.88,14,0,0,2,5263.36,restaurant,3,0
TXN109816,C1911,3135.47,0,0,0,1,4392.91,jewelry,0,0
TXN109817,C1610,3373.81,4,0,0,1,2559.65,grocery,1,0
TXN109818,C1929,10743.56,14,0,0,4,9128.73,grocery,0,0
TXN109819,C1093,655.03,11,0,0,2,1891.62,cash_withdrawal,0,0
TXN109820,C1165,27092.96,7,0,1,1,14814.69,jewelry,1,0
TXN109821,C1769,9660.41,17,0,0,2,5148.94,grocery,0,0
TXN109822,C1185,2225.94,6,0,0,3,3551.51,restaurant,0,0
TXN109823,C1717,1090.05,5,0,0,1,1616.24,grocery,0,0
TXN109824,C1662,1165.54,19,0,0,1,1853.67,jewelry,0,0
TXN109825,C1676,9772.51,5,0,0,1,6507.41,grocery,0,0
TXN109826,C1361,3100.83,16,0,0,2,3937.63,cash_withdrawal,0,0
TXN109827,C1127,2399.73,16,0,0,3,3626.37,online_services,0,0
TXN109828,C1931,2194.86,15,0,0,2,1885.87,jewelry,3,0
TXN109829,C1004,3857.37,21,0,0,1,5677.62,travel,0,0
TXN109830,C1579,1414.84,3,0,0,2,2781.46,restaurant,2,0
TXN109831,C1108,855.1,3,0,0,2,1048.72,online_services,0,0
TXN109832,C1447,1308.52,6,0,0,1,1646.34,online_services,0,0
TXN109833,C1380,934.07,10,0,0,3,1653.71,online_services,0,0
TXN109834,C1563,931.39,2,0,1,2,1493.14,jewelry,0,0
TXN109835,C1602,2249.32,10,0,0,3,1999.29,online_services,0,0
TXN109836,C1767,2029.32,14,0,0,1,1238.63,jewelry,0,0
TXN109837,C1996,1301.61,15,0,0,2,2484.91,electronics,0,0
TXN109838,C1720,2652.93,22,0,0,3,1606.11,grocery,0,0
TXN109839,C1390,2677.21,17,0,0,2,2988.51,online_services,0,0
TXN109840,C1045,507.78,22,0,0,1,1642.3,grocery,0,0
TXN109841,C1768,1434.39,10,0,0,4,2046.35,electronics,0,0
TXN109842,C1490,1710.93,17,1,0,1,1625.45,cash_withdrawal,0,0
TXN109843,C1827,5816.24,22,0,0,1,5966.77,online_services,2,0
TXN109844,C1878,4194.28,6,0,0,3,2767.47,grocery,0,0
TXN109845,C1560,2001.09,12,0,0,2,1878.66,online_services,2,0
TXN109846,C1965,7409.29,4,0,1,5,4399.94,online_services,0,1
TXN109847,C1930,1048.97,18,1,0,2,1390.2,restaurant,0,1
TXN109848,C1920,8881.97,5,0,0,3,6299.37,cash_withdrawal,1,1
TXN109849,C1521,887.56,8,0,0,3,2259.54,travel,0,0
TXN109850,C1984,1503.83,9,0,0,3,1870.85,cash_withdrawal,0,0
TXN109851,C1054,4291.99,21,0,0,1,3537.65,grocery,0,0
TXN109852,C1526,14957.12,4,0,0,1,14635.5,electronics,0,1
TXN109853,C1739,4042.97,15,0,0,1,1689.71,electronics,0,0
TXN109854,C1001,2781.85,1,1,0,3,3863.03,electronics,0,0
TXN109855,C1564,1044.12,6,0,0,4,1320.16,online_services,0,0
TXN109856,C1301,6061.78,17,0,0,4,4611.19,electronics,0,0
TXN109857,C1640,2236.6,7,0,0,3,1702.02,electronics,0,0
TXN109858,C1678,5516.28,4,0,0,2,4026.93,grocery,2,0
TXN109859,C1258,6357.24,2,0,0,2,3347.27,travel,1,0
TXN109860,C1285,2519.85,15,0,0,2,1555.83,travel,0,0
TXN109861,C1670,1927.23,6,1,0,3,1857.5,jewelry,0,1
TXN109862,C1134,2857.7,23,0,0,1,2542.73,cash_withdrawal,2,0
TXN109863,C1537,4878.43,23,0,0,4,3576.61,grocery,1,0
TXN109864,C1067,4834.6,13,0,0,2,3641.98,travel,2,0
TXN109865,C1591,1683.76,19,1,0,3,2172.59,jewelry,0,1
TXN109866,C1200,9056.83,22,1,1,1,10490.59,grocery,0,1
TXN109867,C1689,5127.89,4,0,0,4,4547.56,jewelry,0,1
TXN109868,C1642,3733.2,23,0,0,2,1919.31,grocery,0,0
TXN109869,C1130,1404.25,1,0,0,2,2427.16,jewelry,1,1
TXN109870,C1212,2884.29,1,0,0,1,3565.86,travel,0,0
TXN109871,C1959,1782.52,22,0,0,2,2839.13,jewelry,0,0
TXN109872,C1152,1200.34,7,0,0,1,1640.03,cash_withdrawal,0,0
TXN109873,C1134,2248.17,4,0,0,2,2905.7,jewelry,0,0
TXN109874,C1449,10521.44,15,0,0,3,11517.95,travel,0,0
TXN109875,C1870,1371.86,4,0,0,2,2325.31,jewelry,1,1
TXN109876,C1896,989.87,3,0,0,1,2897.71,electronics,0,0
TXN109877,C1381,2082.39,22,0,0,3,1746.76,electronics,0,0
TXN109878,C1042,5659.05,4,0,0,1,3298.06,online_services,0,0
TXN109879,C1095,2374.62,13,0,0,1,2165.67,travel,3,0
TXN109880,C1907,4005.86,1,0,1,1,3628.56,restaurant,2,0
TXN109881,C1259,6513.85,12,0,0,2,6735.4,electronics,1,1
TXN109882,C1002,3885.97,21,0,0,1,5897.03,cash_withdrawal,1,0
TXN109883,C1058,1839.0,11,0,0,1,3254.9,jewelry,0,0
TXN109884,C1812,2133.48,19,0,0,1,1292.49,electronics,0,0
TXN109885,C1957,1680.05,14,0,0,3,1735.65,restaurant,0,0
TXN109886,C1470,5660.47,11,0,0,2,3317.73,restaurant,0,0
TXN109887,C1924,1072.94,18,0,0,1,811.6,grocery,1,0
TXN109888,C1625,3213.27,17,0,0,2,2268.19,electronics,0,0
TXN109889,C1135,1358.86,2,0,0,2,1877.87,jewelry,2,0
TXN109890,C1023,1767.31,20,0,0,3,2099.64,electronics,0,0
TXN109891,C1612,4925.87,2,1,0,2,4968.76,restaurant,0,0
TXN109892,C1699,1953.33,21,0,0,5,2768.63,jewelry,1,0
TXN109893,C1075,2915.64,15,0,0,2,3780.44,travel,1,0
TXN109894,C1387,2932.41,19,0,0,6,2954.24,grocery,0,0
TXN109895,C1881,910.53,5,0,0,3,578.33,online_services,0,0
TXN109896,C1767,2916.21,16,0,0,3,3814.76,electronics,2,0
TXN109897,C1122,3385.56,0,0,0,1,2059.36,travel,0,0
TXN109898,C1253,9860.04,23,0,0,3,9080.01,online_services,0,0
TXN109899,C1840,3603.45,8,0,0,1,3511.59,grocery,0,0
TXN109900,C1634,6148.14,12,0,0,4,6580.19,restaurant,3,0
TXN109901,C1166,6719.88,4,0,0,2,9212.73,online_services,1,0
TXN109902,C1083,5670.17,6,0,0,4,3777.54,grocery,0,0
TXN109903,C1429,200.35,15,0,0,1,423.09,grocery,0,0
TXN109904,C1513,1646.32,1,0,0,1,3084.64,travel,0,0
TXN109905,C1415,642.19,17,0,0,1,988.09,travel,0,0
TXN109906,C1992,8589.47,13,0,0,2,12377.51,cash_withdrawal,0,0
TXN109907,C1992,2474.76,12,0,0,1,2181.98,restaurant,0,0
TXN109908,C1976,1188.3,1,0,0,3,2698.28,restaurant,0,1
TXN109909,C1239,1842.96,22,0,0,2,1787.47,restaurant,0,0
TXN109910,C1952,2747.43,4,0,0,2,3652.15,grocery,3,0
TXN109911,C1584,2919.28,16,0,1,1,5266.93,cash_withdrawal,0,0
TXN109912,C1403,3015.43,11,0,0,1,2182.19,travel,0,0
TXN109913,C1061,11563.55,9,0,0,1,7584.63,online_services,0,0
TXN109914,C1293,788.75,8,0,0,4,926.25,travel,1,1
TXN109915,C1671,3183.57,1,0,0,1,4054.23,restaurant,1,0
TXN109916,C1988,6336.88,13,0,0,4,7217.5,restaurant,2,0
TXN109917,C1201,2485.44,21,0,0,1,3046.71,travel,1,1
TXN109918,C1619,2835.83,6,0,0,6,2077.14,jewelry,0,0
TXN109919,C1230,1589.61,18,0,0,3,2598.9,restaurant,1,1
TXN109920,C1352,1876.1,0,0,0,5,1770.04,travel,0,1
TXN109921,C1662,3932.56,19,0,0,5,6742.58,restaurant,0,0
TXN109922,C1171,1620.81,14,0,0,2,1415.9,electronics,0,0
TXN109923,C1132,3900.45,5,0,0,2,2292.48,restaurant,0,0
TXN109924,C1137,805.23,13,0,1,1,807.57,cash_withdrawal,1,0
TXN109925,C1120,3563.54,2,0,0,3,3454.62,travel,0,1
TXN109926,C1991,2905.47,4,0,0,1,2449.4,travel,0,0
TXN109927,C1221,3695.13,13,0,0,1,8080.73,jewelry,0,0
TXN109928,C1140,3240.12,23,0,0,4,5267.15,travel,0,0
TXN109929,C1963,2812.3,20,0,0,2,2691.86,online_services,0,0
TXN109930,C1712,1601.45,10,0,0,2,964.33,travel,0,0
TXN109931,C1689,1686.75,4,0,0,3,1657.37,grocery,0,1
TXN109932,C1695,1457.17,16,1,0,4,3549.18,cash_withdrawal,0,0
TXN109933,C1525,4932.3,20,0,0,3,5874.61,grocery,0,0
TXN109934,C1546,2546.73,23,0,0,4,4296.07,restaurant,3,1
TXN109935,C1971,2798.96,19,0,0,1,3709.51,jewelry,3,0
TXN109936,C1632,2456.96,3,0,0,2,1058.67,jewelry,1,0
TXN109937,C1637,6827.44,13,0,0,1,4525.05,electronics,0,0
TXN109938,C1654,2404.4,7,0,0,1,1597.22,jewelry,0,0
TXN109939,C1318,4213.49,22,0,0,3,2578.35,grocery,0,1
TXN109940,C1673,2602.92,19,0,0,2,3269.29,online_services,0,0
TXN109941,C1699,2614.47,12,0,0,2,2407.22,travel,0,0
TXN109942,C1225,2566.21,6,0,0,3,1980.09,online_services,0,0
TXN109943,C1346,2574.75,7,0,0,1,2445.48,electronics,0,0
TXN109944,C1737,3360.92,9,0,0,2,5366.73,restaurant,0,0
TXN109945,C1997,942.81,5,0,0,2,1059.2,travel,0,0
TXN109946,C1682,1733.57,1,0,0,2,678.92,travel,1,1
TXN109947,C1544,967.59,7,0,0,1,746.98,electronics,0,0
TXN109948,C1251,2123.74,8,0,0,1,3821.24,electronics,0,0
TXN109949,C1972,5919.57,1,0,0,1,7884.17,cash_withdrawal,0,0
TXN109950,C1706,4736.48,7,0,0,3,4531.25,grocery,1,0
TXN109951,C1080,5216.21,22,0,0,1,2260.62,cash_withdrawal,0,0
TXN109952,C1374,2163.51,21,0,1,2,2178.9,online_services,0,0
TXN109953,C1511,3513.01,12,0,0,2,1774.71,grocery,1,0
TXN109954,C1382,2500.11,23,0,0,1,2408.44,travel,1,1
TXN109955,C1378,1126.06,14,1,0,3,1572.91,cash_withdrawal,0,0
TXN109956,C1745,18555.08,12,0,0,1,24514.04,jewelry,0,0
TXN109957,C1577,1955.73,21,0,0,2,4976.91,travel,0,0
TXN109958,C1511,1860.14,10,0,0,1,1156.96,cash_withdrawal,2,0
TXN109959,C1464,4392.19,12,0,0,3,4729.34,online_services,0,0
TXN109960,C1729,2081.35,23,0,0,3,1113.25,cash_withdrawal,0,0
TXN109961,C1274,4116.88,23,1,0,1,2179.96,cash_withdrawal,0,0
TXN109962,C1965,1952.41,20,0,0,1,2476.89,travel,0,0
TXN109963,C1969,5104.82,6,0,0,1,3376.72,travel,0,0
TXN109964,C1990,2337.15,7,0,0,2,2164.34,restaurant,0,0
TXN109965,C1379,4490.94,18,0,0,3,3514.19,restaurant,0,0
TXN109966,C1877,2953.81,8,0,1,1,2473.74,restaurant,0,0
TXN109967,C1395,1896.7,23,0,0,1,1455.79,online_services,0,0
TXN109968,C1795,1785.13,16,0,0,2,2459.22,restaurant,0,0
TXN109969,C1985,2374.79,2,0,0,1,1213.14,restaurant,0,0
TXN109970,C1213,6616.41,8,0,0,1,3031.4,electronics,0,0
TXN109971,C1080,11384.54,5,0,0,3,9677.22,travel,2,0
TXN109972,C1292,4119.35,11,0,0,1,6591.28,grocery,1,0
TXN109973,C1548,3629.08,22,0,0,3,1948.12,grocery,0,0
TXN109974,C1586,800.27,10,0,0,1,318.25,cash_withdrawal,0,0
TXN109975,C1959,40370.9,19,0,0,3,13599.51,travel,0,1
TXN109976,C1520,8194.48,2,0,0,2,4275.75,cash_withdrawal,0,0
TXN109977,C1349,3913.52,5,0,0,1,6006.98,cash_withdrawal,2,0
TXN109978,C1408,3470.41,19,0,0,1,1676.79,electronics,0,0
TXN109979,C1330,6667.56,11,0,0,3,5327.08,online_services,2,0
TXN109980,C1390,2114.93,12,0,0,1,2355.79,travel,2,0
TXN109981,C1864,6561.56,14,0,0,4,7880.36,electronics,0,0
TXN109982,C1115,15545.83,7,0,0,3,11604.32,grocery,0,0
TXN109983,C1464,3707.53,8,0,0,2,5087.32,electronics,0,0
TXN109984,C1245,2812.85,11,0,1,1,2644.73,cash_withdrawal,0,0
TXN109985,C1734,926.02,18,0,0,1,1088.9,grocery,0,0
TXN109986,C1272,2049.48,5,0,0,3,2034.81,restaurant,1,1
TXN109987,C1125,8087.75,9,0,0,1,4565.97,grocery,0,0
TXN109988,C1683,10077.53,8,1,0,4,10027.74,jewelry,0,0
TXN109989,C1557,1958.21,18,1,0,1,2848.77,electronics,2,0
TXN109990,C1253,1539.52,5,0,1,1,1166.09,restaurant,1,1
TXN109991,C1836,455.98,3,0,0,1,884.82,travel,1,0
TXN109992,C1795,3698.74,10,0,0,2,4626.44,travel,0,0
TXN109993,C1218,514.9,22,0,0,2,725.17,cash_withdrawal,0,0
TXN109994,C1057,1831.91,14,0,0,2,3453.03,online_services,0,0
TXN109995,C1422,2464.36,7,0,0,2,1766.1,jewelry,0,0
TXN109996,C1788,809.11,14,0,0,1,554.53,electronics,0,0
TXN109997,C1106,4086.27,21,0,0,3,5669.48,grocery,0,0
TXN109998,C1030,942.52,17,0,0,1,1410.31,jewelry,0,0
TXN109999,C1702,1286.63,23,0,1,1,2056.72,grocery,1,0
TXN110000,C1507,5775.99,16,0,0,3,4903.4,cash_withdrawal,0,0
